{"solver": ["elitist", "elitist", "elitist", "elitist", "elitist", "elitist", "elitist", "elitist", "elitist", "elitist"], "size": [537600, 537600, 537600, 537600, 537600, 537600, 537600, 537600, 537600, 537600], "times": [4.246564865112305, 3.445266008377075, 4.051107168197632, 5.327591419219971, 4.934054613113403, 4.727797031402588, 10.641862154006958, 14.427388429641724, 6.287054061889648, 7.281494617462158], "bests": [491.0, 491.0, 491.0, 515.0, 491.0, 510.0, 491.0, 491.0, 491.0, 491.0], "avg_fits": [[885.04, 839.875, 746.375, 701.5833333333334, 668.75, 636.2083333333334, 643.9583333333334, 637.4583333333334, 625.5416666666666, 642.0416666666666, 641.0833333333334, 619.1666666666666, 617.0416666666666, 626.25, 645.5416666666666, 648.25, 694.0833333333334, 683.625, 656.9166666666666, 632.0416666666666, 618.2916666666666, 613.8333333333334, 627.0833333333334, 647.9583333333334], [959.52, 852.75, 764.875, 715.3333333333334, 671.875, 661.875, 645.4166666666666, 661.4583333333334, 670.5, 652.5416666666666, 674.9166666666666, 657.25, 659.6666666666666, 643.9166666666666, 644.9166666666666, 618.5416666666666, 639.4583333333334, 636.3333333333334, 640.375], [909.24, 770.7083333333334, 760.75, 717.0, 684.9166666666666, 683.0416666666666, 691.5, 664.2916666666666, 664.5833333333334, 633.5, 654.25, 635.9166666666666, 649.25, 621.3333333333334, 626.9166666666666, 634.3333333333334, 659.0, 673.0833333333334, 679.4583333333334, 654.0833333333334, 631.5833333333334, 607.4583333333334], [992.6, 899.125, 802.7916666666666, 783.1666666666666, 746.8333333333334, 708.7083333333334, 699.375, 701.3333333333334, 687.8333333333334, 680.375, 668.1666666666666, 644.3333333333334, 634.5416666666666, 647.5, 639.75, 610.5833333333334, 619.2916666666666, 667.7916666666666, 674.2916666666666, 677.5833333333334, 705.0, 663.3333333333334, 661.4166666666666, 638.4583333333334], [925.16, 847.0416666666666, 787.9583333333334, 734.625, 701.0, 662.875, 657.75, 679.5, 643.0, 608.2083333333334, 651.7083333333334, 625.4583333333334, 651.75, 620.0416666666666, 604.625, 614.9166666666666, 614.0, 605.0416666666666, 604.6666666666666, 608.375], [894.88, 801.4166666666666, 740.2083333333334, 712.75, 676.9166666666666, 642.2916666666666, 694.2083333333334, 691.75, 651.375, 640.7083333333334, 625.25, 644.2916666666666, 670.625, 646.875, 611.75], [1000.56, 908.0416666666666, 816.3333333333334, 763.2916666666666, 727.2083333333334, 692.625, 677.1666666666666, 621.1666666666666, 619.6666666666666, 623.1666666666666, 600.875, 640.125, 647.375, 658.9166666666666, 623.4166666666666, 633.2083333333334, 661.8333333333334, 623.625, 628.5833333333334, 674.2916666666666, 657.5, 629.4583333333334, 611.1666666666666, 623.8333333333334, 626.1666666666666, 629.0833333333334, 620.9583333333334, 630.375, 587.3333333333334, 612.2916666666666, 632.375, 626.5833333333334, 614.7083333333334, 588.8333333333334], [937.08, 817.4583333333334, 787.9583333333334, 756.3333333333334, 721.4166666666666, 697.4583333333334, 663.0416666666666, 645.75, 670.625, 692.125, 681.5, 641.6666666666666, 648.5, 636.8333333333334, 641.6666666666666, 619.2083333333334, 621.5, 643.1666666666666, 627.0416666666666, 608.125, 611.625, 649.0, 651.4583333333334, 606.375, 602.375, 668.4583333333334, 662.8333333333334, 628.9166666666666, 639.0833333333334, 652.2916666666666, 639.4583333333334, 663.875, 636.7083333333334, 644.1666666666666, 644.7916666666666, 620.6666666666666, 615.9583333333334, 657.7083333333334, 647.1666666666666], [947.76, 847.4166666666666, 786.3333333333334, 742.0833333333334, 712.0416666666666, 716.875, 678.5833333333334, 698.875, 651.875, 628.5833333333334, 625.8333333333334, 589.7083333333334, 606.125, 595.75, 603.625, 672.5416666666666, 635.75, 605.9583333333334, 617.7083333333334, 627.9583333333334, 639.4166666666666, 621.625, 622.4166666666666], [978.8, 887.6666666666666, 814.4583333333334, 726.625, 682.7916666666666, 702.625, 670.2083333333334, 680.1666666666666, 709.1666666666666, 698.6666666666666, 681.375, 680.7916666666666, 682.625, 639.7083333333334, 643.2916666666666, 615.9583333333334, 622.375, 644.3333333333334, 617.0833333333334, 633.3333333333334, 630.375, 629.2083333333334, 652.9166666666666, 661.5833333333334, 661.2083333333334, 650.0416666666666, 644.0, 622.4583333333334]], "min_fits": [[626.0, 626.0, 587.0, 523.0, 509.0, 509.0, 509.0, 509.0, 504.0, 504.0, 496.0, 496.0, 496.0, 491.0, 491.0, 491.0, 491.0, 491.0, 491.0, 491.0, 491.0, 491.0, 491.0, 491.0], [688.0, 630.0, 523.0, 523.0, 523.0, 523.0, 523.0, 523.0, 491.0, 491.0, 491.0, 491.0, 491.0, 491.0, 491.0, 491.0, 491.0, 491.0, 491.0], [632.0, 529.0, 529.0, 529.0, 523.0, 523.0, 523.0, 523.0, 523.0, 510.0, 510.0, 491.0, 491.0, 491.0, 491.0, 491.0, 491.0, 491.0, 491.0, 491.0, 491.0, 491.0], [724.0, 723.0, 663.0, 634.0, 576.0, 553.0, 547.0, 547.0, 547.0, 547.0, 547.0, 528.0, 528.0, 515.0, 515.0, 515.0, 515.0, 515.0, 515.0, 515.0, 515.0, 515.0, 515.0, 515.0], [663.0, 651.0, 575.0, 565.0, 565.0, 523.0, 504.0, 504.0, 504.0, 491.0, 491.0, 491.0, 491.0, 491.0, 491.0, 491.0, 491.0, 491.0, 491.0, 491.0], [628.0, 611.0, 574.0, 542.0, 510.0, 510.0, 510.0, 510.0, 510.0, 510.0, 510.0, 510.0, 510.0, 510.0, 510.0], [744.0, 728.0, 615.0, 528.0, 528.0, 515.0, 515.0, 509.0, 509.0, 509.0, 504.0, 504.0, 504.0, 504.0, 504.0, 504.0, 497.0, 497.0, 497.0, 497.0, 496.0, 496.0, 496.0, 491.0, 491.0, 491.0, 491.0, 491.0, 491.0, 491.0, 491.0, 491.0, 491.0, 491.0], [675.0, 621.0, 621.0, 587.0, 582.0, 548.0, 523.0, 523.0, 523.0, 523.0, 523.0, 523.0, 523.0, 521.0, 515.0, 510.0, 510.0, 510.0, 496.0, 496.0, 496.0, 496.0, 496.0, 496.0, 496.0, 496.0, 496.0, 496.0, 491.0, 491.0, 491.0, 491.0, 491.0, 491.0, 491.0, 491.0, 491.0, 491.0, 491.0], [741.0, 601.0, 589.0, 543.0, 543.0, 536.0, 523.0, 523.0, 510.0, 510.0, 510.0, 510.0, 491.0, 491.0, 491.0, 491.0, 491.0, 491.0, 491.0, 491.0, 491.0, 491.0, 491.0], [666.0, 666.0, 628.0, 555.0, 555.0, 547.0, 515.0, 515.0, 510.0, 510.0, 510.0, 510.0, 508.0, 508.0, 503.0, 496.0, 496.0, 491.0, 491.0, 491.0, 491.0, 491.0, 491.0, 491.0, 491.0, 491.0, 491.0, 491.0]], "max_fits": [[1118.0, 1135.0, 1097.0, 1072.0, 931.0, 829.0, 877.0, 888.0, 859.0, 985.0, 1122.0, 805.0, 767.0, 799.0, 1053.0, 932.0, 958.0, 1114.0, 893.0, 855.0, 878.0, 781.0, 905.0, 822.0], [1243.0, 1116.0, 1045.0, 1009.0, 870.0, 1025.0, 857.0, 936.0, 1031.0, 929.0, 922.0, 847.0, 956.0, 908.0, 896.0, 879.0, 764.0, 789.0, 916.0], [1295.0, 992.0, 1000.0, 921.0, 876.0, 872.0, 1066.0, 961.0, 929.0, 800.0, 885.0, 913.0, 947.0, 862.0, 911.0, 848.0, 1152.0, 866.0, 1068.0, 942.0, 965.0, 946.0], [1291.0, 1125.0, 936.0, 959.0, 969.0, 1043.0, 918.0, 994.0, 878.0, 904.0, 874.0, 812.0, 900.0, 1060.0, 887.0, 751.0, 871.0, 974.0, 816.0, 853.0, 947.0, 960.0, 957.0, 850.0], [1223.0, 1159.0, 1210.0, 1022.0, 1072.0, 840.0, 817.0, 1128.0, 845.0, 821.0, 913.0, 878.0, 889.0, 931.0, 787.0, 940.0, 853.0, 847.0, 884.0, 968.0], [1208.0, 996.0, 972.0, 1049.0, 886.0, 763.0, 991.0, 939.0, 853.0, 910.0, 857.0, 848.0, 923.0, 979.0, 914.0], [1254.0, 1104.0, 994.0, 1021.0, 922.0, 1025.0, 956.0, 842.0, 821.0, 900.0, 897.0, 824.0, 984.0, 1080.0, 930.0, 888.0, 920.0, 782.0, 814.0, 998.0, 844.0, 948.0, 810.0, 810.0, 774.0, 822.0, 876.0, 897.0, 801.0, 965.0, 930.0, 783.0, 770.0, 765.0], [1193.0, 1038.0, 1075.0, 957.0, 881.0, 916.0, 859.0, 856.0, 956.0, 917.0, 867.0, 894.0, 799.0, 910.0, 864.0, 804.0, 977.0, 829.0, 952.0, 955.0, 796.0, 917.0, 958.0, 774.0, 860.0, 1147.0, 1080.0, 990.0, 1005.0, 864.0, 941.0, 930.0, 899.0, 933.0, 815.0, 772.0, 755.0, 902.0, 955.0], [1126.0, 1118.0, 1029.0, 1083.0, 866.0, 1131.0, 954.0, 888.0, 1000.0, 968.0, 910.0, 745.0, 740.0, 806.0, 761.0, 907.0, 917.0, 901.0, 843.0, 866.0, 960.0, 814.0, 960.0], [1247.0, 1201.0, 1113.0, 1009.0, 895.0, 957.0, 846.0, 1137.0, 1023.0, 1151.0, 1090.0, 870.0, 1033.0, 897.0, 881.0, 1038.0, 993.0, 872.0, 835.0, 891.0, 877.0, 814.0, 868.0, 951.0, 908.0, 839.0, 804.0, 829.0]], "items_0": [[574.0, 565.0, 565.0, 561.0, 523.0, 496.0, 496.0, 491.0, 491.0, 491.0]],