{"solver": ["elitist", "elitist", "elitist", "elitist", "elitist", "elitist", "elitist", "elitist", "elitist", "elitist"], "times": [3.962695360183716, 4.7883875370025635, 6.604330062866211, 6.792116165161133, 4.713324069976807, 4.723165273666382, 3.0346786975860596, 4.730648756027222, 6.784232139587402, 4.063859462738037], "bests": [510.0, 491.0, 491.0, 491.0, 491.0, 491.0, 504.0, 491.0, 491.0, 504.0], "avg_fits": [[919.84, 811.0416666666666, 751.2916666666666, 723.5, 704.75, 683.0833333333334, 638.25, 635.7083333333334, 660.125, 640.3333333333334, 658.125, 607.5, 617.0416666666666, 631.75, 659.0, 629.875, 642.2083333333334], [887.52, 808.7083333333334, 721.3333333333334, 696.0833333333334, 721.3333333333334, 671.0, 664.4583333333334, 657.0, 691.5833333333334, 629.5833333333334, 627.4583333333334, 629.9583333333334, 576.875, 680.625, 620.75, 611.4166666666666, 625.0833333333334, 588.0416666666666, 578.7083333333334, 594.7916666666666, 606.9166666666666, 596.9583333333334, 587.0], [953.88, 822.4583333333334, 770.7916666666666, 727.2083333333334, 658.8333333333334, 666.0833333333334, 662.5833333333334, 645.2083333333334, 609.75, 630.4583333333334, 602.8333333333334, 676.4583333333334, 678.9583333333334, 687.7083333333334, 689.8333333333334, 653.2916666666666, 633.8333333333334, 641.2083333333334, 614.75, 635.7083333333334, 613.0416666666666, 649.1666666666666, 603.9583333333334, 601.0416666666666, 625.875, 615.9166666666666, 621.7083333333334, 632.0, 628.5416666666666, 613.1666666666666, 607.5, 619.4166666666666, 578.8333333333334], [914.04, 815.7916666666666, 765.9583333333334, 712.9583333333334, 677.25, 715.2083333333334, 623.0416666666666, 647.625, 618.3333333333334, 642.2916666666666, 627.25, 628.9166666666666, 626.0, 622.8333333333334, 656.8333333333334, 626.9166666666666, 631.7916666666666, 640.8333333333334, 637.4166666666666, 630.9583333333334, 640.5, 595.5416666666666, 662.9583333333334, 620.8333333333334, 679.0833333333334, 650.2916666666666, 627.5, 656.2916666666666, 604.9166666666666, 629.2083333333334, 638.0416666666666, 679.1666666666666, 653.8333333333334, 646.8333333333334, 620.8333333333334], [963.88, 839.9583333333334, 758.5, 715.875, 708.375, 668.9166666666666, 629.5, 654.7083333333334, 666.25, 695.9583333333334, 643.5833333333334, 607.9166666666666, 656.875, 659.8333333333334, 646.6666666666666, 641.4583333333334, 633.5416666666666, 614.375, 656.5, 610.875, 622.0833333333334, 607.0416666666666], [928.32, 849.25, 752.9166666666666, 706.6666666666666, 685.5416666666666, 653.5416666666666, 642.6666666666666, 634.7083333333334, 650.7083333333334, 628.1666666666666, 607.3333333333334, 621.5833333333334, 604.3333333333334, 609.4166666666666, 608.8333333333334, 638.375, 619.9583333333334, 634.7916666666666, 621.125, 618.0833333333334, 619.375, 656.7083333333334, 608.625], [960.8, 809.4583333333334, 726.25, 698.0, 651.625, 659.5833333333334, 657.6666666666666, 679.6666666666666, 655.9166666666666, 655.0416666666666, 588.4583333333334, 596.2083333333334, 660.1666666666666, 637.25, 672.9583333333334], [953.4, 851.375, 769.5416666666666, 719.8333333333334, 693.0416666666666, 698.4166666666666, 682.3333333333334, 687.375, 669.125, 657.6666666666666, 629.4583333333334, 630.75, 616.9583333333334, 623.2916666666666, 647.5833333333334, 626.2916666666666, 655.9583333333334, 612.8333333333334, 617.9166666666666, 609.5416666666666, 602.75, 621.375, 660.1666666666666, 606.875], [968.36, 834.375, 800.5416666666666, 764.0416666666666, 723.4166666666666, 694.7916666666666, 689.7083333333334, 655.0, 670.0, 667.5, 693.9166666666666, 716.4166666666666, 667.5416666666666, 654.1666666666666, 613.3333333333334, 594.4583333333334, 624.2083333333334, 655.6666666666666, 623.2916666666666, 639.1666666666666, 652.0, 637.0416666666666, 647.2083333333334, 622.75, 655.3333333333334, 618.8333333333334, 594.4166666666666, 606.9166666666666, 580.5, 588.1666666666666, 636.6666666666666, 645.5833333333334], [951.36, 795.3333333333334, 763.9583333333334, 745.5416666666666, 699.375, 695.25, 682.7916666666666, 648.5, 653.7916666666666, 671.9583333333334, 661.125, 641.5833333333334, 622.1666666666666, 629.9166666666666, 630.4583333333334, 652.625, 656.5416666666666, 630.2916666666666, 598.2916666666666, 619.3333333333334, 621.0833333333334, 625.375]], "min_fits": [[633.0, 633.0, 597.0, 579.0, 551.0, 551.0, 510.0, 510.0, 510.0, 510.0, 510.0, 510.0, 510.0, 510.0, 510.0, 510.0, 510.0], [609.0, 609.0, 609.0, 541.0, 541.0, 541.0, 536.0, 536.0, 515.0, 510.0, 496.0, 496.0, 491.0, 491.0, 491.0, 491.0, 491.0, 491.0, 491.0, 491.0, 491.0, 491.0, 491.0], [624.0, 599.0, 599.0, 550.0, 523.0, 523.0, 523.0, 523.0, 523.0, 517.0, 505.0, 505.0, 505.0, 505.0, 505.0, 505.0, 504.0, 504.0, 504.0, 504.0, 504.0, 504.0, 491.0, 491.0, 491.0, 491.0, 491.0, 491.0, 491.0, 491.0, 491.0, 491.0, 491.0], [641.0, 641.0, 614.0, 535.0, 528.0, 528.0, 528.0, 515.0, 515.0, 515.0, 510.0, 510.0, 509.0, 509.0, 509.0, 497.0, 497.0, 497.0, 497.0, 496.0, 496.0, 496.0, 496.0, 496.0, 491.0, 491.0, 491.0, 491.0, 491.0, 491.0, 491.0, 491.0, 491.0, 491.0, 491.0], [587.0, 587.0, 575.0, 575.0, 547.0, 542.0, 511.0, 511.0, 511.0, 510.0, 510.0, 491.0, 491.0, 491.0, 491.0, 491.0, 491.0, 491.0, 491.0, 491.0, 491.0, 491.0], [598.0, 598.0, 590.0, 585.0, 529.0, 529.0, 515.0, 515.0, 515.0, 515.0, 515.0, 496.0, 491.0, 491.0, 491.0, 491.0, 491.0, 491.0, 491.0, 491.0, 491.0, 491.0, 491.0], [696.0, 632.0, 578.0, 528.0, 504.0, 504.0, 504.0, 504.0, 504.0, 504.0, 504.0, 504.0, 504.0, 504.0, 504.0], [791.0, 595.0, 560.0, 556.0, 556.0, 556.0, 556.0, 496.0, 496.0, 496.0, 496.0, 496.0, 496.0, 491.0, 491.0, 491.0, 491.0, 491.0, 491.0, 491.0, 491.0, 491.0, 491.0, 491.0], [698.0, 611.0, 611.0, 577.0, 577.0, 541.0, 541.0, 541.0, 541.0, 541.0, 528.0, 528.0, 523.0, 523.0, 515.0, 515.0, 515.0, 515.0, 515.0, 496.0, 496.0, 491.0, 491.0, 491.0, 491.0, 491.0, 491.0, 491.0, 491.0, 491.0, 491.0, 491.0], [611.0, 578.0, 571.0, 571.0, 571.0, 571.0, 536.0, 516.0, 516.0, 516.0, 509.0, 504.0, 504.0, 504.0, 504.0, 504.0, 504.0, 504.0, 504.0, 504.0, 504.0, 504.0]], "max_fits": [[1260.0, 1138.0, 995.0, 951.0, 902.0, 923.0, 809.0, 806.0, 833.0, 962.0, 811.0, 749.0, 751.0, 910.0, 868.0, 818.0, 890.0], [1083.0, 1068.0, 887.0, 927.0, 990.0, 945.0, 987.0, 881.0, 1117.0, 1073.0, 893.0, 879.0, 755.0, 979.0, 865.0, 921.0, 945.0, 834.0, 681.0, 801.0, 914.0, 782.0, 848.0], [1244.0, 935.0, 1114.0, 984.0, 945.0, 878.0, 955.0, 873.0, 836.0, 945.0, 747.0, 925.0, 963.0, 928.0, 930.0, 895.0, 874.0, 933.0, 845.0, 879.0, 915.0, 1057.0, 734.0, 793.0, 792.0, 800.0, 869.0, 843.0, 846.0, 854.0, 802.0, 1073.0, 792.0], [1291.0, 1089.0, 1103.0, 979.0, 863.0, 951.0, 892.0, 797.0, 811.0, 1028.0, 834.0, 923.0, 885.0, 824.0, 881.0, 886.0, 837.0, 1202.0, 796.0, 858.0, 885.0, 778.0, 1059.0, 862.0, 907.0, 880.0, 856.0, 869.0, 823.0, 857.0, 879.0, 1060.0, 1009.0, 990.0, 762.0], [1322.0, 1274.0, 1161.0, 1074.0, 951.0, 950.0, 816.0, 900.0, 1082.0, 1011.0, 828.0, 880.0, 875.0, 997.0, 902.0, 899.0, 836.0, 953.0, 1007.0, 815.0, 817.0, 852.0], [1287.0, 1108.0, 948.0, 946.0, 991.0, 920.0, 784.0, 910.0, 933.0, 998.0, 815.0, 994.0, 858.0, 802.0, 802.0, 844.0, 848.0, 965.0, 799.0, 855.0, 759.0, 1058.0, 838.0], [1206.0, 1178.0, 1153.0, 863.0, 900.0, 1081.0, 995.0, 1029.0, 990.0, 960.0, 1011.0, 770.0, 986.0, 1048.0, 934.0], [1177.0, 1001.0, 1041.0, 939.0, 873.0, 850.0, 847.0, 901.0, 1090.0, 1062.0, 945.0, 818.0, 927.0, 829.0, 825.0, 767.0, 939.0, 870.0, 900.0, 758.0, 759.0, 908.0, 895.0, 954.0], [1323.0, 987.0, 1162.0, 1089.0, 971.0, 950.0, 965.0, 788.0, 816.0, 831.0, 955.0, 947.0, 1035.0, 918.0, 914.0, 777.0, 812.0, 945.0, 896.0, 921.0, 916.0, 949.0, 1020.0, 863.0, 847.0, 862.0, 771.0, 941.0, 742.0, 919.0, 851.0, 940.0], [1249.0, 1070.0, 953.0, 986.0, 877.0, 940.0, 992.0, 1084.0, 902.0, 920.0, 1014.0, 861.0, 837.0, 969.0, 767.0, 960.0, 999.0, 880.0, 846.0, 884.0, 864.0, 896.0]], "items_0": [[589.0, 582.0, 576.0, 574.0, 544.0, 523.0, 523.0, 510.0, 510.0, 510.0]],