{"solver": ["elitist", "elitist", "elitist", "elitist", "elitist", "elitist", "elitist", "elitist", "elitist", "elitist"], "size": [537600, 537600, 537600, 537600, 537600, 537600, 537600, 537600, 537600, 537600], "times": [70.38105845451355, 48.46499848365784, 44.717148303985596, 23.853057622909546, 47.12711811065674, 45.40156054496765, 36.22882294654846, 64.31612420082092, 31.370927333831787, 33.11796188354492], "bests": [491.0, 496.0, 496.0, 496.0, 491.0, 496.0, 496.0, 496.0, 496.0, 528.0], "avg_fits": [[953.08, 889.4166666666666, 783.75, 772.4166666666666, 739.4583333333334, 688.9583333333334, 635.0416666666666, 629.0833333333334, 613.8333333333334, 606.5, 637.5, 609.6666666666666, 621.8333333333334, 601.2083333333334, 618.8333333333334, 580.7083333333334, 580.0, 616.5416666666666, 615.9583333333334, 619.5, 593.2916666666666, 599.375, 594.4583333333334, 600.7916666666666, 592.6666666666666, 573.0833333333334, 582.9166666666666, 579.0833333333334, 592.5, 561.3333333333334, 572.2916666666666, 583.375, 591.3333333333334, 552.3333333333334, 597.4583333333334, 584.9583333333334], [961.16, 814.5, 788.8333333333334, 716.9583333333334, 695.0, 638.7083333333334, 672.25, 624.4166666666666, 642.3333333333334, 599.875, 617.625, 619.1666666666666, 623.6666666666666, 614.875, 599.125, 616.2916666666666, 609.5, 635.3333333333334, 614.2916666666666, 615.625, 603.375, 593.75, 588.2916666666666, 620.9583333333334, 588.125, 615.75], [872.92, 805.2916666666666, 759.7916666666666, 703.25, 678.8333333333334, 658.0416666666666, 683.4583333333334, 688.2083333333334, 640.375, 615.1666666666666, 599.9166666666666, 617.5, 606.2916666666666, 611.4166666666666, 614.2083333333334, 611.6666666666666, 598.25, 575.3333333333334, 554.3333333333334, 567.6666666666666, 600.75, 571.3333333333334, 567.5416666666666, 576.9583333333334], [951.72, 794.8333333333334, 760.4583333333334, 686.4166666666666, 638.7083333333334, 623.5416666666666, 592.5, 593.5416666666666, 623.0416666666666, 632.5, 591.375, 603.3333333333334, 594.5416666666666], [940.84, 789.375, 757.625, 707.4583333333334, 660.5833333333334, 639.75, 657.25, 639.4583333333334, 627.7083333333334, 619.125, 614.7083333333334, 615.875, 592.75, 615.125, 603.8333333333334, 594.125, 590.7083333333334, 543.75, 562.9166666666666, 597.6666666666666, 595.2916666666666, 582.5416666666666, 571.5, 594.625], [912.76, 790.7083333333334, 689.1666666666666, 605.375, 568.7916666666666, 608.875, 607.0, 610.4583333333334, 633.5, 620.6666666666666, 642.7916666666666, 582.8333333333334, 603.5833333333334, 591.75, 611.625, 612.1666666666666, 606.25, 595.5416666666666, 615.2916666666666, 602.7083333333334, 607.3333333333334, 644.0, 586.2916666666666], [937.04, 783.8333333333334, 748.9583333333334, 718.4166666666666, 664.8333333333334, 617.2916666666666, 606.25, 601.625, 619.25, 589.5, 586.9166666666666, 587.7083333333334, 603.75, 589.4583333333334, 560.5, 564.0416666666666, 580.75, 576.5833333333334, 583.6666666666666], [919.72, 801.5416666666666, 754.4166666666666, 756.5416666666666, 705.0, 687.5416666666666, 668.75, 642.0, 636.5833333333334, 674.9583333333334, 639.7083333333334, 625.25, 650.0416666666666, 616.125, 605.0833333333334, 618.0833333333334, 596.0416666666666, 591.7916666666666, 587.75, 617.0833333333334, 644.3333333333334, 624.7083333333334, 606.2083333333334, 579.875, 602.7083333333334, 636.25, 603.5416666666666, 579.3333333333334, 575.0833333333334, 583.875, 583.25, 590.9166666666666, 589.8333333333334, 591.7083333333334, 580.0416666666666], [899.12, 764.5, 688.5, 658.8333333333334, 678.375, 658.0833333333334, 611.3333333333334, 595.3333333333334, 588.25, 580.625, 596.125, 612.1666666666666, 610.7083333333334, 634.625, 573.0, 612.375, 592.9583333333334], [1027.84, 877.5, 810.0, 764.4166666666666, 723.2916666666666, 672.0416666666666, 660.6666666666666, 651.8333333333334, 660.4583333333334, 618.9166666666666, 613.5833333333334, 639.375, 581.2916666666666, 628.5833333333334, 599.8333333333334, 602.1666666666666, 604.7083333333334, 600.4583333333334]], "min_fits": [[751.0, 713.0, 681.0, 599.0, 523.0, 523.0, 521.0, 521.0, 516.0, 516.0, 504.0, 504.0, 504.0, 504.0, 504.0, 504.0, 504.0, 504.0, 504.0, 503.0, 503.0, 503.0, 503.0, 496.0, 496.0, 491.0, 491.0, 491.0, 491.0, 491.0, 491.0, 491.0, 491.0, 491.0, 491.0, 491.0], [678.0, 644.0, 577.0, 577.0, 577.0, 567.0, 508.0, 508.0, 508.0, 508.0, 508.0, 508.0, 508.0, 508.0, 508.0, 496.0, 496.0, 496.0, 496.0, 496.0, 496.0, 496.0, 496.0, 496.0, 496.0, 496.0], [642.0, 627.0, 616.0, 563.0, 563.0, 523.0, 523.0, 523.0, 523.0, 509.0, 509.0, 509.0, 509.0, 496.0, 496.0, 496.0, 496.0, 496.0, 496.0, 496.0, 496.0, 496.0, 496.0, 496.0], [655.0, 643.0, 496.0, 496.0, 496.0, 496.0, 496.0, 496.0, 496.0, 496.0, 496.0, 496.0, 496.0], [643.0, 643.0, 584.0, 582.0, 523.0, 523.0, 510.0, 510.0, 510.0, 510.0, 510.0, 510.0, 510.0, 491.0, 491.0, 491.0, 491.0, 491.0, 491.0, 491.0, 491.0, 491.0, 491.0, 491.0], [528.0, 528.0, 528.0, 528.0, 509.0, 509.0, 509.0, 509.0, 509.0, 509.0, 509.0, 509.0, 496.0, 496.0, 496.0, 496.0, 496.0, 496.0, 496.0, 496.0, 496.0, 496.0, 496.0], [642.0, 609.0, 560.0, 510.0, 510.0, 509.0, 509.0, 509.0, 496.0, 496.0, 496.0, 496.0, 496.0, 496.0, 496.0, 496.0, 496.0, 496.0, 496.0], [730.0, 647.0, 587.0, 587.0, 556.0, 556.0, 555.0, 555.0, 543.0, 543.0, 529.0, 529.0, 529.0, 529.0, 516.0, 516.0, 516.0, 516.0, 516.0, 516.0, 516.0, 515.0, 515.0, 515.0, 496.0, 496.0, 496.0, 496.0, 496.0, 496.0, 496.0, 496.0, 496.0, 496.0, 496.0], [523.0, 523.0, 523.0, 523.0, 523.0, 523.0, 496.0, 496.0, 496.0, 496.0, 496.0, 496.0, 496.0, 496.0, 496.0, 496.0, 496.0], [793.0, 627.0, 627.0, 611.0, 556.0, 556.0, 549.0, 528.0, 528.0, 528.0, 528.0, 528.0, 528.0, 528.0, 528.0, 528.0, 528.0, 528.0]], "max_fits": [[1127.0, 1232.0, 990.0, 908.0, 1083.0, 852.0, 814.0, 899.0, 827.0, 781.0, 864.0, 849.0, 827.0, 874.0, 778.0, 705.0, 763.0, 867.0, 778.0, 912.0, 816.0, 810.0, 752.0, 746.0, 828.0, 941.0, 899.0, 713.0, 805.0, 689.0, 766.0, 832.0, 801.0, 796.0, 745.0, 793.0], [1241.0, 990.0, 1040.0, 906.0, 803.0, 996.0, 937.0, 796.0, 849.0, 765.0, 822.0, 811.0, 797.0, 1030.0, 767.0, 835.0, 795.0, 895.0, 763.0, 887.0, 822.0, 826.0, 810.0, 822.0, 770.0, 841.0], [1193.0, 1141.0, 1103.0, 921.0, 835.0, 861.0, 1035.0, 894.0, 936.0, 862.0, 735.0, 805.0, 882.0, 797.0, 765.0, 959.0, 840.0, 852.0, 657.0, 786.0, 904.0, 723.0, 774.0, 950.0], [1191.0, 1027.0, 1054.0, 968.0, 797.0, 861.0, 778.0, 723.0, 877.0, 795.0, 740.0, 842.0, 788.0], [1227.0, 984.0, 920.0, 918.0, 924.0, 920.0, 895.0, 954.0, 958.0, 781.0, 1013.0, 866.0, 825.0, 846.0, 810.0, 794.0, 816.0, 750.0, 709.0, 750.0, 778.0, 720.0, 842.0, 783.0], [1229.0, 1014.0, 979.0, 820.0, 775.0, 812.0, 746.0, 851.0, 899.0, 835.0, 862.0, 757.0, 802.0, 981.0, 961.0, 926.0, 771.0, 853.0, 876.0, 849.0, 920.0, 880.0, 797.0], [1192.0, 1204.0, 1008.0, 982.0, 1061.0, 887.0, 835.0, 845.0, 854.0, 790.0, 774.0, 800.0, 892.0, 754.0, 679.0, 700.0, 784.0, 810.0, 784.0], [1286.0, 996.0, 968.0, 1082.0, 983.0, 893.0, 890.0, 891.0, 889.0, 910.0, 880.0, 843.0, 857.0, 929.0, 819.0, 953.0, 744.0, 789.0, 799.0, 891.0, 886.0, 825.0, 851.0, 775.0, 746.0, 805.0, 852.0, 787.0, 793.0, 765.0, 885.0, 771.0, 813.0, 908.0, 787.0], [1306.0, 964.0, 918.0, 856.0, 921.0, 913.0, 782.0, 801.0, 804.0, 735.0, 764.0, 767.0, 816.0, 983.0, 725.0, 968.0, 808.0], [1274.0, 1127.0, 1038.0, 1001.0, 895.0, 858.0, 824.0, 912.0, 867.0, 902.0, 736.0, 899.0, 731.0, 866.0, 796.0, 882.0, 791.0, 771.0]], "items_0": [[542.0, 509.0, 504.0, 492.0, 491.0, 491.0, 491.0, 491.0, 491.0, 491.0]], "best_final": [491.0, 496.0, 496.0, 496.0, 491.0, 496.0, 496.0, 496.0, 496.0, 528.0], "items_1": [[584.0, 574.0, 562.0, 561.0, 536.0, 496.0, 496.0, 496.0, 496.0, 496.0]], "items_2": [[534.0, 523.0, 509.0, 496.0, 496.0, 496.0, 496.0, 496.0, 496.0, 496.0]], "items_3": [[528.0, 522.0, 509.0, 509.0, 509.0, 509.0, 496.0, 496.0, 496.0, 496.0]], "items_4": [[550.0, 518.0, 516.0, 509.0, 505.0, 491.0, 491.0, 491.0, 491.0, 491.0]],