{"solver": ["elitist", "elitist", "elitist", "elitist", "elitist", "elitist", "elitist", "elitist", "elitist", "elitist"], "size": [537600, 537600, 537600, 537600, 537600, 537600, 537600, 537600, 537600, 537600], "times": [5.571096658706665, 6.142521381378174, 4.643370151519775, 4.590738534927368, 7.331255674362183, 4.772636651992798, 6.690318822860718, 3.6336934566497803, 4.90872859954834, 6.11944580078125], "bests": [491.0, 491.0, 491.0, 491.0, 510.0, 491.0, 510.0, 523.0, 504.0, 496.0], "avg_fits": [[933.12, 854.125, 800.4583333333334, 732.625, 679.5, 666.4583333333334, 631.875, 622.5, 665.375, 664.8333333333334, 681.8333333333334, 664.5833333333334, 646.0, 692.4166666666666, 625.625, 585.25, 624.375, 607.1666666666666, 605.1666666666666, 618.0833333333334, 604.5, 649.0416666666666, 691.9166666666666, 687.5833333333334, 620.3333333333334, 579.7083333333334], [941.48, 826.1666666666666, 762.4166666666666, 712.9583333333334, 710.5833333333334, 699.75, 672.7916666666666, 688.1666666666666, 671.8333333333334, 638.2916666666666, 648.25, 655.5833333333334, 636.0416666666666, 665.1666666666666, 628.125, 632.6666666666666, 628.9583333333334, 645.4583333333334, 631.0416666666666, 610.6666666666666, 624.4583333333334, 621.2916666666666, 652.25, 608.6666666666666, 611.875, 619.8333333333334, 599.9583333333334], [957.76, 838.125, 766.375, 740.7916666666666, 655.9166666666666, 666.9583333333334, 659.2083333333334, 677.9166666666666, 681.2083333333334, 708.5416666666666, 711.5833333333334, 651.9583333333334, 664.6666666666666, 650.7083333333334, 633.2083333333334, 654.4583333333334, 600.3333333333334, 644.9583333333334, 596.4583333333334, 612.5833333333334, 566.5, 616.9583333333334, 616.4583333333334], [950.32, 808.9583333333334, 735.7083333333334, 663.625, 664.4166666666666, 664.875, 637.7916666666666, 605.25, 615.5, 611.4166666666666, 619.9583333333334, 624.5416666666666, 582.5416666666666, 647.9166666666666, 667.625, 637.6666666666666, 652.8333333333334, 680.875, 641.25, 620.8333333333334], [949.88, 846.1666666666666, 762.4166666666666, 735.8333333333334, 736.5, 723.625, 665.1666666666666, 678.75, 704.7083333333334, 652.7083333333334, 623.7083333333334, 610.6666666666666, 651.5416666666666, 651.375, 704.9166666666666, 627.9166666666666, 619.0833333333334, 612.2916666666666, 611.7916666666666, 598.2916666666666, 579.7083333333334, 617.5416666666666, 610.9166666666666, 655.125, 667.0, 660.7083333333334, 636.125, 661.2916666666666, 610.0833333333334], [932.84, 805.2916666666666, 770.625, 715.625, 697.0416666666666, 660.0, 647.7916666666666, 654.375, 675.5416666666666, 661.9166666666666, 643.7916666666666, 632.875, 644.25, 613.4166666666666, 623.4166666666666, 650.1666666666666, 678.4583333333334, 637.0, 648.4166666666666, 664.0833333333334, 639.7083333333334, 641.1666666666666, 624.75], [965.56, 869.3333333333334, 752.375, 734.4166666666666, 670.0833333333334, 674.5, 653.0416666666666, 654.0416666666666, 643.6666666666666, 596.625, 633.5833333333334, 637.4583333333334, 640.4583333333334, 602.625, 637.1666666666666, 665.875, 637.6666666666666, 679.2916666666666, 619.1666666666666, 626.25, 621.7916666666666, 668.75, 723.7916666666666, 692.7916666666666, 627.5, 588.375], [956.84, 870.375, 801.625, 748.125, 677.5, 631.9583333333334, 642.125, 644.7083333333334, 626.9166666666666, 630.9583333333334, 648.4166666666666, 636.75, 648.2916666666666, 644.4583333333334], [914.36, 825.5416666666666, 771.3333333333334, 706.625, 692.0, 646.125, 658.375, 666.2916666666666, 682.625, 633.9166666666666, 653.4583333333334, 623.8333333333334, 630.4583333333334, 644.25, 649.9583333333334, 639.1666666666666, 670.3333333333334, 694.5833333333334, 715.875, 713.4166666666666, 628.625, 662.0416666666666, 627.2083333333334, 606.875], [940.92, 847.5416666666666, 741.4166666666666, 719.0833333333334, 702.75, 674.5833333333334, 705.25, 657.2083333333334, 663.0416666666666, 635.2083333333334, 666.8333333333334, 671.9166666666666, 660.6666666666666, 655.875, 652.7916666666666, 625.7916666666666, 609.7083333333334, 613.2916666666666, 619.2916666666666, 650.5416666666666, 630.5416666666666, 641.0416666666666, 624.4166666666666, 628.5, 622.4583333333334, 657.2916666666666, 661.9583333333334, 636.7083333333334]], "min_fits": [[723.0, 615.0, 605.0, 540.0, 509.0, 509.0, 509.0, 496.0, 496.0, 496.0, 496.0, 496.0, 496.0, 496.0, 496.0, 491.0, 491.0, 491.0, 491.0, 491.0, 491.0, 491.0, 491.0, 491.0, 491.0, 491.0], [700.0, 633.0, 555.0, 548.0, 547.0, 547.0, 511.0, 510.0, 510.0, 510.0, 510.0, 510.0, 510.0, 510.0, 510.0, 510.0, 491.0, 491.0, 491.0, 491.0, 491.0, 491.0, 491.0, 491.0, 491.0, 491.0, 491.0], [693.0, 563.0, 563.0, 536.0, 536.0, 523.0, 523.0, 523.0, 523.0, 523.0, 523.0, 523.0, 491.0, 491.0, 491.0, 491.0, 491.0, 491.0, 491.0, 491.0, 491.0, 491.0, 491.0], [638.0, 635.0, 510.0, 510.0, 510.0, 510.0, 503.0, 503.0, 503.0, 491.0, 491.0, 491.0, 491.0, 491.0, 491.0, 491.0, 491.0, 491.0, 491.0, 491.0], [710.0, 629.0, 629.0, 589.0, 589.0, 555.0, 528.0, 523.0, 515.0, 515.0, 515.0, 515.0, 515.0, 515.0, 515.0, 515.0, 515.0, 515.0, 510.0, 510.0, 510.0, 510.0, 510.0, 510.0, 510.0, 510.0, 510.0, 510.0, 510.0], [646.0, 589.0, 551.0, 542.0, 542.0, 496.0, 496.0, 496.0, 496.0, 496.0, 496.0, 496.0, 491.0, 491.0, 491.0, 491.0, 491.0, 491.0, 491.0, 491.0, 491.0, 491.0, 491.0], [720.0, 572.0, 572.0, 572.0, 528.0, 528.0, 528.0, 528.0, 528.0, 528.0, 528.0, 528.0, 515.0, 515.0, 515.0, 510.0, 510.0, 510.0, 510.0, 510.0, 510.0, 510.0, 510.0, 510.0, 510.0, 510.0], [730.0, 709.0, 597.0, 523.0, 523.0, 523.0, 523.0, 523.0, 523.0, 523.0, 523.0, 523.0, 523.0, 523.0], [617.0, 617.0, 583.0, 542.0, 529.0, 516.0, 516.0, 516.0, 516.0, 516.0, 509.0, 509.0, 509.0, 504.0, 504.0, 504.0, 504.0, 504.0, 504.0, 504.0, 504.0, 504.0, 504.0, 504.0], [648.0, 593.0, 593.0, 561.0, 561.0, 538.0, 538.0, 528.0, 524.0, 524.0, 524.0, 508.0, 508.0, 508.0, 508.0, 508.0, 508.0, 496.0, 496.0, 496.0, 496.0, 496.0, 496.0, 496.0, 496.0, 496.0, 496.0, 496.0]], "max_fits": [[1397.0, 1085.0, 1100.0, 924.0, 920.0, 999.0, 963.0, 848.0, 958.0, 951.0, 1028.0, 981.0, 851.0, 1055.0, 866.0, 759.0, 798.0, 808.0, 815.0, 972.0, 859.0, 962.0, 1006.0, 978.0, 863.0, 767.0], [1234.0, 1182.0, 1025.0, 1055.0, 1031.0, 980.0, 874.0, 944.0, 964.0, 929.0, 978.0, 860.0, 820.0, 903.0, 980.0, 814.0, 825.0, 880.0, 861.0, 932.0, 933.0, 876.0, 885.0, 856.0, 832.0, 1086.0, 806.0], [1302.0, 1186.0, 1029.0, 1058.0, 828.0, 950.0, 831.0, 992.0, 911.0, 992.0, 979.0, 853.0, 949.0, 884.0, 781.0, 1052.0, 789.0, 798.0, 749.0, 951.0, 790.0, 917.0, 972.0], [1270.0, 1064.0, 977.0, 833.0, 1087.0, 929.0, 905.0, 924.0, 814.0, 880.0, 936.0, 969.0, 744.0, 883.0, 906.0, 871.0, 853.0, 829.0, 999.0, 807.0], [1147.0, 1067.0, 1007.0, 964.0, 1000.0, 1059.0, 829.0, 838.0, 1056.0, 1038.0, 863.0, 885.0, 850.0, 956.0, 1046.0, 947.0, 784.0, 799.0, 920.0, 761.0, 782.0, 950.0, 783.0, 928.0, 995.0, 928.0, 1146.0, 989.0, 841.0], [1191.0, 1009.0, 968.0, 934.0, 923.0, 919.0, 790.0, 863.0, 905.0, 947.0, 1036.0, 854.0, 921.0, 845.0, 924.0, 868.0, 1120.0, 856.0, 980.0, 876.0, 950.0, 949.0, 838.0], [1303.0, 1121.0, 951.0, 1055.0, 933.0, 817.0, 827.0, 881.0, 808.0, 698.0, 1164.0, 844.0, 884.0, 834.0, 912.0, 948.0, 833.0, 1064.0, 781.0, 984.0, 784.0, 862.0, 1085.0, 903.0, 765.0, 805.0], [1195.0, 1019.0, 1149.0, 1026.0, 1034.0, 820.0, 1040.0, 878.0, 926.0, 859.0, 909.0, 746.0, 915.0, 935.0], [1261.0, 1120.0, 1064.0, 1008.0, 1022.0, 886.0, 834.0, 949.0, 934.0, 792.0, 846.0, 826.0, 876.0, 905.0, 922.0, 864.0, 962.0, 916.0, 928.0, 1015.0, 858.0, 924.0, 1101.0, 797.0], [1185.0, 1325.0, 1102.0, 1033.0, 995.0, 856.0, 990.0, 918.0, 924.0, 863.0, 891.0, 968.0, 921.0, 863.0, 1004.0, 760.0, 871.0, 809.0, 813.0, 931.0, 891.0, 964.0, 908.0, 885.0, 1005.0, 975.0, 870.0, 824.0]], "items_0": [[549.0, 548.0, 510.0, 505.0, 504.0, 492.0, 491.0, 491.0, 491.0, 491.0]], "best_final": [491.0, 491.0, 491.0, 491.0, 510.0, 491.0, 510.0, 523.0, 504.0, 496.0], "items_1": [[576.0, 564.0, 563.0, 555.0, 549.0, 491.0, 491.0, 491.0, 491.0, 491.0]],