{"solver": ["elitist", "elitist", "elitist", "elitist", "elitist", "elitist", "elitist", "elitist", "elitist", "elitist"], "times": [7.93903374671936, 12.366236686706543, 4.570178031921387, 8.642835140228271, 10.65311336517334, 4.294962167739868, 6.036348104476929, 5.019229173660278, 7.539515495300293, 3.8360581398010254], "bests": [491.0, 491.0, 491.0, 504.0, 491.0, 509.0, 491.0, 496.0, 491.0, 510.0], "avg_fits": [[941.64, 791.875, 726.9166666666666, 716.2916666666666, 709.3333333333334, 707.5, 686.9166666666666, 664.4583333333334, 653.3333333333334, 622.75, 614.625, 635.0416666666666, 649.1666666666666, 652.625, 686.5, 643.75, 668.125, 683.2916666666666, 643.0, 598.5, 644.4166666666666, 643.375, 622.5833333333334, 652.7083333333334, 665.5833333333334, 677.9166666666666, 622.7916666666666, 606.0416666666666, 601.9583333333334, 614.625, 602.9166666666666, 617.375], [981.04, 870.125, 807.7916666666666, 778.0833333333334, 771.3333333333334, 726.875, 755.25, 684.7916666666666, 683.5416666666666, 687.75, 673.75, 636.4166666666666, 672.125, 640.8333333333334, 640.0833333333334, 661.0833333333334, 647.7916666666666, 657.4166666666666, 605.4583333333334, 614.5, 622.3333333333334, 653.7083333333334, 676.7916666666666, 617.0, 621.0, 650.375, 666.5, 636.8333333333334, 635.3333333333334, 674.0833333333334, 664.875, 616.25, 631.375, 624.875, 597.875, 628.75, 611.9166666666666, 625.625, 633.5833333333334], [979.52, 826.4583333333334, 752.0833333333334, 713.1666666666666, 664.9583333333334, 640.6666666666666, 652.1666666666666, 650.3333333333334, 607.25, 655.5, 630.2083333333334, 635.375, 645.2916666666666], [920.04, 786.0833333333334, 758.875, 739.375, 698.625, 688.5833333333334, 655.3333333333334, 653.625, 677.7916666666666, 669.2916666666666, 659.5833333333334, 651.4166666666666, 623.0, 617.7083333333334, 673.6666666666666, 689.4583333333334, 662.2083333333334, 649.6666666666666, 610.5416666666666, 636.1666666666666, 618.3333333333334, 615.875, 631.5416666666666], [970.0, 826.9583333333334, 732.7083333333334, 687.1666666666666, 694.125, 634.4583333333334, 667.7916666666666, 657.0833333333334, 669.5416666666666, 614.7916666666666, 597.875, 630.3333333333334, 650.2083333333334, 629.7916666666666, 613.0833333333334, 631.6666666666666, 598.8333333333334, 622.125, 653.9166666666666, 660.5416666666666, 675.125, 670.4583333333334, 634.4583333333334, 642.8333333333334, 616.5, 646.8333333333334, 639.5416666666666, 607.0416666666666, 650.5833333333334, 623.625, 637.5833333333334, 676.125], [950.84, 799.1666666666666, 757.2083333333334, 712.5, 673.4166666666666, 641.2083333333334, 648.5, 683.75, 679.4583333333334, 677.3333333333334, 654.4583333333334, 629.5833333333334, 661.2916666666666, 672.2083333333334, 650.0833333333334, 615.8333333333334], [988.84, 857.0, 801.5833333333334, 791.2916666666666, 782.2916666666666, 742.9166666666666, 717.7916666666666, 672.0, 664.875, 643.625, 610.3333333333334, 641.5833333333334, 687.9583333333334, 653.6666666666666, 642.9583333333334, 652.625, 660.8333333333334, 610.5833333333334, 685.25, 649.2083333333334, 656.4583333333334, 678.625, 672.6666666666666], [962.76, 837.7083333333334, 779.7916666666666, 745.4583333333334, 733.0416666666666, 687.4583333333334, 656.5, 646.0, 648.4583333333334, 655.0416666666666, 629.0, 605.2083333333334, 635.9166666666666, 621.125, 678.9166666666666, 705.0833333333334, 701.9583333333334, 692.6666666666666, 719.0, 665.0, 617.0416666666666, 633.3333333333334, 650.7083333333334, 626.7916666666666], [913.96, 834.7916666666666, 789.7083333333334, 732.375, 727.375, 732.5833333333334, 718.125, 675.5416666666666, 686.4166666666666, 660.0833333333334, 692.1666666666666, 644.0416666666666, 631.7916666666666, 656.8333333333334, 629.4166666666666, 647.8333333333334, 677.8333333333334, 668.8333333333334, 643.125, 654.6666666666666, 667.0833333333334, 645.4166666666666, 670.375, 631.1666666666666, 630.5, 616.9583333333334, 609.3333333333334, 653.0833333333334, 655.4166666666666, 636.5, 614.2083333333334, 600.3333333333334, 583.9583333333334, 621.4166666666666], [877.8, 759.5833333333334, 701.5, 653.5833333333334, 659.7083333333334, 634.2083333333334, 631.375, 638.7083333333334, 601.5416666666666, 632.2083333333334, 643.9166666666666, 634.875, 633.9166666666666, 623.2916666666666, 621.3333333333334, 637.25]], "min_fits": [[663.0, 588.0, 566.0, 566.0, 529.0, 528.0, 528.0, 528.0, 528.0, 523.0, 523.0, 523.0, 523.0, 523.0, 523.0, 521.0, 521.0, 510.0, 510.0, 509.0, 492.0, 491.0, 491.0, 491.0, 491.0, 491.0, 491.0, 491.0, 491.0, 491.0, 491.0, 491.0], [728.0, 666.0, 656.0, 626.0, 562.0, 562.0, 535.0, 535.0, 535.0, 535.0, 535.0, 535.0, 516.0, 516.0, 504.0, 504.0, 504.0, 504.0, 496.0, 496.0, 496.0, 496.0, 496.0, 496.0, 496.0, 496.0, 496.0, 496.0, 491.0, 491.0, 491.0, 491.0, 491.0, 491.0, 491.0, 491.0, 491.0, 491.0, 491.0], [491.0, 491.0, 491.0, 491.0, 491.0, 491.0, 491.0, 491.0, 491.0, 491.0, 491.0, 491.0, 491.0], [719.0, 655.0, 573.0, 548.0, 536.0, 529.0, 529.0, 523.0, 523.0, 523.0, 523.0, 509.0, 504.0, 504.0, 504.0, 504.0, 504.0, 504.0, 504.0, 504.0, 504.0, 504.0, 504.0], [630.0, 582.0, 575.0, 570.0, 532.0, 519.0, 519.0, 519.0, 519.0, 519.0, 509.0, 509.0, 505.0, 505.0, 505.0, 492.0, 492.0, 492.0, 492.0, 492.0, 492.0, 491.0, 491.0, 491.0, 491.0, 491.0, 491.0, 491.0, 491.0, 491.0, 491.0, 491.0], [611.0, 576.0, 576.0, 548.0, 517.0, 509.0, 509.0, 509.0, 509.0, 509.0, 509.0, 509.0, 509.0, 509.0, 509.0, 509.0], [671.0, 671.0, 648.0, 624.0, 624.0, 570.0, 547.0, 510.0, 496.0, 496.0, 496.0, 496.0, 491.0, 491.0, 491.0, 491.0, 491.0, 491.0, 491.0, 491.0, 491.0, 491.0, 491.0], [653.0, 625.0, 625.0, 516.0, 516.0, 516.0, 497.0, 497.0, 497.0, 497.0, 497.0, 497.0, 497.0, 496.0, 496.0, 496.0, 496.0, 496.0, 496.0, 496.0, 496.0, 496.0, 496.0, 496.0], [602.0, 602.0, 570.0, 570.0, 511.0, 511.0, 511.0, 511.0, 511.0, 511.0, 510.0, 510.0, 510.0, 510.0, 510.0, 510.0, 510.0, 510.0, 497.0, 497.0, 497.0, 497.0, 497.0, 491.0, 491.0, 491.0, 491.0, 491.0, 491.0, 491.0, 491.0, 491.0, 491.0, 491.0], [569.0, 569.0, 540.0, 515.0, 511.0, 510.0, 510.0, 510.0, 510.0, 510.0, 510.0, 510.0, 510.0, 510.0, 510.0, 510.0]], "max_fits": [[1187.0, 1231.0, 942.0, 893.0, 944.0, 1011.0, 1096.0, 1071.0, 867.0, 797.0, 799.0, 898.0, 829.0, 968.0, 1057.0, 978.0, 875.0, 904.0, 856.0, 851.0, 1036.0, 921.0, 815.0, 930.0, 1076.0, 989.0, 963.0, 972.0, 862.0, 1052.0, 881.0, 828.0], [1328.0, 1084.0, 1181.0, 970.0, 1119.0, 889.0, 1055.0, 859.0, 850.0, 1025.0, 811.0, 891.0, 897.0, 820.0, 946.0, 836.0, 859.0, 1022.0, 899.0, 810.0, 892.0, 953.0, 945.0, 787.0, 841.0, 827.0, 883.0, 980.0, 861.0, 1012.0, 922.0, 847.0, 898.0, 1078.0, 899.0, 943.0, 834.0, 842.0, 855.0], [1285.0, 1103.0, 918.0, 865.0, 890.0, 800.0, 955.0, 899.0, 790.0, 976.0, 880.0, 965.0, 963.0], [1062.0, 929.0, 1023.0, 1026.0, 1036.0, 1077.0, 856.0, 907.0, 895.0, 894.0, 839.0, 934.0, 808.0, 754.0, 953.0, 878.0, 856.0, 1085.0, 788.0, 1075.0, 816.0, 852.0, 923.0], [1266.0, 1240.0, 1026.0, 850.0, 1022.0, 828.0, 925.0, 895.0, 932.0, 825.0, 884.0, 783.0, 941.0, 827.0, 812.0, 943.0, 768.0, 850.0, 895.0, 939.0, 993.0, 956.0, 805.0, 912.0, 890.0, 1014.0, 869.0, 769.0, 978.0, 866.0, 870.0, 994.0], [1264.0, 1026.0, 1005.0, 1181.0, 956.0, 865.0, 882.0, 964.0, 1015.0, 1022.0, 913.0, 826.0, 1020.0, 873.0, 905.0, 740.0], [1201.0, 1151.0, 1031.0, 1045.0, 1002.0, 891.0, 933.0, 883.0, 861.0, 892.0, 879.0, 794.0, 978.0, 949.0, 851.0, 888.0, 925.0, 784.0, 1040.0, 853.0, 897.0, 1070.0, 824.0], [1157.0, 1083.0, 996.0, 1013.0, 953.0, 851.0, 962.0, 886.0, 1014.0, 855.0, 923.0, 704.0, 845.0, 812.0, 930.0, 915.0, 1149.0, 940.0, 970.0, 930.0, 797.0, 930.0, 835.0, 859.0], [1119.0, 1062.0, 1025.0, 967.0, 1039.0, 1138.0, 969.0, 941.0, 940.0, 856.0, 937.0, 989.0, 868.0, 899.0, 843.0, 1008.0, 1071.0, 1192.0, 879.0, 825.0, 892.0, 906.0, 935.0, 890.0, 824.0, 833.0, 811.0, 1048.0, 913.0, 918.0, 947.0, 928.0, 839.0, 832.0], [1189.0, 1075.0, 1010.0, 999.0, 1080.0, 978.0, 857.0, 887.0, 788.0, 814.0, 830.0, 753.0, 903.0, 830.0, 946.0, 897.0]],