{"solver": ["elitist", "elitist", "elitist", "elitist", "elitist", "elitist", "elitist", "elitist", "elitist", "elitist"], "size": [537600, 537600, 537600, 537600, 537600, 537600, 537600, 537600, 537600, 537600], "times": [5.9258317947387695, 3.4357213973999023, 3.8909451961517334, 4.802651643753052, 2.9649734497070312, 5.147030830383301, 4.691409111022949, 3.656421661376953, 5.099238395690918, 3.7692999839782715], "bests": [510.0, 510.0, 491.0, 491.0, 509.0, 491.0, 491.0, 491.0, 491.0, 510.0], "avg_fits": [[919.96, 850.5416666666666, 822.625, 779.6666666666666, 754.4166666666666, 744.0, 673.7916666666666, 677.1666666666666, 654.4583333333334, 639.625, 616.5833333333334, 655.1666666666666, 632.4166666666666, 629.9166666666666, 635.625, 663.7916666666666, 654.375, 677.875, 663.0416666666666, 637.0416666666666, 628.1666666666666, 619.25, 624.0833333333334, 594.7916666666666, 620.9583333333334, 639.2916666666666, 635.125, 667.8333333333334, 660.3333333333334, 636.0416666666666], [867.92, 803.9166666666666, 717.875, 719.1666666666666, 697.8333333333334, 635.125, 643.5416666666666, 641.4166666666666, 665.0, 656.7083333333334, 658.2083333333334, 592.2083333333334, 631.4583333333334, 638.375, 644.125, 701.375], [947.88, 806.7916666666666, 770.4166666666666, 721.2083333333334, 699.2916666666666, 670.75, 721.3333333333334, 702.6666666666666, 681.2916666666666, 633.0, 666.4166666666666, 613.4583333333334, 597.9166666666666, 615.3333333333334, 625.2083333333334, 619.125, 618.625, 623.5, 652.75, 635.2916666666666], [949.76, 848.25, 809.75, 757.2083333333334, 724.875, 697.375, 692.5833333333334, 700.6666666666666, 643.875, 638.9166666666666, 626.6666666666666, 657.5, 638.2083333333334, 622.5, 611.75, 593.5, 634.3333333333334, 645.4583333333334, 628.9583333333334, 626.9583333333334, 600.25, 628.9583333333334, 627.0833333333334, 605.2083333333334, 627.5416666666666, 645.5, 639.625, 658.0], [881.64, 791.125, 704.9166666666666, 683.0833333333334, 674.2083333333334, 665.4583333333334, 651.2083333333334, 654.5416666666666, 649.1666666666666, 661.0833333333334, 629.8333333333334, 628.9166666666666, 672.875, 650.2916666666666, 691.4583333333334], [943.88, 821.2083333333334, 742.4166666666666, 751.625, 721.5833333333334, 740.125, 654.0416666666666, 681.8333333333334, 674.2916666666666, 671.4166666666666, 642.7916666666666, 655.4583333333334, 662.0416666666666, 662.0, 657.5416666666666, 646.9166666666666, 588.75, 622.5, 584.5, 619.3333333333334, 617.5833333333334, 637.25, 640.6666666666666, 591.5833333333334, 615.9583333333334, 636.9166666666666, 655.2916666666666, 677.0833333333334], [965.4, 827.0416666666666, 781.5416666666666, 769.5416666666666, 705.5416666666666, 707.125, 696.75, 661.7916666666666, 674.375, 672.4583333333334, 657.5, 670.5833333333334, 692.7083333333334, 641.8333333333334, 642.7083333333334, 658.7916666666666, 617.0, 656.125, 635.1666666666666, 652.9583333333334, 592.25, 613.5, 597.6666666666666, 599.3333333333334, 628.1666666666666, 618.8333333333334, 628.2916666666666], [950.92, 830.6666666666666, 784.125, 751.25, 734.5416666666666, 722.5833333333334, 663.6666666666666, 674.75, 694.1666666666666, 686.625, 665.875, 652.375, 643.8333333333334, 633.2083333333334, 623.0, 596.7083333333334, 622.0416666666666, 657.75, 639.9166666666666], [954.56, 850.9583333333334, 812.625, 734.9166666666666, 726.8333333333334, 753.75, 655.375, 633.375, 631.4583333333334, 631.875, 653.2083333333334, 635.5, 641.7916666666666, 660.2916666666666, 647.5833333333334, 595.0, 658.5, 631.375, 603.25, 629.375, 641.9166666666666, 648.1666666666666, 662.625, 635.75, 632.5, 610.75, 623.4583333333334, 658.875, 643.2916666666666, 624.5416666666666], [902.24, 762.9166666666666, 724.0416666666666, 689.5833333333334, 664.4583333333334, 694.7083333333334, 704.0416666666666, 651.4166666666666, 628.5416666666666, 649.2083333333334, 645.7083333333334, 619.9166666666666, 611.25, 638.9166666666666, 628.0416666666666, 591.2083333333334, 620.1666666666666, 663.2083333333334]], "min_fits": [[766.0, 728.0, 697.0, 593.0, 593.0, 569.0, 524.0, 524.0, 524.0, 524.0, 524.0, 524.0, 516.0, 516.0, 515.0, 515.0, 515.0, 515.0, 515.0, 510.0, 510.0, 510.0, 510.0, 510.0, 510.0, 510.0, 510.0, 510.0, 510.0, 510.0], [690.0, 524.0, 524.0, 524.0, 524.0, 510.0, 510.0, 510.0, 510.0, 510.0, 510.0, 510.0, 510.0, 510.0, 510.0, 510.0], [711.0, 604.0, 574.0, 574.0, 555.0, 548.0, 504.0, 504.0, 504.0, 491.0, 491.0, 491.0, 491.0, 491.0, 491.0, 491.0, 491.0, 491.0, 491.0, 491.0], [692.0, 692.0, 613.0, 611.0, 587.0, 537.0, 537.0, 509.0, 509.0, 505.0, 505.0, 504.0, 504.0, 504.0, 504.0, 504.0, 496.0, 491.0, 491.0, 491.0, 491.0, 491.0, 491.0, 491.0, 491.0, 491.0, 491.0, 491.0], [680.0, 570.0, 570.0, 560.0, 509.0, 509.0, 509.0, 509.0, 509.0, 509.0, 509.0, 509.0, 509.0, 509.0, 509.0], [625.0, 625.0, 614.0, 556.0, 541.0, 541.0, 516.0, 516.0, 516.0, 516.0, 516.0, 516.0, 496.0, 496.0, 496.0, 496.0, 496.0, 491.0, 491.0, 491.0, 491.0, 491.0, 491.0, 491.0, 491.0, 491.0, 491.0, 491.0], [731.0, 633.0, 633.0, 585.0, 578.0, 553.0, 531.0, 504.0, 504.0, 504.0, 504.0, 504.0, 504.0, 503.0, 503.0, 503.0, 491.0, 491.0, 491.0, 491.0, 491.0, 491.0, 491.0, 491.0, 491.0, 491.0, 491.0], [708.0, 697.0, 667.0, 587.0, 536.0, 536.0, 536.0, 516.0, 491.0, 491.0, 491.0, 491.0, 491.0, 491.0, 491.0, 491.0, 491.0, 491.0, 491.0], [742.0, 553.0, 553.0, 553.0, 543.0, 524.0, 524.0, 505.0, 505.0, 505.0, 505.0, 505.0, 505.0, 504.0, 504.0, 504.0, 504.0, 504.0, 504.0, 491.0, 491.0, 491.0, 491.0, 491.0, 491.0, 491.0, 491.0, 491.0, 491.0, 491.0], [634.0, 544.0, 538.0, 538.0, 538.0, 538.0, 522.0, 510.0, 510.0, 510.0, 510.0, 510.0, 510.0, 510.0, 510.0, 510.0, 510.0, 510.0]], "max_fits": [[1129.0, 1031.0, 1224.0, 1180.0, 1037.0, 1039.0, 848.0, 1048.0, 840.0, 873.0, 840.0, 961.0, 823.0, 950.0, 840.0, 1092.0, 908.0, 935.0, 939.0, 827.0, 932.0, 888.0, 1048.0, 789.0, 810.0, 918.0, 816.0, 921.0, 914.0, 892.0], [1080.0, 1097.0, 906.0, 987.0, 981.0, 825.0, 947.0, 865.0, 977.0, 875.0, 1043.0, 806.0, 992.0, 802.0, 972.0, 1057.0], [1286.0, 1017.0, 1062.0, 1040.0, 924.0, 835.0, 1047.0, 946.0, 992.0, 833.0, 1089.0, 780.0, 793.0, 785.0, 899.0, 841.0, 920.0, 879.0, 1043.0, 995.0], [1293.0, 1051.0, 1036.0, 1013.0, 1002.0, 889.0, 896.0, 991.0, 791.0, 942.0, 865.0, 910.0, 1060.0, 875.0, 864.0, 812.0, 877.0, 909.0, 920.0, 983.0, 801.0, 881.0, 960.0, 764.0, 816.0, 840.0, 830.0, 878.0], [1058.0, 1155.0, 876.0, 877.0, 991.0, 869.0, 899.0, 974.0, 949.0, 925.0, 962.0, 765.0, 1011.0, 924.0, 873.0], [1177.0, 1108.0, 933.0, 1014.0, 989.0, 1162.0, 907.0, 994.0, 917.0, 1039.0, 1045.0, 828.0, 904.0, 885.0, 846.0, 880.0, 812.0, 818.0, 815.0, 1128.0, 892.0, 1025.0, 881.0, 798.0, 855.0, 916.0, 881.0, 947.0], [1297.0, 1018.0, 1075.0, 1057.0, 917.0, 901.0, 967.0, 829.0, 891.0, 916.0, 849.0, 965.0, 941.0, 882.0, 800.0, 950.0, 971.0, 902.0, 846.0, 1057.0, 825.0, 792.0, 850.0, 885.0, 802.0, 791.0, 832.0], [1289.0, 1051.0, 938.0, 914.0, 909.0, 1001.0, 888.0, 945.0, 1012.0, 947.0, 906.0, 951.0, 824.0, 829.0, 912.0, 995.0, 762.0, 829.0, 958.0], [1180.0, 1056.0, 1229.0, 948.0, 925.0, 1059.0, 912.0, 789.0, 746.0, 934.0, 961.0, 857.0, 1054.0, 839.0, 839.0, 774.0, 931.0, 857.0, 804.0, 917.0, 896.0, 980.0, 991.0, 926.0, 956.0, 871.0, 776.0, 909.0, 873.0, 926.0], [1169.0, 992.0, 1032.0, 921.0, 899.0, 890.0, 981.0, 893.0, 993.0, 1254.0, 933.0, 875.0, 841.0, 1093.0, 842.0, 756.0, 1118.0, 989.0]], "items_0": [[601.0, 569.0, 568.0, 555.0, 548.0, 523.0, 510.0, 510.0, 510.0, 510.0]], "best_final": [510.0, 510.0, 491.0, 491.0, 509.0, 491.0, 491.0, 491.0, 491.0, 510.0], "items_1": [[616.0, 606.0, 584.0, 583.0, 528.0, 510.0, 510.0, 510.0, 510.0, 510.0]], "items_2": [[597.0, 593.0, 577.0, 570.0, 549.0, 549.0, 541.0, 523.0, 491.0, 491.0]], "items_3": [[600.0, 570.0, 568.0, 558.0, 557.0, 550.0, 549.0, 491.0, 491.0, 491.0]], "items_4": [[639.0, 600.0, 597.0, 597.0, 568.0, 566.0, 555.0, 509.0, 509.0, 509.0]], "items_5": [[616.0, 616.0, 614.0, 584.0, 582.0, 577.0, 576.0, 567.0, 491.0, 491.0]],