{"solver": ["elitist", "elitist", "elitist", "elitist", "elitist", "elitist", "elitist", "elitist", "elitist", "elitist"], "size": [537600, 537600, 537600, 537600, 537600, 537600, 537600, 537600, 537600, 537600], "times": [4.384466648101807, 3.536433696746826, 4.471180200576782, 3.190290689468384, 5.4471752643585205, 5.737983226776123, 5.048980712890625, 3.7130722999572754, 7.750321626663208, 6.306674003601074], "bests": [510.0, 503.0, 511.0, 511.0, 510.0, 503.0, 510.0, 510.0, 491.0, 491.0], "avg_fits": [[890.72, 833.0416666666666, 762.9166666666666, 751.5, 671.25, 672.5, 651.6666666666666, 664.75, 622.75, 616.9583333333334, 650.0416666666666, 665.625, 651.75, 625.5, 661.4583333333334, 638.125, 618.125, 644.0833333333334], [967.8, 831.4583333333334, 724.125, 680.25, 669.6666666666666, 661.4166666666666, 647.2916666666666, 631.0833333333334, 680.0416666666666, 680.125, 654.75, 645.9583333333334, 622.3333333333334, 618.5833333333334, 638.7916666666666, 649.625, 657.7916666666666, 604.125], [945.8, 829.2916666666666, 784.875, 757.8333333333334, 736.4166666666666, 724.0, 683.875, 649.9166666666666, 681.0, 653.3333333333334, 665.0, 651.9166666666666, 654.6666666666666, 685.75, 648.3333333333334, 674.5833333333334, 633.0416666666666, 665.8333333333334, 656.25, 618.625, 649.375, 628.9583333333334], [894.8, 837.375, 763.7083333333334, 711.5833333333334, 694.7083333333334, 682.7083333333334, 674.2916666666666, 679.1666666666666, 647.1666666666666, 667.0, 673.0833333333334, 652.1666666666666, 643.5416666666666, 657.4583333333334, 684.8333333333334], [982.16, 889.0416666666666, 797.375, 762.375, 692.2916666666666, 678.6666666666666, 666.875, 641.4166666666666, 635.875, 644.7083333333334, 651.8333333333334, 644.5833333333334, 628.0833333333334, 644.9583333333334, 657.625, 649.1666666666666, 621.5416666666666, 645.375, 620.5833333333334, 614.125, 632.7083333333334, 600.6666666666666, 607.5, 616.6666666666666, 654.3333333333334], [957.6, 890.5, 842.5416666666666, 765.5833333333334, 744.0, 707.875, 673.125, 662.8333333333334, 648.8333333333334, 614.7083333333334, 588.0, 595.2083333333334, 615.9583333333334, 635.2083333333334, 657.0416666666666, 629.2916666666666, 600.5, 608.1666666666666, 627.625, 645.2083333333334, 619.0833333333334, 640.6666666666666, 663.2083333333334, 598.4583333333334, 614.8333333333334, 623.7083333333334, 646.875], [982.6, 901.6666666666666, 822.3333333333334, 738.6666666666666, 747.4166666666666, 700.5416666666666, 634.5833333333334, 671.1666666666666, 683.2916666666666, 624.0833333333334, 657.0833333333334, 629.625, 613.5833333333334, 615.5833333333334, 633.4583333333334, 602.5416666666666, 642.7916666666666, 664.375, 656.1666666666666, 682.4583333333334, 657.8333333333334], [949.04, 887.5416666666666, 800.3333333333334, 747.75, 710.4583333333334, 724.0416666666666, 676.0, 672.125, 675.0833333333334, 626.5833333333334, 637.0416666666666, 662.875, 623.9166666666666, 680.4583333333334, 643.0833333333334, 629.1666666666666], [952.92, 867.5, 772.625, 746.0, 705.375, 732.8333333333334, 700.75, 691.75, 708.9166666666666, 676.6666666666666, 634.625, 674.7916666666666, 654.75, 662.6666666666666, 686.5833333333334, 664.125, 644.9166666666666, 617.3333333333334, 610.25, 645.9583333333334, 631.5833333333334, 651.9166666666666, 620.5, 630.0833333333334, 601.3333333333334, 626.0416666666666, 619.25, 649.0833333333334, 614.9583333333334, 653.375, 608.75, 600.9166666666666, 647.2916666666666, 633.9583333333334, 650.25, 673.5416666666666, 689.0, 643.0833333333334], [937.76, 835.75, 745.9583333333334, 728.875, 705.6666666666666, 690.375, 685.375, 680.9583333333334, 636.9583333333334, 628.8333333333334, 640.9583333333334, 627.3333333333334, 626.4166666666666, 628.5416666666666, 615.5416666666666, 612.3333333333334, 617.5833333333334, 623.625, 631.5416666666666, 656.4166666666666, 647.1666666666666, 611.5833333333334, 600.9583333333334, 643.0416666666666, 607.25, 606.2916666666666, 637.25, 630.9583333333334, 630.5833333333334, 631.4166666666666, 648.5416666666666, 637.2083333333334, 629.5833333333334]], "min_fits": [[676.0, 592.0, 582.0, 542.0, 542.0, 523.0, 523.0, 510.0, 510.0, 510.0, 510.0, 510.0, 510.0, 510.0, 510.0, 510.0, 510.0, 510.0], [573.0, 573.0, 554.0, 524.0, 524.0, 524.0, 517.0, 503.0, 503.0, 503.0, 503.0, 503.0, 503.0, 503.0, 503.0, 503.0, 503.0, 503.0], [659.0, 659.0, 590.0, 561.0, 561.0, 524.0, 524.0, 523.0, 523.0, 523.0, 523.0, 511.0, 511.0, 511.0, 511.0, 511.0, 511.0, 511.0, 511.0, 511.0, 511.0, 511.0], [688.0, 646.0, 590.0, 575.0, 511.0, 511.0, 511.0, 511.0, 511.0, 511.0, 511.0, 511.0, 511.0, 511.0, 511.0], [720.0, 613.0, 613.0, 613.0, 536.0, 536.0, 511.0, 511.0, 511.0, 511.0, 511.0, 511.0, 511.0, 511.0, 510.0, 510.0, 510.0, 510.0, 510.0, 510.0, 510.0, 510.0, 510.0, 510.0, 510.0], [662.0, 662.0, 620.0, 581.0, 581.0, 528.0, 515.0, 515.0, 515.0, 515.0, 515.0, 510.0, 510.0, 510.0, 504.0, 504.0, 503.0, 503.0, 503.0, 503.0, 503.0, 503.0, 503.0, 503.0, 503.0, 503.0, 503.0], [736.0, 736.0, 606.0, 547.0, 547.0, 547.0, 547.0, 515.0, 515.0, 515.0, 510.0, 510.0, 510.0, 510.0, 510.0, 510.0, 510.0, 510.0, 510.0, 510.0, 510.0], [674.0, 674.0, 666.0, 515.0, 515.0, 510.0, 510.0, 510.0, 510.0, 510.0, 510.0, 510.0, 510.0, 510.0, 510.0, 510.0], [696.0, 644.0, 644.0, 627.0, 612.0, 572.0, 572.0, 553.0, 553.0, 528.0, 528.0, 528.0, 528.0, 523.0, 523.0, 523.0, 504.0, 504.0, 504.0, 504.0, 504.0, 504.0, 504.0, 504.0, 504.0, 503.0, 503.0, 491.0, 491.0, 491.0, 491.0, 491.0, 491.0, 491.0, 491.0, 491.0, 491.0, 491.0], [710.0, 607.0, 569.0, 569.0, 569.0, 522.0, 522.0, 522.0, 522.0, 522.0, 510.0, 504.0, 504.0, 504.0, 504.0, 504.0, 504.0, 503.0, 503.0, 503.0, 503.0, 497.0, 491.0, 491.0, 491.0, 491.0, 491.0, 491.0, 491.0, 491.0, 491.0, 491.0, 491.0]], "max_fits": [[1235.0, 1070.0, 1028.0, 1093.0, 846.0, 887.0, 809.0, 995.0, 929.0, 949.0, 874.0, 911.0, 907.0, 770.0, 961.0, 919.0, 843.0, 840.0], [1381.0, 1123.0, 957.0, 1009.0, 871.0, 941.0, 956.0, 870.0, 965.0, 1038.0, 932.0, 962.0, 843.0, 807.0, 965.0, 939.0, 913.0, 866.0], [1252.0, 1080.0, 957.0, 1031.0, 997.0, 933.0, 885.0, 825.0, 1027.0, 897.0, 853.0, 872.0, 875.0, 1001.0, 869.0, 998.0, 925.0, 920.0, 1087.0, 810.0, 923.0, 873.0], [1055.0, 1101.0, 1071.0, 928.0, 959.0, 908.0, 846.0, 883.0, 996.0, 950.0, 841.0, 906.0, 900.0, 884.0, 896.0], [1180.0, 1187.0, 987.0, 1102.0, 970.0, 858.0, 867.0, 878.0, 886.0, 1150.0, 874.0, 958.0, 833.0, 847.0, 854.0, 901.0, 982.0, 1034.0, 951.0, 826.0, 847.0, 1007.0, 871.0, 755.0, 914.0], [1124.0, 1136.0, 1173.0, 1003.0, 1053.0, 1055.0, 959.0, 916.0, 975.0, 925.0, 762.0, 792.0, 935.0, 795.0, 847.0, 870.0, 777.0, 842.0, 783.0, 902.0, 846.0, 861.0, 958.0, 853.0, 837.0, 866.0, 866.0], [1283.0, 1159.0, 1138.0, 1072.0, 1125.0, 1024.0, 902.0, 1063.0, 933.0, 861.0, 867.0, 845.0, 890.0, 893.0, 833.0, 812.0, 978.0, 974.0, 963.0, 899.0, 941.0], [1158.0, 1084.0, 1143.0, 1057.0, 981.0, 949.0, 916.0, 911.0, 972.0, 820.0, 883.0, 851.0, 817.0, 1103.0, 936.0, 833.0], [1229.0, 1186.0, 969.0, 976.0, 872.0, 978.0, 839.0, 895.0, 1219.0, 993.0, 835.0, 911.0, 990.0, 850.0, 1058.0, 1095.0, 929.0, 866.0, 845.0, 876.0, 782.0, 1034.0, 870.0, 893.0, 817.0, 901.0, 914.0, 936.0, 795.0, 1122.0, 817.0, 862.0, 1060.0, 903.0, 799.0, 916.0, 902.0, 932.0], [1279.0, 1074.0, 929.0, 1033.0, 1186.0, 1032.0, 967.0, 998.0, 800.0, 784.0, 918.0, 859.0, 854.0, 842.0, 877.0, 867.0, 780.0, 850.0, 956.0, 972.0, 873.0, 906.0, 788.0, 1083.0, 842.0, 821.0, 1006.0, 881.0, 835.0, 891.0, 1107.0, 891.0, 877.0]], "items_0": [[589.0, 574.0, 569.0, 568.0, 563.0, 523.0, 510.0, 510.0, 510.0, 510.0]], "best_final": [510.0, 503.0, 511.0, 510.0, 510.0, 503.0, 510.0, 510.0, 491.0, 491.0], "items_1": [[604.0, 564.0, 562.0, 562.0, 510.0, 503.0, 503.0, 503.0, 503.0, 503.0]], "items_2": [[582.0, 581.0, 548.0, 542.0, 541.0, 536.0, 516.0, 511.0, 511.0, 511.0]], "items_3": [[580.0, 569.0, 547.0, 511.0, 511.0, 511.0, 511.0, 511.0, 511.0, 510.0]], "items_4": [[569.0, 569.0, 568.0, 542.0, 542.0, 542.0, 510.0, 510.0, 510.0, 510.0]],