{"solver": ["elitist", "elitist", "elitist", "elitist", "elitist", "elitist", "elitist", "elitist", "elitist", "elitist"], "size": [537600, 537600, 537600, 537600, 537600, 537600, 537600, 537600, 537600, 537600], "times": [55.19147491455078, 45.703253984451294, 38.561306953430176, 29.097005128860474, 46.47003149986267, 51.3289692401886, 48.29121398925781, 35.80390977859497, 42.73971486091614, 38.08964276313782], "bests": [491.0, 496.0, 496.0, 491.0, 496.0, 510.0, 496.0, 491.0, 491.0, 496.0], "avg_fits": [[935.88, 860.4166666666666, 754.0, 697.1666666666666, 648.9583333333334, 689.8333333333334, 692.0833333333334, 662.0833333333334, 654.2083333333334, 623.375, 603.25, 599.4583333333334, 608.2083333333334, 610.125, 584.3333333333334, 587.875, 603.1666666666666, 598.25, 612.875, 610.25, 615.4583333333334, 654.375, 615.625, 612.375, 572.0416666666666, 595.0416666666666, 605.5833333333334, 597.7916666666666, 597.7083333333334], [965.76, 895.2083333333334, 850.4583333333334, 799.0, 758.4583333333334, 660.5416666666666, 643.1666666666666, 667.0, 644.125, 588.1666666666666, 584.4583333333334, 586.7083333333334, 580.25, 603.7916666666666, 580.9583333333334, 576.9583333333334, 592.75, 618.5416666666666, 606.2083333333334, 578.9166666666666, 580.125, 582.7916666666666, 584.625], [866.64, 756.9166666666666, 667.9583333333334, 654.875, 632.5416666666666, 627.375, 632.5, 618.9166666666666, 574.5, 557.5416666666666, 571.7083333333334, 598.4583333333334, 579.1666666666666, 588.0, 608.9583333333334, 559.4583333333334, 606.2083333333334, 594.625, 599.625, 601.7916666666666], [951.44, 868.3333333333334, 748.7083333333334, 671.0833333333334, 648.2083333333334, 626.75, 616.5, 641.7916666666666, 612.875, 608.125, 601.0, 607.9583333333334, 638.75, 613.375, 601.9583333333334], [938.88, 757.2916666666666, 694.75, 658.2916666666666, 632.5833333333334, 647.375, 619.7083333333334, 636.0, 653.875, 617.3333333333334, 592.0416666666666, 614.8333333333334, 586.375, 579.7083333333334, 574.1666666666666, 609.125, 615.0, 606.4166666666666, 630.125, 603.0833333333334, 626.0416666666666, 604.0], [943.24, 817.7083333333334, 788.4166666666666, 709.1666666666666, 706.9583333333334, 681.8333333333334, 672.2916666666666, 670.625, 638.5833333333334, 647.0416666666666, 589.6666666666666, 655.9583333333334, 620.3333333333334, 636.875, 618.5, 623.5, 614.2083333333334, 580.6666666666666, 603.625, 610.0416666666666, 583.0, 603.5, 577.2083333333334, 589.875, 639.6666666666666], [945.12, 800.3333333333334, 732.0, 686.5416666666666, 670.9583333333334, 658.0416666666666, 643.7083333333334, 648.9583333333334, 632.8333333333334, 599.125, 576.2083333333334, 583.125, 574.6666666666666, 574.125, 571.5, 608.3333333333334, 566.25, 576.25, 588.125, 568.0833333333334, 591.75, 608.5416666666666], [987.44, 881.9583333333334, 845.5, 766.5833333333334, 720.625, 743.6666666666666, 699.25, 666.4166666666666, 640.2083333333334, 617.3333333333334, 596.1666666666666, 580.375, 600.625, 628.6666666666666, 631.8333333333334, 590.5833333333334, 566.0, 588.75, 570.5416666666666], [930.92, 789.7083333333334, 731.0416666666666, 682.0, 697.6666666666666, 694.9166666666666, 628.3333333333334, 651.4166666666666, 614.875, 618.75, 644.9583333333334, 591.625, 593.875, 619.2083333333334, 612.125, 599.6666666666666, 588.3333333333334, 603.0, 593.875, 582.0833333333334, 603.125, 607.5833333333334, 628.6666666666666], [912.04, 767.4166666666666, 707.9583333333334, 728.75, 648.1666666666666, 616.125, 597.0, 602.2916666666666, 623.375, 609.5416666666666, 614.3333333333334, 609.0, 634.0416666666666, 621.0, 588.9166666666666, 616.2916666666666, 616.75, 616.5, 561.0416666666666]], "min_fits": [[649.0, 605.0, 570.0, 528.0, 528.0, 528.0, 528.0, 528.0, 521.0, 516.0, 503.0, 503.0, 503.0, 503.0, 503.0, 503.0, 503.0, 503.0, 491.0, 491.0, 491.0, 491.0, 491.0, 491.0, 491.0, 491.0, 491.0, 491.0, 491.0], [787.0, 783.0, 673.0, 590.0, 562.0, 510.0, 509.0, 509.0, 509.0, 509.0, 509.0, 509.0, 496.0, 496.0, 496.0, 496.0, 496.0, 496.0, 496.0, 496.0, 496.0, 496.0, 496.0], [610.0, 515.0, 515.0, 515.0, 515.0, 515.0, 515.0, 515.0, 515.0, 496.0, 496.0, 496.0, 496.0, 496.0, 496.0, 496.0, 496.0, 496.0, 496.0, 496.0], [718.0, 644.0, 590.0, 566.0, 491.0, 491.0, 491.0, 491.0, 491.0, 491.0, 491.0, 491.0, 491.0, 491.0, 491.0], [635.0, 588.0, 576.0, 567.0, 510.0, 509.0, 509.0, 509.0, 509.0, 509.0, 509.0, 496.0, 496.0, 496.0, 496.0, 496.0, 496.0, 496.0, 496.0, 496.0, 496.0, 496.0], [721.0, 614.0, 614.0, 529.0, 529.0, 523.0, 523.0, 523.0, 523.0, 523.0, 523.0, 523.0, 523.0, 523.0, 510.0, 510.0, 510.0, 510.0, 510.0, 510.0, 510.0, 510.0, 510.0, 510.0, 510.0], [617.0, 609.0, 609.0, 573.0, 516.0, 516.0, 516.0, 508.0, 508.0, 508.0, 508.0, 496.0, 496.0, 496.0, 496.0, 496.0, 496.0, 496.0, 496.0, 496.0, 496.0, 496.0], [759.0, 668.0, 651.0, 651.0, 636.0, 560.0, 560.0, 560.0, 491.0, 491.0, 491.0, 491.0, 491.0, 491.0, 491.0, 491.0, 491.0, 491.0, 491.0], [675.0, 536.0, 536.0, 528.0, 528.0, 528.0, 509.0, 509.0, 509.0, 509.0, 509.0, 509.0, 491.0, 491.0, 491.0, 491.0, 491.0, 491.0, 491.0, 491.0, 491.0, 491.0, 491.0], [641.0, 631.0, 579.0, 579.0, 528.0, 523.0, 523.0, 515.0, 496.0, 496.0, 496.0, 496.0, 496.0, 496.0, 496.0, 496.0, 496.0, 496.0, 496.0]], "max_fits": [[1222.0, 1128.0, 975.0, 950.0, 826.0, 975.0, 971.0, 894.0, 973.0, 783.0, 805.0, 721.0, 743.0, 1026.0, 782.0, 872.0, 742.0, 722.0, 851.0, 750.0, 868.0, 977.0, 877.0, 929.0, 727.0, 760.0, 838.0, 825.0, 843.0], [1174.0, 1091.0, 1167.0, 1074.0, 984.0, 887.0, 866.0, 955.0, 912.0, 840.0, 754.0, 1050.0, 772.0, 893.0, 950.0, 819.0, 788.0, 832.0, 829.0, 846.0, 770.0, 759.0, 747.0], [1143.0, 1110.0, 860.0, 892.0, 845.0, 921.0, 964.0, 936.0, 848.0, 750.0, 840.0, 839.0, 794.0, 866.0, 1057.0, 672.0, 775.0, 795.0, 765.0, 912.0], [1381.0, 1094.0, 1078.0, 907.0, 783.0, 841.0, 810.0, 891.0, 979.0, 1024.0, 845.0, 776.0, 817.0, 904.0, 742.0], [1303.0, 930.0, 941.0, 825.0, 804.0, 865.0, 764.0, 865.0, 797.0, 883.0, 824.0, 841.0, 736.0, 820.0, 764.0, 820.0, 862.0, 757.0, 870.0, 808.0, 879.0, 799.0], [1225.0, 1027.0, 1084.0, 965.0, 1108.0, 903.0, 882.0, 877.0, 868.0, 899.0, 803.0, 1037.0, 871.0, 862.0, 973.0, 835.0, 806.0, 816.0, 812.0, 851.0, 837.0, 810.0, 772.0, 760.0, 932.0], [1147.0, 1224.0, 1032.0, 802.0, 1047.0, 903.0, 820.0, 875.0, 834.0, 834.0, 695.0, 840.0, 711.0, 774.0, 892.0, 794.0, 742.0, 874.0, 903.0, 790.0, 738.0, 781.0], [1287.0, 1194.0, 1001.0, 1027.0, 938.0, 959.0, 950.0, 839.0, 867.0, 779.0, 730.0, 835.0, 784.0, 837.0, 918.0, 945.0, 730.0, 974.0, 740.0], [1286.0, 1161.0, 1001.0, 888.0, 933.0, 987.0, 833.0, 918.0, 874.0, 992.0, 975.0, 787.0, 795.0, 1006.0, 778.0, 1053.0, 764.0, 825.0, 775.0, 888.0, 746.0, 756.0, 949.0], [1322.0, 1129.0, 901.0, 1045.0, 822.0, 745.0, 867.0, 746.0, 909.0, 781.0, 805.0, 825.0, 956.0, 899.0, 764.0, 899.0, 802.0, 790.0, 654.0]], "items_0": [[510.0, 504.0, 503.0, 496.0, 492.0, 491.0, 491.0, 491.0, 491.0, 491.0]], "best_final": [491.0, 496.0, 496.0, 491.0, 496.0, 510.0, 496.0, 491.0, 491.0, 496.0], "items_1": [[600.0, 592.0, 587.0, 534.0, 528.0, 509.0, 496.0, 496.0, 496.0, 496.0]], "items_2": [[548.0, 536.0, 523.0, 516.0, 516.0, 515.0, 515.0, 509.0, 496.0, 496.0]], "items_3": [[562.0, 562.0, 555.0, 550.0, 550.0, 517.0, 496.0, 496.0, 491.0, 491.0]], "items_4": [[575.0, 553.0, 528.0, 528.0, 528.0, 509.0, 496.0, 496.0, 496.0, 496.0]], "items_5": [[627.0, 595.0, 594.0, 569.0, 568.0, 568.0, 535.0, 528.0, 510.0, 510.0]], "items_6": [[576.0, 568.0, 565.0, 550.0, 524.0, 521.0, 508.0, 496.0, 496.0, 496.0]], "items_7": [[523.0, 510.0, 496.0, 496.0, 491.0, 491.0, 491.0, 491.0, 491.0, 491.0]], "items_8": [[548.0, 537.0, 529.0, 503.0, 491.0, 491.0, 491.0, 491.0, 491.0, 491.0]], "items_9": [[567.0, 555.0, 542.0, 497.0, 497.0, 497.0, 496.0, 496.0, 496.0, 496.0]]}