{"solver": ["elitist", "elitist", "elitist", "elitist", "elitist", "elitist", "elitist", "elitist", "elitist", "elitist"], "size": [1344, 1344, 1344, 1344, 1344, 1344, 1344, 1344, 1344, 1344], "times": [10.355902194976807, 8.551932334899902, 8.66466474533081, 8.000182151794434, 6.645384788513184, 6.999640941619873, 9.47780990600586, 6.563480615615845, 7.100656747817993, 7.333287715911865], "bests": [293.0, 293.0, 293.0, 293.0, 293.0, 293.0, 293.0, 293.0, 293.0, 293.0], "avg_fits": [[NaN, NaN, NaN, NaN, NaN, NaN, NaN, NaN, NaN, 357.8333333333333, NaN, NaN, NaN, NaN, NaN, NaN, NaN, 336.75, NaN, NaN, NaN], [NaN, NaN, NaN, NaN, NaN, NaN, NaN, NaN, NaN, NaN, NaN, NaN, NaN, NaN, NaN, NaN, 333.4583333333333], [NaN, NaN, NaN, NaN, NaN, NaN, NaN, 347.8333333333333, NaN, NaN, NaN, NaN, NaN, NaN, NaN, NaN, NaN], [NaN, NaN, NaN, NaN, NaN, NaN, NaN, NaN, NaN, NaN, NaN, NaN, 326.8333333333333, NaN, NaN, NaN], [NaN, NaN, NaN, NaN, NaN, NaN, NaN, 332.0833333333333, NaN, NaN, 312.0, NaN, NaN], [NaN, NaN, NaN, NaN, NaN, NaN, NaN, NaN, NaN, NaN, NaN, NaN, NaN, 320.625], [NaN, NaN, NaN, NaN, NaN, NaN, NaN, NaN, NaN, NaN, NaN, NaN, NaN, NaN, NaN, NaN, NaN, NaN, NaN], [NaN, NaN, NaN, NaN, NaN, NaN, NaN, NaN, NaN, NaN, NaN, NaN, NaN], [NaN, NaN, NaN, NaN, NaN, NaN, NaN, NaN, NaN, NaN, NaN, NaN, NaN, NaN], [NaN, NaN, NaN, NaN, NaN, NaN, NaN, NaN, NaN, NaN, NaN, NaN, NaN, NaN]], "min_fits": [[NaN, 457.0, 385.0, 367.0, 367.0, 306.0, 306.0, 306.0, 306.0, 306.0, 293.0, 293.0, 293.0, 293.0, 293.0, 293.0, 293.0, 293.0, 293.0, 293.0, 293.0], [NaN, 305.0, 305.0, 305.0, 305.0, 305.0, 293.0, 293.0, 293.0, 293.0, 293.0, 293.0, 293.0, 293.0, 293.0, 293.0, 293.0], [NaN, 382.0, 350.0, 306.0, 306.0, 306.0, 293.0, 293.0, 293.0, 293.0, 293.0, 293.0, 293.0, 293.0, 293.0, 293.0, 293.0], [NaN, 318.0, 318.0, 305.0, 305.0, 293.0, 293.0, 293.0, 293.0, 293.0, 293.0, 293.0, 293.0, 293.0, 293.0, 293.0], [NaN, 293.0, 293.0, 293.0, 293.0, 293.0, 293.0, 293.0, 293.0, 293.0, 293.0, 293.0, 293.0], [NaN, 384.0, 384.0, 293.0, 293.0, 293.0, 293.0, 293.0, 293.0, 293.0, 293.0, 293.0, 293.0, 293.0], [NaN, 457.0, 337.0, 337.0, 305.0, 305.0, 305.0, 305.0, 293.0, 293.0, 293.0, 293.0, 293.0, 293.0, 293.0, 293.0, 293.0, 293.0, 293.0], [NaN, 385.0, 293.0, 293.0, 293.0, 293.0, 293.0, 293.0, 293.0, 293.0, 293.0, 293.0, 293.0], [NaN, 306.0, 306.0, 293.0, 293.0, 293.0, 293.0, 293.0, 293.0, 293.0, 293.0, 293.0, 293.0, 293.0], [NaN, 318.0, 306.0, 293.0, 293.0, 293.0, 293.0, 293.0, 293.0, 293.0, 293.0, 293.0, 293.0, 293.0]], "max_fits": [[NaN, 788.0, 788.0, 672.0, 598.0, 640.0, 537.0, 583.0, 507.0, 516.0, 575.0, 519.0, 587.0, 460.0, 540.0, 518.0, 483.0, 483.0, 542.0, 460.0, 460.0], [NaN, 575.0, 575.0, 616.0, 587.0, 618.0, 509.0, 551.0, 650.0, 472.0, 650.0, 483.0, 551.0, 548.0, 519.0, 496.0, 460.0], [NaN, 595.0, 638.0, 599.0, 583.0, 426.0, 611.0, 505.0, 460.0, 489.0, 483.0, 460.0, 562.0, 428.0, 460.0, 524.0, 618.0], [NaN, 640.0, 644.0, 537.0, 617.0, 756.0, 575.0, 515.0, 519.0, 542.0, 611.0, 483.0, 503.0, 542.0, 503.0, 542.0], [NaN, 676.0, 731.0, 569.0, 489.0, 542.0, 397.0, 483.0, 483.0, 729.0, 444.0, 460.0, 544.0], [NaN, 617.0, 676.0, 709.0, 539.0, 457.0, 635.0, 483.0, 460.0, 496.0, 507.0, 519.0, 460.0, 460.0], [NaN, 788.0, 709.0, 556.0, 544.0, 519.0, 542.0, 542.0, 611.0, 551.0, 567.0, 460.0, 460.0, 528.0, 460.0, 460.0, 483.0, 557.0, 505.0], [NaN, 714.0, 729.0, 524.0, 475.0, 472.0, 496.0, 448.0, 428.0, 519.0, 508.0, 556.0, 461.0], [NaN, 603.0, 611.0, 555.0, 560.0, 548.0, 372.0, 460.0, 575.0, 555.0, 444.0, 579.0, 483.0, 487.0], [NaN, 658.0, 611.0, 646.0, 594.0, 618.0, 567.0, 562.0, 483.0, 615.0, 496.0, 483.0, 503.0, 444.0]], "items_0": [[352.0, 318.0, 293.0, 293.0, 293.0, 293.0, 293.0, 293.0, 293.0, 293.0]], "best_final": [293.0, 293.0, 293.0, 293.0, 293.0, 293.0, 293.0, 293.0, 293.0, 293.0], "items_1": [[305.0, 293.0, 293.0, 293.0, 293.0, 293.0, 293.0, 293.0, 293.0, 293.0]], "items_2": [[293.0, 293.0, 293.0, 293.0, 293.0, 293.0, 293.0, 293.0, 352.0, 318.0]], "items_3": [[293.0, 293.0, 293.0, 293.0, 293.0, 293.0, 293.0, 293.0, 293.0, 293.0]], "items_4": [[318.0, 293.0, 293.0, 293.0, 306.0, 293.0, 293.0, 293.0, 293.0, 293.0]], "items_5": [[293.0, 293.0, 293.0, 293.0, 293.0, 293.0, 293.0, 293.0, 293.0, 293.0]], "items_6": [[293.0, 293.0, 293.0, 293.0, 293.0, 293.0, 293.0, 293.0, 293.0, 293.0]], "items_7": [[293.0, 293.0, 293.0, 293.0, 293.0, 293.0, 293.0, 293.0, 293.0, 293.0]], "items_8": [[305.0, 293.0, 293.0, 293.0, 293.0, 293.0, 293.0, 293.0, 293.0, 293.0]], "items_9": [[293.0, 293.0, 293.0, 293.0, 293.0, 293.0, 293.0, 293.0, 293.0, 293.0]]}