{"solver": ["elitist", "elitist", "elitist", "elitist", "elitist", "elitist", "elitist", "elitist", "elitist", "elitist"], "times": [7.0941596031188965, 6.411367177963257, 4.825591325759888, 6.3566436767578125, 3.2486393451690674, 2.393040895462036, 4.947457790374756, 6.074422597885132, 8.134089469909668, 4.123281478881836], "bests": [491.0, 503.0, 510.0, 491.0, 503.0, 522.0, 503.0, 491.0, 503.0, 496.0], "avg_fits": [[924.2, 835.2916666666666, 788.4166666666666, 734.7916666666666, 686.5833333333334, 704.8333333333334, 652.4583333333334, 677.375, 655.125, 658.9583333333334, 690.6666666666666, 657.5, 636.7083333333334, 657.9166666666666, 646.375, 626.75, 619.4583333333334, 615.5833333333334, 643.0833333333334, 648.0, 660.2916666666666, 624.1666666666666, 618.25, 647.3333333333334, 663.5416666666666, 665.2083333333334, 616.375, 599.9583333333334, 615.6666666666666, 613.9166666666666, 638.9166666666666, 696.9583333333334], [985.2, 865.75, 791.2083333333334, 750.875, 751.3333333333334, 734.4166666666666, 690.0833333333334, 664.125, 656.8333333333334, 652.2916666666666, 644.8333333333334, 643.875, 635.375, 641.9166666666666, 667.0416666666666, 651.75, 658.5416666666666, 645.4166666666666, 681.3333333333334, 684.2083333333334, 651.9583333333334, 650.2083333333334, 633.9583333333334, 637.75, 598.0416666666666, 590.6666666666666, 609.8333333333334], [909.84, 753.0416666666666, 743.2083333333334, 726.5, 699.875, 671.0416666666666, 634.7916666666666, 626.2916666666666, 669.7916666666666, 640.9166666666666, 610.5416666666666, 657.7916666666666, 633.1666666666666, 613.875, 665.7083333333334, 657.7916666666666, 668.9166666666666], [924.76, 859.625, 770.875, 696.9166666666666, 713.75, 667.5833333333334, 671.7916666666666, 651.125, 681.4583333333334, 623.9583333333334, 633.3333333333334, 637.75, 646.5833333333334, 677.625, 674.2916666666666, 662.0, 693.6666666666666, 645.9583333333334, 626.0416666666666, 647.2916666666666, 634.4583333333334, 618.7083333333334, 629.875, 642.4166666666666, 625.4583333333334, 645.4166666666666, 622.5, 599.7916666666666, 621.5, 619.4166666666666, 602.2083333333334, 626.5416666666666, 642.2083333333334, 643.2083333333334], [945.36, 836.8333333333334, 769.2083333333334, 708.5833333333334, 725.0833333333334, 704.2083333333334, 674.0, 631.25, 675.9583333333334, 650.875, 653.5416666666666, 613.9166666666666, 635.9583333333334, 624.875, 618.25], [912.48, 811.7916666666666, 719.875, 674.75, 702.0416666666666, 673.9166666666666, 694.0, 716.125, 685.9583333333334, 660.9166666666666, 666.625, 641.1666666666666, 694.25, 644.7083333333334], [928.6, 796.9583333333334, 748.9166666666666, 683.0, 699.25, 667.1666666666666, 678.0, 705.2083333333334, 687.0416666666666, 675.5, 640.25, 638.9583333333334, 616.5416666666666, 631.125, 628.25, 626.75, 608.9583333333334, 631.4583333333334, 649.3333333333334, 630.7083333333334, 636.4583333333334], [915.32, 835.5416666666666, 767.6666666666666, 735.0, 707.0833333333334, 679.0416666666666, 679.0833333333334, 633.7916666666666, 640.9583333333334, 646.1666666666666, 642.0833333333334, 672.625, 675.4583333333334, 652.5833333333334, 640.9583333333334, 675.4166666666666, 687.0, 630.9583333333334, 630.4583333333334, 605.375, 655.2083333333334, 616.7083333333334, 589.2083333333334, 660.2083333333334, 625.625, 649.4166666666666, 659.75, 645.1666666666666, 634.9583333333334, 660.9166666666666], [894.64, 832.4583333333334, 720.9166666666666, 704.375, 678.375, 685.2083333333334, 653.7916666666666, 637.5833333333334, 642.6666666666666, 640.75, 644.75, 639.4583333333334, 596.9583333333334, 606.7083333333334, 646.1666666666666, 657.125, 678.0833333333334, 677.4166666666666, 674.4166666666666, 620.1666666666666, 654.8333333333334, 671.875, 658.5416666666666, 679.7916666666666, 643.875, 663.125, 633.2083333333334, 648.625, 651.0833333333334, 670.7916666666666, 646.2083333333334, 660.2083333333334, 648.625, 638.7916666666666, 656.5833333333334, 688.0416666666666, 637.5416666666666], [894.8, 776.3333333333334, 748.25, 734.0, 718.6666666666666, 724.5, 700.125, 678.9583333333334, 666.0, 656.5833333333334, 649.9583333333334, 630.375, 666.1666666666666, 682.75, 705.0416666666666, 660.5, 616.5, 595.25, 620.0, 611.5416666666666]], "min_fits": [[607.0, 602.0, 582.0, 547.0, 516.0, 516.0, 516.0, 516.0, 516.0, 516.0, 516.0, 516.0, 509.0, 509.0, 504.0, 503.0, 503.0, 496.0, 496.0, 496.0, 496.0, 491.0, 491.0, 491.0, 491.0, 491.0, 491.0, 491.0, 491.0, 491.0, 491.0, 491.0], [705.0, 657.0, 639.0, 626.0, 604.0, 572.0, 572.0, 547.0, 515.0, 515.0, 515.0, 510.0, 510.0, 510.0, 510.0, 504.0, 503.0, 503.0, 503.0, 503.0, 503.0, 503.0, 503.0, 503.0, 503.0, 503.0, 503.0], [580.0, 580.0, 576.0, 537.0, 515.0, 515.0, 510.0, 510.0, 510.0, 510.0, 510.0, 510.0, 510.0, 510.0, 510.0, 510.0, 510.0], [671.0, 671.0, 603.0, 532.0, 532.0, 532.0, 531.0, 531.0, 531.0, 518.0, 505.0, 505.0, 505.0, 505.0, 505.0, 504.0, 504.0, 504.0, 504.0, 504.0, 504.0, 504.0, 504.0, 491.0, 491.0, 491.0, 491.0, 491.0, 491.0, 491.0, 491.0, 491.0, 491.0, 491.0], [683.0, 627.0, 565.0, 565.0, 503.0, 503.0, 503.0, 503.0, 503.0, 503.0, 503.0, 503.0, 503.0, 503.0, 503.0], [524.0, 524.0, 524.0, 522.0, 522.0, 522.0, 522.0, 522.0, 522.0, 522.0, 522.0, 522.0, 522.0, 522.0], [628.0, 562.0, 562.0, 540.0, 540.0, 540.0, 540.0, 530.0, 530.0, 510.0, 503.0, 503.0, 503.0, 503.0, 503.0, 503.0, 503.0, 503.0, 503.0, 503.0, 503.0], [680.0, 622.0, 588.0, 588.0, 584.0, 575.0, 524.0, 511.0, 511.0, 511.0, 492.0, 492.0, 492.0, 492.0, 492.0, 492.0, 492.0, 492.0, 492.0, 491.0, 491.0, 491.0, 491.0, 491.0, 491.0, 491.0, 491.0, 491.0, 491.0, 491.0], [679.0, 627.0, 574.0, 574.0, 543.0, 543.0, 543.0, 538.0, 528.0, 510.0, 509.0, 509.0, 509.0, 509.0, 509.0, 509.0, 509.0, 509.0, 504.0, 504.0, 504.0, 504.0, 504.0, 504.0, 504.0, 504.0, 503.0, 503.0, 503.0, 503.0, 503.0, 503.0, 503.0, 503.0, 503.0, 503.0, 503.0], [624.0, 578.0, 578.0, 578.0, 509.0, 509.0, 509.0, 509.0, 509.0, 496.0, 496.0, 496.0, 496.0, 496.0, 496.0, 496.0, 496.0, 496.0, 496.0, 496.0]], "max_fits": [[1219.0, 997.0, 1048.0, 964.0, 989.0, 917.0, 869.0, 885.0, 839.0, 889.0, 1140.0, 1088.0, 1007.0, 978.0, 894.0, 855.0, 1083.0, 824.0, 848.0, 916.0, 846.0, 839.0, 773.0, 899.0, 1024.0, 938.0, 894.0, 768.0, 846.0, 831.0, 849.0, 971.0], [1271.0, 1160.0, 1029.0, 959.0, 936.0, 881.0, 865.0, 869.0, 835.0, 875.0, 807.0, 912.0, 1046.0, 881.0, 884.0, 922.0, 892.0, 868.0, 977.0, 935.0, 909.0, 846.0, 988.0, 864.0, 845.0, 739.0, 817.0], [1126.0, 993.0, 1016.0, 980.0, 1072.0, 913.0, 824.0, 1020.0, 871.0, 938.0, 853.0, 980.0, 823.0, 855.0, 1009.0, 919.0, 982.0], [1197.0, 1132.0, 1042.0, 949.0, 929.0, 803.0, 968.0, 997.0, 987.0, 867.0, 918.0, 918.0, 853.0, 949.0, 926.0, 878.0, 931.0, 1014.0, 868.0, 826.0, 759.0, 879.0, 902.0, 852.0, 779.0, 864.0, 779.0, 769.0, 841.0, 830.0, 855.0, 808.0, 861.0, 877.0], [1367.0, 1164.0, 976.0, 951.0, 958.0, 942.0, 1021.0, 847.0, 920.0, 938.0, 977.0, 805.0, 910.0, 856.0, 825.0], [1180.0, 1054.0, 972.0, 939.0, 920.0, 933.0, 974.0, 908.0, 978.0, 1251.0, 947.0, 975.0, 977.0, 928.0], [1188.0, 1101.0, 995.0, 1096.0, 917.0, 839.0, 904.0, 980.0, 900.0, 911.0, 857.0, 846.0, 793.0, 941.0, 848.0, 1057.0, 778.0, 915.0, 916.0, 872.0, 857.0], [1292.0, 1063.0, 976.0, 944.0, 954.0, 1048.0, 850.0, 891.0, 1041.0, 911.0, 802.0, 932.0, 954.0, 803.0, 849.0, 888.0, 1137.0, 894.0, 954.0, 804.0, 890.0, 839.0, 756.0, 891.0, 800.0, 978.0, 882.0, 987.0, 896.0, 978.0], [1120.0, 1154.0, 923.0, 910.0, 862.0, 885.0, 857.0, 973.0, 816.0, 955.0, 859.0, 856.0, 802.0, 880.0, 868.0, 880.0, 957.0, 932.0, 866.0, 844.0, 821.0, 870.0, 922.0, 953.0, 840.0, 852.0, 878.0, 877.0, 991.0, 1009.0, 859.0, 934.0, 871.0, 922.0, 956.0, 1041.0, 867.0], [1178.0, 1118.0, 995.0, 1012.0, 847.0, 882.0, 838.0, 913.0, 834.0, 993.0, 852.0, 928.0, 885.0, 984.0, 1000.0, 943.0, 916.0, 904.0, 874.0, 797.0]], "items_0": [[637.0, 619.0, 619.0, 587.0, 565.0, 552.0, 549.0, 548.0, 491.0, 491.0]], "items_1": [[562.0, 562.0, 528.0, 521.0, 510.0, 503.0, 503.0, 503.0, 503.0, 503.0]],