{"solver": ["elitist", "elitist", "elitist", "elitist", "elitist", "elitist", "elitist", "elitist", "elitist", "elitist"], "size": [537600, 537600, 537600, 537600, 537600, 537600, 537600, 537600, 537600, 537600], "times": [5.558273553848267, 4.684434413909912, 3.906956911087036, 4.836851119995117, 8.651090383529663, 4.110096216201782, 4.723753452301025, 2.9245545864105225, 5.79061484336853, 4.473656415939331], "bests": [492.0, 492.0, 510.0, 491.0, 491.0, 491.0, 491.0, 491.0, 491.0, 491.0], "avg_fits": [[941.32, 850.4583333333334, 759.125, 722.25, 702.3333333333334, 662.2916666666666, 680.375, 675.4166666666666, 651.7916666666666, 646.25, 621.625, 663.3333333333334, 631.9166666666666, 617.75, 643.5416666666666, 646.7083333333334, 640.9583333333334, 625.5, 602.2083333333334, 604.5416666666666, 660.375, 685.2083333333334, 636.25, 615.75, 618.5416666666666, 644.9583333333334, 691.1666666666666, 641.5, 671.5, 685.75, 642.0416666666666, 652.9166666666666, 647.4583333333334], [960.28, 851.75, 769.2916666666666, 752.6666666666666, 707.2083333333334, 680.0833333333334, 664.375, 666.5, 678.0, 655.4583333333334, 653.7916666666666, 680.0, 631.875, 617.9166666666666, 663.5416666666666, 630.5416666666666, 667.25, 658.0416666666666, 634.5416666666666, 658.25, 643.8333333333334, 664.0, 639.5416666666666, 657.25, 615.4166666666666, 640.0416666666666, 642.7916666666666, 651.2083333333334], [964.44, 844.4583333333334, 793.4583333333334, 740.25, 703.5, 711.0416666666666, 657.2083333333334, 684.75, 650.875, 636.7916666666666, 619.2083333333334, 619.0833333333334, 629.0, 629.1666666666666, 621.9166666666666, 625.8333333333334, 659.7083333333334, 670.875], [963.12, 830.125, 746.0, 682.625, 680.75, 668.4583333333334, 642.6666666666666, 665.2083333333334, 681.7083333333334, 671.4166666666666, 670.2916666666666, 637.7916666666666, 635.875, 612.25, 635.7916666666666, 686.125, 655.5416666666666, 632.2916666666666, 635.4166666666666, 659.25, 676.9166666666666, 632.0416666666666, 625.75, 611.2916666666666, 616.125, 614.25, 639.1666666666666], [924.96, 816.8333333333334, 758.3333333333334, 747.5416666666666, 738.0833333333334, 710.9583333333334, 685.5, 664.125, 694.125, 704.7916666666666, 678.7916666666666, 672.25, 647.0833333333334, 637.125, 672.125, 686.4583333333334, 613.125, 660.75, 638.5833333333334, 614.6666666666666, 608.8333333333334, 630.5833333333334, 609.6666666666666, 629.0, 660.9166666666666, 651.5, 675.3333333333334, 639.25, 651.2083333333334, 655.0416666666666, 607.2083333333334, 611.875, 646.4166666666666, 604.9583333333334, 619.0, 597.5833333333334, 599.8333333333334, 609.2916666666666, 645.125, 618.6666666666666, 623.4166666666666, 638.1666666666666, 639.5416666666666, 642.4166666666666, 603.0416666666666], [905.32, 840.25, 767.7916666666666, 750.375, 732.875, 696.7083333333334, 682.8333333333334, 682.0833333333334, 647.5416666666666, 660.375, 620.625, 607.7916666666666, 613.1666666666666, 633.0833333333334, 631.9583333333334, 654.4583333333334, 638.8333333333334, 641.25, 610.4583333333334, 643.9166666666666, 625.8333333333334, 606.375, 630.5416666666666], [921.96, 796.3333333333334, 725.7083333333334, 689.0416666666666, 684.0833333333334, 669.875, 652.5416666666666, 662.7916666666666, 655.625, 614.125, 614.8333333333334, 660.5416666666666, 664.875, 661.125, 640.5, 645.8333333333334, 625.9583333333334, 619.1666666666666, 653.875, 640.2083333333334, 659.0, 613.375, 649.3333333333334, 662.875], [936.04, 792.5416666666666, 782.4166666666666, 699.5833333333334, 665.0416666666666, 657.875, 679.2083333333334, 643.0416666666666, 662.125, 619.6666666666666, 620.875, 624.9166666666666, 609.2083333333334, 598.0833333333334, 575.25, 627.4166666666666], [933.72, 899.75, 829.1666666666666, 791.7916666666666, 784.6666666666666, 727.0, 698.0, 661.5416666666666, 687.5416666666666, 623.625, 674.1666666666666, 633.25, 649.2083333333334, 645.5416666666666, 638.5416666666666, 663.2916666666666, 660.75, 611.4583333333334, 617.2083333333334, 659.875, 659.4583333333334, 612.3333333333334, 621.25, 634.0, 649.5833333333334, 648.4583333333334, 642.875, 637.8333333333334, 623.7083333333334, 615.4583333333334, 628.75, 650.0833333333334, 620.7083333333334, 631.0833333333334, 630.25], [969.6, 866.6666666666666, 830.9166666666666, 765.2083333333334, 740.5833333333334, 712.4583333333334, 691.25, 691.875, 646.375, 622.4166666666666, 621.375, 620.0833333333334, 615.9166666666666, 666.1666666666666, 656.25, 662.9583333333334, 619.2916666666666, 596.3333333333334, 631.25, 598.625, 589.125, 602.8333333333334, 642.75, 631.875]], "min_fits": [[722.0, 689.0, 550.0, 550.0, 550.0, 550.0, 523.0, 523.0, 523.0, 521.0, 521.0, 521.0, 521.0, 521.0, 521.0, 521.0, 509.0, 509.0, 509.0, 496.0, 496.0, 496.0, 492.0, 492.0, 492.0, 492.0, 492.0, 492.0, 492.0, 492.0, 492.0, 492.0, 492.0], [673.0, 673.0, 573.0, 573.0, 573.0, 553.0, 509.0, 509.0, 509.0, 509.0, 509.0, 504.0, 504.0, 504.0, 504.0, 504.0, 504.0, 492.0, 492.0, 492.0, 492.0, 492.0, 492.0, 492.0, 492.0, 492.0, 492.0, 492.0], [723.0, 675.0, 584.0, 584.0, 542.0, 530.0, 515.0, 510.0, 510.0, 510.0, 510.0, 510.0, 510.0, 510.0, 510.0, 510.0, 510.0, 510.0], [621.0, 621.0, 541.0, 509.0, 509.0, 509.0, 509.0, 509.0, 509.0, 504.0, 504.0, 496.0, 496.0, 496.0, 496.0, 496.0, 491.0, 491.0, 491.0, 491.0, 491.0, 491.0, 491.0, 491.0, 491.0, 491.0, 491.0], [673.0, 632.0, 632.0, 632.0, 632.0, 579.0, 579.0, 579.0, 523.0, 523.0, 523.0, 523.0, 523.0, 510.0, 510.0, 510.0, 510.0, 510.0, 510.0, 510.0, 508.0, 504.0, 504.0, 504.0, 504.0, 504.0, 504.0, 496.0, 496.0, 496.0, 496.0, 496.0, 496.0, 496.0, 491.0, 491.0, 491.0, 491.0, 491.0, 491.0, 491.0, 491.0, 491.0, 491.0, 491.0], [712.0, 654.0, 654.0, 563.0, 563.0, 560.0, 492.0, 492.0, 492.0, 492.0, 492.0, 492.0, 491.0, 491.0, 491.0, 491.0, 491.0, 491.0, 491.0, 491.0, 491.0, 491.0, 491.0], [575.0, 547.0, 547.0, 547.0, 547.0, 547.0, 515.0, 508.0, 508.0, 508.0, 508.0, 496.0, 496.0, 491.0, 491.0, 491.0, 491.0, 491.0, 491.0, 491.0, 491.0, 491.0, 491.0, 491.0], [687.0, 597.0, 565.0, 523.0, 492.0, 491.0, 491.0, 491.0, 491.0, 491.0, 491.0, 491.0, 491.0, 491.0, 491.0, 491.0], [737.0, 642.0, 642.0, 615.0, 509.0, 509.0, 509.0, 509.0, 509.0, 509.0, 509.0, 509.0, 509.0, 504.0, 504.0, 504.0, 504.0, 504.0, 492.0, 492.0, 492.0, 492.0, 492.0, 492.0, 491.0, 491.0, 491.0, 491.0, 491.0, 491.0, 491.0, 491.0, 491.0, 491.0, 491.0], [747.0, 693.0, 557.0, 557.0, 557.0, 542.0, 542.0, 496.0, 496.0, 496.0, 496.0, 496.0, 496.0, 491.0, 491.0, 491.0, 491.0, 491.0, 491.0, 491.0, 491.0, 491.0, 491.0, 491.0]],