{"solver": ["elitist", "elitist", "elitist", "elitist", "elitist", "elitist", "elitist", "elitist", "elitist", "elitist"], "size": [691200, 691200, 691200, 691200, 691200, 691200, 691200, 691200, 691200, 691200], "times": [8.239588499069214, 12.863391399383545, 10.194920778274536, 7.231717348098755, 7.246674537658691, 4.7129600048065186, 8.687032699584961, 9.750999450683594, 6.193679571151733, 4.043120384216309], "bests": [497.0, 492.0, 505.0, 492.0, 504.0, 505.0, 492.0, 492.0, 504.0, 573.0], "avg_fits": [[NaN, NaN, NaN, NaN, 824.2083333333334, NaN, NaN, NaN, NaN, NaN, NaN, NaN, NaN, NaN, NaN, NaN, 631.875, NaN, NaN, 637.125, NaN, NaN, NaN, NaN, NaN, NaN], [NaN, NaN, NaN, NaN, NaN, NaN, NaN, NaN, NaN, NaN, NaN, NaN, NaN, NaN, NaN, NaN, NaN, NaN, NaN, NaN, NaN, NaN, NaN, NaN, NaN, NaN, NaN, NaN, NaN, NaN, NaN, NaN, NaN, NaN, NaN, NaN, NaN, NaN, NaN, NaN, NaN, NaN, NaN, NaN], [NaN, NaN, NaN, NaN, NaN, NaN, NaN, NaN, NaN, NaN, NaN, NaN, NaN, NaN, NaN, NaN, NaN, NaN, NaN, NaN, NaN, NaN, NaN], [NaN, NaN, NaN, NaN, NaN, NaN, NaN, 721.1666666666666, NaN, NaN, NaN, NaN, NaN, NaN, NaN, NaN, NaN, NaN, NaN, NaN, NaN, NaN, NaN, NaN, NaN, NaN, NaN, NaN, NaN, NaN], [NaN, NaN, NaN, NaN, NaN, NaN, NaN, NaN, NaN, 736.4583333333334, 692.375, NaN, NaN, NaN, NaN, NaN, NaN, NaN, NaN, NaN, NaN, NaN, NaN, NaN], [NaN, NaN, NaN, NaN, NaN, NaN, NaN, NaN, NaN, NaN, NaN, NaN, NaN, 636.3333333333334, NaN, NaN, NaN, NaN, NaN, NaN], [NaN, NaN, NaN, NaN, NaN, NaN, NaN, NaN, NaN, NaN, NaN, NaN, NaN, NaN, NaN, 692.4583333333334, NaN, NaN, NaN, NaN, NaN, NaN, NaN, NaN, NaN, NaN, NaN, NaN, NaN], [NaN, NaN, NaN, NaN, NaN, NaN, NaN, NaN, NaN, NaN, NaN, NaN, NaN, NaN, NaN, NaN, NaN, 624.5416666666666, NaN, NaN, NaN, NaN, NaN], [NaN, NaN, NaN, NaN, NaN, NaN, NaN, NaN, NaN, NaN, NaN, NaN, NaN, NaN, NaN, NaN, NaN, NaN, NaN, NaN, 681.2083333333334, NaN, NaN, NaN], [NaN, NaN, NaN, NaN, NaN, NaN, NaN, NaN, NaN, NaN, NaN, NaN, NaN, NaN, NaN, 711.0]], "min_fits": [[824.0, 747.0, 747.0, 670.0, 616.0, 574.0, 561.0, 561.0, 561.0, 547.0, 547.0, 547.0, 510.0, 510.0, 510.0, 497.0, 497.0, 497.0, 497.0, 497.0, 497.0, 497.0, 497.0, 497.0, 497.0, 497.0], [NaN, 832.0, 733.0, 681.0, 608.0, 608.0, 608.0, 608.0, 581.0, 568.0, 568.0, 568.0, 568.0, 568.0, 531.0, 531.0, 531.0, 531.0, 531.0, 531.0, 531.0, 531.0, 531.0, 531.0, 517.0, 517.0, 517.0, 517.0, 504.0, 504.0, 504.0, 504.0, 504.0, 492.0, 492.0, 492.0, 492.0, 492.0, 492.0, 492.0, 492.0, 492.0, 492.0, 492.0], [949.0, 839.0, 800.0, 708.0, 652.0, 639.0, 593.0, 593.0, 574.0, 574.0, 561.0, 510.0, 505.0, 505.0, 505.0, 505.0, 505.0, 505.0, 505.0, 505.0, 505.0, 505.0, 505.0], [779.0, 779.0, 701.0, 648.0, 616.0, 616.0, 613.0, 563.0, 563.0, 547.0, 534.0, 534.0, 510.0, 510.0, 510.0, 497.0, 497.0, 497.0, 497.0, 492.0, 492.0, 492.0, 492.0, 492.0, 492.0, 492.0, 492.0, 492.0, 492.0, 492.0], [NaN, 684.0, 654.0, 634.0, 634.0, 634.0, 571.0, 571.0, 566.0, 566.0, 566.0, 510.0, 510.0, 504.0, 504.0, 504.0, 504.0, 504.0, 504.0, 504.0, 504.0, 504.0, 504.0, 504.0], [NaN, 801.0, 796.0, 699.0, 634.0, 574.0, 574.0, 574.0, 574.0, 505.0, 505.0, 505.0, 505.0, 505.0, 505.0, 505.0, 505.0, 505.0, 505.0, 505.0], [746.0, 682.0, 682.0, 645.0, 608.0, 597.0, 597.0, 597.0, 551.0, 551.0, 538.0, 538.0, 538.0, 538.0, 538.0, 497.0, 497.0, 497.0, 492.0, 492.0, 492.0, 492.0, 492.0, 492.0, 492.0, 492.0, 492.0, 492.0, 492.0], [NaN, 652.0, 652.0, 652.0, 536.0, 536.0, 536.0, 536.0, 536.0, 504.0, 504.0, 504.0, 492.0, 492.0, 492.0, 492.0, 492.0, 492.0, 492.0, 492.0, 492.0, 492.0, 492.0], [789.0, 777.0, 612.0, 522.0, 522.0, 522.0, 522.0, 517.0, 509.0, 509.0, 509.0, 509.0, 509.0, 504.0, 504.0, 504.0, 504.0, 504.0, 504.0, 504.0, 504.0, 504.0, 504.0, 504.0], [726.0, 726.0, 689.0, 687.0, 604.0, 573.0, 573.0, 573.0, 573.0, 573.0, 573.0, 573.0, 573.0, 573.0, 573.0, 573.0]], "max_fits": [[1385.0, 1369.0, 1154.0, 1069.0, 1058.0, 1011.0, 1054.0, 984.0, 1056.0, 937.0, 951.0, 1013.0, 1107.0, 968.0, 886.0, 916.0, 836.0, 901.0, 838.0, 910.0, 882.0, 773.0, 829.0, 839.0, 869.0, 762.0], [NaN, 1190.0, 1097.0, 1090.0, 1219.0, 1045.0, 1154.0, 947.0, 963.0, 916.0, 1044.0, 1073.0, 958.0, 982.0, 1061.0, 1017.0, 985.0, 934.0, 934.0, 863.0, 872.0, 878.0, 876.0, 934.0, 979.0, 1221.0, 1011.0, 980.0, 941.0, 1088.0, 882.0, 871.0, 910.0, 1016.0, 920.0, 884.0, 943.0, 851.0, 930.0, 1079.0, 990.0, 883.0, 923.0, 834.0], [1253.0, 1286.0, 1272.0, 1199.0, 1002.0, 1104.0, 1110.0, 1060.0, 926.0, 995.0, 1018.0, 894.0, 917.0, 845.0, 938.0, 928.0, 797.0, 873.0, 854.0, 943.0, 871.0, 813.0, 945.0], [1100.0, 1152.0, 1239.0, 1022.0, 991.0, 1026.0, 1013.0, 926.0, 997.0, 1013.0, 1155.0, 874.0, 848.0, 932.0, 806.0, 843.0, 1012.0, 945.0, 795.0, 863.0, 872.0, 926.0, 836.0, 985.0, 852.0, 821.0, 890.0, 896.0, 1035.0, 934.0], [NaN, 1227.0, 1087.0, 1081.0, 995.0, 987.0, 977.0, 1036.0, 961.0, 1038.0, 989.0, 792.0, 907.0, 938.0, 954.0, 758.0, 856.0, 1030.0, 1016.0, 979.0, 865.0, 962.0, 872.0, 827.0], [NaN, 1174.0, 1184.0, 1183.0, 1056.0, 965.0, 964.0, 897.0, 947.0, 847.0, 1100.0, 870.0, 692.0, 896.0, 755.0, 823.0, 867.0, 892.0, 1112.0, 970.0], [1343.0, 1262.0, 1237.0, 1153.0, 1120.0, 1069.0, 949.0, 1215.0, 1138.0, 1073.0, 858.0, 968.0, 945.0, 1068.0, 1115.0, 1154.0, 895.0, 1060.0, 974.0, 812.0, 865.0, 887.0, 963.0, 1055.0, 880.0, 854.0, 885.0, 934.0, 1043.0], [NaN, 1160.0, 1210.0, 1009.0, 1059.0, 973.0, 1007.0, 852.0, 868.0, 976.0, 930.0, 889.0, 886.0, 922.0, 843.0, 835.0, 918.0, 919.0, 946.0, 882.0, 812.0, 932.0, 900.0], [1114.0, 1180.0, 1319.0, 1253.0, 968.0, 996.0, 1114.0, 1025.0, 972.0, 948.0, 1020.0, 978.0, 911.0, 870.0, 962.0, 862.0, 863.0, 868.0, 842.0, 875.0, 1067.0, 822.0, 866.0, 842.0], [1162.0, 1209.0, 1158.0, 930.0, 1295.0, 1036.0, 926.0, 900.0, 894.0, 864.0, 1042.0, 867.0, 873.0, 1009.0, 1067.0, 889.0]], "items_0": [[692.0, 689.0, 645.0, 644.0, 620.0, 617.0, 598.0, 534.0, 497.0, 497.0]], "best_final": [497.0, 492.0, 505.0, 492.0, 504.0, 505.0, 492.0, 492.0, 504.0, 560.0], "items_1": [[603.0, 592.0, 566.0, 566.0, 566.0, 541.0, 529.0, 505.0, 492.0, 492.0]], "items_2": [[688.0, 670.0, 645.0, 640.0, 622.0, 551.0, 532.0, 505.0, 505.0, 505.0]], "items_3": [[611.0, 607.0, 590.0, 576.0, 556.0, 549.0, 492.0, 492.0, 492.0, 492.0]], "items_4": [[611.0, 605.0, 592.0, 576.0, 565.0, 541.0, 509.0, 504.0, 504.0, 504.0]], "items_5": [[692.0, 632.0, 623.0, 615.0, 601.0, 592.0, 564.0, 505.0, 505.0, 505.0]], "items_6": [[647.0, 587.0, 581.0, 576.0, 564.0, 551.0, 551.0, 505.0, 492.0, 492.0]], "items_7": [[670.0, 666.0, 653.0, 650.0, 645.0, 635.0, 605.0, 561.0, 492.0, 492.0]], "items_8": [[598.0, 591.0, 586.0, 541.0, 536.0, 522.0, 504.0, 504.0, 504.0, 504.0]], "items_9": [[652.0, 652.0, 642.0, 632.0, 573.0, 573.0, 573.0, 573.0, 573.0, 560.0]]}