{"solver": ["elitist", "elitist", "elitist", "elitist", "elitist", "elitist", "elitist", "elitist", "elitist", "elitist"], "size": [1658880, 1658880, 1658880, 1658880, 1658880, 1658880, 1658880, 1658880, 1658880, 1658880], "times": [7.741907835006714, 6.1693150997161865, 7.202705144882202, 8.53136944770813, 11.703951358795166, 7.935367822647095, 6.82419228553772, 6.318035125732422, 6.815337657928467, 7.8543479442596436], "bests": [187.0, 187.0, 187.0, 187.0, 187.0, 187.0, 187.0, 187.0, 187.0, 187.0], "avg_fits": [[NaN, NaN, NaN, NaN, NaN, NaN, NaN, NaN, NaN, NaN, NaN, NaN, NaN], [NaN, NaN, NaN, NaN, NaN, NaN, NaN, NaN, NaN, NaN, NaN, NaN, NaN, NaN, NaN], [NaN, NaN, NaN, NaN, NaN, NaN, NaN, NaN, NaN, NaN, NaN, NaN, NaN, NaN, NaN, NaN, NaN], [NaN, NaN, NaN, NaN, NaN, NaN, NaN, NaN, NaN, NaN, NaN, NaN, NaN, NaN], [NaN, NaN, NaN, NaN, NaN, NaN, NaN, NaN, NaN, NaN, NaN, NaN, NaN, NaN], [NaN, NaN, NaN, NaN, NaN, NaN, NaN, NaN, NaN, NaN, NaN, NaN, NaN, NaN, NaN, NaN, NaN, NaN, NaN], [NaN, NaN, NaN, NaN, NaN, NaN, NaN, NaN, NaN, NaN, NaN, NaN, NaN, NaN, NaN, NaN], [NaN, NaN, NaN, NaN, NaN, NaN, NaN, NaN, NaN, NaN, NaN, NaN, NaN, NaN, NaN], [NaN, NaN, NaN, NaN, NaN, NaN, NaN, NaN, NaN, NaN, NaN, NaN, NaN, NaN, NaN, NaN, NaN], [NaN, NaN, NaN, NaN, NaN, NaN, NaN, NaN, NaN, NaN, NaN, NaN, NaN, NaN, NaN, NaN, NaN, NaN, NaN, NaN, NaN]], "min_fits": [[192.0, 192.0, 187.0, 187.0, 187.0, 187.0, 187.0, 187.0, 187.0, 187.0, 187.0, 187.0, 187.0], [NaN, 193.0, 192.0, 192.0, 187.0, 187.0, 187.0, 187.0, 187.0, 187.0, 187.0, 187.0, 187.0, 187.0, 187.0], [NaN, 193.0, 193.0, 188.0, 188.0, 188.0, 187.0, 187.0, 187.0, 187.0, 187.0, 187.0, 187.0, 187.0, 187.0, 187.0, 187.0], [NaN, 192.0, 188.0, 187.0, 187.0, 187.0, 187.0, 187.0, 187.0, 187.0, 187.0, 187.0, 187.0, 187.0], [188.0, 188.0, 188.0, 187.0, 187.0, 187.0, 187.0, 187.0, 187.0, 187.0, 187.0, 187.0, 187.0, 187.0], [239.0, 213.0, 213.0, 213.0, 198.0, 198.0, 194.0, 194.0, 187.0, 187.0, 187.0, 187.0, 187.0, 187.0, 187.0, 187.0, 187.0, 187.0, 187.0], [NaN, 193.0, 188.0, 188.0, 188.0, 187.0, 187.0, 187.0, 187.0, 187.0, 187.0, 187.0, 187.0, 187.0, 187.0, 187.0], [NaN, 192.0, 192.0, 188.0, 187.0, 187.0, 187.0, 187.0, 187.0, 187.0, 187.0, 187.0, 187.0, 187.0, 187.0], [193.0, 193.0, 193.0, 192.0, 192.0, 188.0, 187.0, 187.0, 187.0, 187.0, 187.0, 187.0, 187.0, 187.0, 187.0, 187.0, 187.0], [199.0, 194.0, 193.0, 193.0, 193.0, 193.0, 193.0, 193.0, 192.0, 192.0, 187.0, 187.0, 187.0, 187.0, 187.0, 187.0, 187.0, 187.0, 187.0, 187.0, 187.0]], "max_fits": [[279.0, 284.0, 298.0, 203.0, 233.0, 203.0, 203.0, 238.0, 198.0, 203.0, 238.0, 238.0, 198.0], [NaN, 244.0, 244.0, 238.0, 244.0, 239.0, 242.0, 284.0, 243.0, 238.0, 238.0, 233.0, 239.0, 234.0, 234.0], [NaN, 249.0, 289.0, 238.0, 239.0, 238.0, 199.0, 243.0, 204.0, 233.0, 283.0, 208.0, 208.0, 198.0, 243.0, 234.0, 242.0], [NaN, 248.0, 248.0, 248.0, 238.0, 237.0, 247.0, 288.0, 259.0, 248.0, 234.0, 213.0, 213.0, 203.0], [248.0, 234.0, 243.0, 248.0, 238.0, 247.0, 239.0, 233.0, 289.0, 283.0, 244.0, 243.0, 247.0, 239.0], [259.0, 244.0, 244.0, 239.0, 239.0, 239.0, 273.0, 253.0, 248.0, 244.0, 259.0, 238.0, 197.0, 203.0, 233.0, 234.0, 198.0, 202.0, 238.0], [NaN, 239.0, 243.0, 288.0, 258.0, 244.0, 203.0, 233.0, 243.0, 203.0, 238.0, 238.0, 208.0, 238.0, 252.0, 234.0], [NaN, 278.0, 243.0, 238.0, 244.0, 244.0, 238.0, 248.0, 237.0, 239.0, 244.0, 238.0, 243.0, 243.0, 243.0], [289.0, 247.0, 249.0, 239.0, 239.0, 243.0, 239.0, 242.0, 243.0, 243.0, 223.0, 197.0, 198.0, 243.0, 253.0, 248.0, 247.0], [288.0, 298.0, 293.0, 249.0, 238.0, 234.0, 248.0, 253.0, 243.0, 239.0, 218.0, 234.0, 233.0, 238.0, 244.0, 284.0, 252.0, 247.0, 253.0, 238.0, 263.0]], "items_0": [[188.0, 187.0, 187.0, 187.0, 187.0, 187.0, 187.0, 187.0, 187.0, 187.0]], "best_final": [187.0, 187.0, 187.0, 187.0, 187.0, 187.0, 187.0, 187.0, 187.0, 187.0], "items_1": [[197.0, 193.0, 192.0, 192.0, 187.0, 187.0, 187.0, 187.0, 187.0, 187.0]], "items_2": [[188.0, 188.0, 188.0, 188.0, 188.0, 187.0, 187.0, 187.0, 187.0, 187.0]], "items_3": [[188.0, 187.0, 187.0, 187.0, 187.0, 187.0, 187.0, 187.0, 187.0, 187.0]], "items_4": [[188.0, 188.0, 188.0, 187.0, 187.0, 187.0, 187.0, 187.0, 187.0, 187.0]], "items_5": [[197.0, 193.0, 192.0, 188.0, 188.0, 187.0, 187.0, 187.0, 187.0, 187.0]], "items_6": [[188.0, 188.0, 188.0, 187.0, 187.0, 187.0, 187.0, 187.0, 187.0, 187.0]], "items_7": [[192.0, 192.0, 192.0, 188.0, 187.0, 187.0, 187.0, 187.0, 187.0, 187.0]], "items_8": [[192.0, 192.0, 187.0, 187.0, 187.0, 187.0, 187.0, 187.0, 187.0, 187.0]], "items_9": [[187.0, 187.0, 187.0, 187.0, 187.0, 187.0, 187.0, 187.0, 187.0, 187.0]]}