{"solver": ["elitist", "elitist", "elitist", "elitist", "elitist", "elitist", "elitist", "elitist", "elitist", "elitist"], "size": [691200, 691200, 691200, 691200, 691200, 691200, 691200, 691200, 691200, 691200], "times": [3.2853102684020996, 2.956382989883423, 2.9037344455718994, 3.237539529800415, 2.3927924633026123, 3.07657527923584, 2.7739834785461426, 3.081073522567749, 3.9400177001953125, 2.2476425170898438], "bests": [497.0, 492.0, 504.0, 492.0, 505.0, 492.0, 505.0, 492.0, 492.0, 492.0], "avg_fits": [[NaN, NaN, NaN, NaN, NaN, NaN, NaN, NaN, NaN, NaN, NaN, NaN, NaN, NaN, NaN, NaN, NaN, NaN, NaN, NaN, NaN, NaN, 704.4583333333334, NaN, NaN, NaN, NaN], [NaN, NaN, NaN, NaN, 780.5, NaN, NaN, NaN, NaN, NaN, 712.4166666666666, NaN, NaN, NaN, NaN, NaN, NaN, NaN, NaN, NaN, NaN, NaN, NaN, NaN, NaN], [NaN, NaN, NaN, NaN, NaN, NaN, NaN, NaN, NaN, NaN, NaN, NaN, NaN, NaN, NaN, 693.0833333333334, NaN, NaN, NaN, NaN, NaN, NaN, NaN, NaN, NaN], [NaN, NaN, NaN, NaN, NaN, NaN, NaN, NaN, NaN, NaN, NaN, NaN, 692.2083333333334, NaN, NaN, NaN, NaN, NaN, NaN, NaN, NaN, NaN, NaN, NaN, NaN, 670.5, NaN], [NaN, NaN, NaN, NaN, NaN, NaN, NaN, NaN, NaN, NaN, NaN, NaN, NaN, NaN, NaN, NaN, NaN, NaN, NaN, NaN, NaN], [NaN, NaN, NaN, NaN, NaN, NaN, NaN, NaN, NaN, NaN, NaN, NaN, NaN, NaN, NaN, NaN, NaN, NaN, NaN, NaN, NaN, NaN, NaN, NaN, NaN, NaN], [NaN, NaN, NaN, NaN, NaN, NaN, NaN, NaN, NaN, NaN, NaN, NaN, NaN, NaN, NaN, NaN, NaN, NaN, 666.0833333333334, NaN, NaN, NaN, NaN, NaN], [NaN, NaN, NaN, NaN, NaN, NaN, NaN, NaN, NaN, NaN, NaN, NaN, NaN, NaN, NaN, NaN, NaN, NaN, NaN, NaN, NaN, NaN, NaN, NaN, NaN, NaN], [NaN, NaN, NaN, NaN, NaN, NaN, NaN, NaN, NaN, NaN, NaN, NaN, NaN, NaN, NaN, NaN, NaN, NaN, NaN, NaN, NaN, 658.9583333333334, NaN, NaN, NaN, NaN, NaN, NaN, NaN, NaN, NaN, NaN, NaN, NaN], [NaN, NaN, NaN, NaN, NaN, NaN, NaN, NaN, NaN, NaN, NaN, NaN, NaN, NaN, NaN, NaN, NaN, 648.9583333333334, NaN]], "min_fits": [[NaN, 763.0, 690.0, 689.0, 605.0, 605.0, 605.0, 536.0, 536.0, 536.0, 536.0, 509.0, 509.0, 509.0, 509.0, 509.0, 497.0, 497.0, 497.0, 497.0, 497.0, 497.0, 497.0, 497.0, 497.0, 497.0, 497.0], [NaN, 699.0, 628.0, 603.0, 534.0, 534.0, 534.0, 534.0, 534.0, 534.0, 517.0, 517.0, 517.0, 517.0, 492.0, 492.0, 492.0, 492.0, 492.0, 492.0, 492.0, 492.0, 492.0, 492.0, 492.0], [837.0, 782.0, 780.0, 689.0, 682.0, 628.0, 618.0, 542.0, 542.0, 542.0, 542.0, 517.0, 517.0, 517.0, 504.0, 504.0, 504.0, 504.0, 504.0, 504.0, 504.0, 504.0, 504.0, 504.0, 504.0], [750.0, 645.0, 645.0, 642.0, 642.0, 605.0, 504.0, 504.0, 504.0, 504.0, 504.0, 504.0, 504.0, 504.0, 504.0, 504.0, 492.0, 492.0, 492.0, 492.0, 492.0, 492.0, 492.0, 492.0, 492.0, 492.0, 492.0], [NaN, 661.0, 661.0, 581.0, 581.0, 576.0, 576.0, 517.0, 517.0, 517.0, 505.0, 505.0, 505.0, 505.0, 505.0, 505.0, 505.0, 505.0, 505.0, 505.0, 505.0], [801.0, 617.0, 617.0, 600.0, 600.0, 566.0, 522.0, 522.0, 522.0, 522.0, 522.0, 517.0, 517.0, 517.0, 517.0, 492.0, 492.0, 492.0, 492.0, 492.0, 492.0, 492.0, 492.0, 492.0, 492.0, 492.0], [903.0, 886.0, 791.0, 698.0, 688.0, 581.0, 581.0, 533.0, 533.0, 533.0, 517.0, 517.0, 517.0, 505.0, 505.0, 505.0, 505.0, 505.0, 505.0, 505.0, 505.0, 505.0, 505.0, 505.0], [795.0, 750.0, 674.0, 669.0, 595.0, 595.0, 595.0, 563.0, 519.0, 519.0, 519.0, 519.0, 519.0, 519.0, 519.0, 492.0, 492.0, 492.0, 492.0, 492.0, 492.0, 492.0, 492.0, 492.0, 492.0, 492.0], [NaN, 800.0, 691.0, 622.0, 622.0, 622.0, 524.0, 524.0, 524.0, 524.0, 524.0, 524.0, 524.0, 524.0, 524.0, 524.0, 497.0, 497.0, 497.0, 497.0, 497.0, 497.0, 497.0, 492.0, 492.0, 492.0, 492.0, 492.0, 492.0, 492.0, 492.0, 492.0, 492.0, 492.0], [752.0, 752.0, 662.0, 620.0, 551.0, 510.0, 510.0, 510.0, 492.0, 492.0, 492.0, 492.0, 492.0, 492.0, 492.0, 492.0, 492.0, 492.0, 492.0]], "max_fits": [[NaN, 1207.0, 1104.0, 1206.0, 1066.0, 973.0, 988.0, 873.0, 866.0, 922.0, 816.0, 924.0, 1155.0, 1235.0, 974.0, 974.0, 940.0, 877.0, 780.0, 903.0, 1061.0, 952.0, 1086.0, 978.0, 990.0, 907.0, 948.0], [NaN, 1124.0, 1115.0, 1110.0, 990.0, 1113.0, 903.0, 950.0, 955.0, 1016.0, 894.0, 878.0, 910.0, 859.0, 966.0, 920.0, 945.0, 886.0, 937.0, 907.0, 904.0, 868.0, 859.0, 894.0, 1038.0], [1230.0, 1361.0, 1116.0, 1155.0, 1033.0, 1091.0, 1168.0, 986.0, 970.0, 969.0, 931.0, 1055.0, 910.0, 969.0, 800.0, 927.0, 886.0, 859.0, 952.0, 876.0, 874.0, 982.0, 958.0, 898.0, 918.0], [1276.0, 1250.0, 1280.0, 1101.0, 1085.0, 1001.0, 1159.0, 901.0, 1047.0, 851.0, 875.0, 1035.0, 1038.0, 1143.0, 907.0, 765.0, 987.0, 870.0, 981.0, 883.0, 999.0, 947.0, 974.0, 903.0, 952.0, 942.0, 765.0], [NaN, 1161.0, 1215.0, 1131.0, 948.0, 991.0, 943.0, 938.0, 881.0, 892.0, 850.0, 855.0, 845.0, 977.0, 932.0, 933.0, 888.0, 978.0, 931.0, 819.0, 867.0], [1344.0, 1381.0, 1094.0, 1110.0, 954.0, 956.0, 1000.0, 1034.0, 908.0, 888.0, 914.0, 810.0, 936.0, 953.0, 904.0, 956.0, 836.0, 1014.0, 965.0, 975.0, 813.0, 867.0, 955.0, 840.0, 921.0, 837.0], [1176.0, 1322.0, 1205.0, 1134.0, 1023.0, 964.0, 1115.0, 920.0, 935.0, 1066.0, 970.0, 921.0, 894.0, 822.0, 867.0, 896.0, 905.0, 1034.0, 881.0, 873.0, 1040.0, 966.0, 862.0, 827.0], [1230.0, 1106.0, 1120.0, 976.0, 1168.0, 889.0, 1007.0, 924.0, 957.0, 867.0, 806.0, 960.0, 911.0, 911.0, 1085.0, 851.0, 852.0, 940.0, 874.0, 942.0, 1125.0, 908.0, 911.0, 984.0, 875.0, 1002.0], [NaN, 1243.0, 1165.0, 1100.0, 1090.0, 869.0, 1099.0, 1009.0, 926.0, 884.0, 909.0, 949.0, 987.0, 861.0, 1025.0, 1074.0, 888.0, 824.0, 833.0, 881.0, 752.0, 982.0, 943.0, 982.0, 819.0, 964.0, 1201.0, 859.0, 938.0, 935.0, 810.0, 870.0, 803.0, 897.0], [1332.0, 1304.0, 1182.0, 1080.0, 1093.0, 832.0, 859.0, 893.0, 795.0, 894.0, 1030.0, 966.0, 949.0, 801.0, 915.0, 845.0, 1023.0, 978.0, 896.0]], "items_0": [[723.0, 713.0, 661.0, 644.0, 629.0, 556.0, 534.0, 497.0, 497.0, 497.0]], "best_final": [497.0, 492.0, 504.0, 492.0, 505.0, 492.0, 505.0, 492.0, 492.0, 492.0], "items_1": [[620.0, 602.0, 596.0, 571.0, 542.0, 541.0, 522.0, 492.0, 492.0, 492.0]], "items_2": [[631.0, 631.0, 629.0, 615.0, 610.0, 602.0, 592.0, 504.0, 504.0, 504.0]], "items_3": [[612.0, 601.0, 590.0, 576.0, 566.0, 553.0, 551.0, 529.0, 492.0, 492.0]], "items_4": [[645.0, 628.0, 603.0, 601.0, 598.0, 564.0, 564.0, 532.0, 505.0, 505.0]], "items_5": [[643.0, 620.0, 571.0, 529.0, 529.0, 492.0, 492.0, 492.0, 492.0, 492.0]], "items_6": [[618.0, 616.0, 606.0, 601.0, 595.0, 569.0, 569.0, 505.0, 505.0, 505.0]], "items_7": [[657.0, 615.0, 603.0, 600.0, 588.0, 580.0, 551.0, 492.0, 492.0, 492.0]], "items_8": [[635.0, 612.0, 561.0, 549.0, 529.0, 529.0, 529.0, 519.0, 492.0, 492.0]], "items_9": [[603.0, 581.0, 571.0, 556.0, 505.0, 492.0, 492.0, 492.0, 492.0, 492.0]]}