{"solver": ["elitist", "elitist", "elitist", "elitist", "elitist", "elitist", "elitist", "elitist", "elitist", "elitist"], "size": [691200, 691200, 691200, 691200, 691200, 691200, 691200, 691200, 691200, 691200], "times": [50.59824252128601, 31.83193302154541, 47.23238778114319, 38.68916726112366, 38.7150092124939, 47.23986101150513, 40.44392275810242, 44.11696767807007, 45.27638506889343, 41.35797691345215], "bests": [492.0, 504.0, 497.0, 510.0, 497.0, 492.0, 497.0, 497.0, 497.0, 497.0], "avg_fits": [[NaN, NaN, NaN, NaN, NaN, NaN, NaN, 704.5, NaN, NaN, NaN, NaN, NaN, 636.5833333333334, NaN, NaN, NaN, 617.0, NaN, 616.6666666666666, NaN, NaN, NaN, NaN, NaN, NaN, 630.4583333333334, NaN, NaN], [NaN, NaN, NaN, NaN, NaN, NaN, NaN, NaN, NaN, NaN, 672.1666666666666, NaN, NaN, NaN, NaN, NaN, NaN, NaN], [NaN, NaN, NaN, NaN, 774.7083333333334, 757.0, 733.9166666666666, 699.0833333333334, 678.5833333333334, NaN, NaN, NaN, NaN, 654.7916666666666, NaN, 654.9166666666666, 609.9583333333334, NaN, 646.0833333333334, NaN, NaN, NaN, 604.7916666666666, 583.4166666666666, NaN, NaN, NaN], [NaN, NaN, NaN, 845.3333333333334, NaN, NaN, 733.25, NaN, NaN, 724.875, NaN, 646.5, NaN, NaN, NaN, NaN, NaN, NaN, 653.9166666666666, 648.4583333333334, NaN, NaN], [NaN, NaN, NaN, 803.6666666666666, NaN, NaN, 718.5416666666666, NaN, NaN, NaN, NaN, 588.7083333333334, NaN, NaN, 630.2916666666666, NaN, NaN, NaN, NaN, NaN, NaN, NaN], [NaN, NaN, NaN, NaN, 817.2083333333334, NaN, 784.75, 715.5, 676.9583333333334, 649.4583333333334, 626.0, NaN, 642.1666666666666, NaN, NaN, NaN, NaN, 641.6666666666666, NaN, 636.375, NaN, 659.2916666666666, NaN, NaN, NaN, NaN, NaN], [NaN, NaN, NaN, 793.625, 712.2916666666666, NaN, NaN, 645.7916666666666, NaN, NaN, NaN, NaN, 622.5416666666666, NaN, NaN, NaN, NaN, NaN, NaN, 642.375, NaN, NaN, NaN], [NaN, NaN, 822.5, NaN, NaN, 719.7916666666666, NaN, 686.4583333333334, NaN, NaN, NaN, NaN, NaN, NaN, NaN, NaN, NaN, 606.7916666666666, NaN, NaN, NaN, 653.8333333333334, NaN, 597.9166666666666, NaN], [NaN, NaN, NaN, NaN, NaN, 738.0, 693.0, NaN, NaN, NaN, 629.375, 626.4583333333334, 616.4166666666666, NaN, NaN, NaN, 604.375, NaN, NaN, NaN, NaN, 603.5833333333334, NaN, NaN], [NaN, NaN, 865.6666666666666, NaN, NaN, NaN, NaN, NaN, NaN, NaN, NaN, NaN, NaN, 613.0833333333334, 605.9583333333334, 590.7083333333334, NaN, 642.625, NaN, 589.9583333333334, NaN, 633.2916666666666, NaN]], "min_fits": [[747.0, 679.0, 679.0, 625.0, 583.0, 583.0, 583.0, 583.0, 541.0, 517.0, 497.0, 497.0, 497.0, 497.0, 497.0, 497.0, 497.0, 497.0, 492.0, 492.0, 492.0, 492.0, 492.0, 492.0, 492.0, 492.0, 492.0, 492.0, 492.0], [851.0, 833.0, 746.0, 746.0, 610.0, 610.0, 558.0, 504.0, 504.0, 504.0, 504.0, 504.0, 504.0, 504.0, 504.0, 504.0, 504.0, 504.0], [745.0, 745.0, 678.0, 640.0, 608.0, 608.0, 565.0, 565.0, 524.0, 524.0, 524.0, 524.0, 524.0, 524.0, 524.0, 524.0, 497.0, 497.0, 497.0, 497.0, 497.0, 497.0, 497.0, 497.0, 497.0, 497.0, 497.0], [NaN, 784.0, 754.0, 694.0, 694.0, 635.0, 522.0, 522.0, 522.0, 522.0, 522.0, 510.0, 510.0, 510.0, 510.0, 510.0, 510.0, 510.0, 510.0, 510.0, 510.0, 510.0], [NaN, 732.0, 691.0, 667.0, 667.0, 602.0, 602.0, 536.0, 536.0, 509.0, 509.0, 497.0, 497.0, 497.0, 497.0, 497.0, 497.0, 497.0, 497.0, 497.0, 497.0, 497.0], [NaN, 805.0, 731.0, 705.0, 676.0, 634.0, 625.0, 551.0, 509.0, 504.0, 504.0, 504.0, 504.0, 504.0, 504.0, 504.0, 492.0, 492.0, 492.0, 492.0, 492.0, 492.0, 492.0, 492.0, 492.0, 492.0, 492.0], [NaN, 659.0, 575.0, 575.0, 575.0, 522.0, 522.0, 522.0, 522.0, 522.0, 510.0, 509.0, 497.0, 497.0, 497.0, 497.0, 497.0, 497.0, 497.0, 497.0, 497.0, 497.0, 497.0], [829.0, 654.0, 654.0, 600.0, 600.0, 586.0, 586.0, 536.0, 536.0, 524.0, 524.0, 524.0, 524.0, 524.0, 497.0, 497.0, 497.0, 497.0, 497.0, 497.0, 497.0, 497.0, 497.0, 497.0, 497.0], [842.0, 673.0, 673.0, 646.0, 562.0, 562.0, 550.0, 550.0, 550.0, 509.0, 509.0, 509.0, 509.0, 497.0, 497.0, 497.0, 497.0, 497.0, 497.0, 497.0, 497.0, 497.0, 497.0, 497.0], [866.0, 679.0, 657.0, 546.0, 546.0, 546.0, 546.0, 546.0, 541.0, 509.0, 509.0, 509.0, 497.0, 497.0, 497.0, 497.0, 497.0, 497.0, 497.0, 497.0, 497.0, 497.0, 497.0]], "max_fits": [[1387.0, 1372.0, 1056.0, 1045.0, 1012.0, 1082.0, 912.0, 871.0, 898.0, 988.0, 901.0, 1041.0, 857.0, 855.0, 883.0, 896.0, 722.0, 842.0, 790.0, 842.0, 815.0, 814.0, 926.0, 861.0, 966.0, 900.0, 942.0, 848.0, 927.0], [1090.0, 1140.0, 1146.0, 1170.0, 1092.0, 953.0, 993.0, 1054.0, 903.0, 990.0, 943.0, 873.0, 926.0, 901.0, 932.0, 790.0, 736.0, 747.0], [1090.0, 1196.0, 1056.0, 1046.0, 974.0, 896.0, 921.0, 1013.0, 943.0, 920.0, 923.0, 839.0, 765.0, 976.0, 899.0, 872.0, 820.0, 843.0, 1019.0, 825.0, 908.0, 833.0, 944.0, 812.0, 860.0, 879.0, 843.0], [NaN, 1137.0, 1032.0, 989.0, 1005.0, 958.0, 842.0, 926.0, 929.0, 909.0, 1041.0, 899.0, 834.0, 809.0, 913.0, 871.0, 967.0, 834.0, 921.0, 901.0, 950.0, 726.0], [NaN, 1249.0, 1180.0, 1008.0, 1080.0, 1058.0, 936.0, 876.0, 949.0, 802.0, 886.0, 863.0, 721.0, 731.0, 922.0, 941.0, 1016.0, 767.0, 896.0, 874.0, 920.0, 812.0], [NaN, 1150.0, 1092.0, 1019.0, 1142.0, 886.0, 1008.0, 918.0, 931.0, 848.0, 898.0, 796.0, 869.0, 806.0, 870.0, 712.0, 1004.0, 853.0, 935.0, 884.0, 949.0, 967.0, 976.0, 1002.0, 902.0, 732.0, 786.0], [NaN, 1206.0, 1087.0, 1030.0, 855.0, 915.0, 965.0, 860.0, 923.0, 929.0, 903.0, 871.0, 782.0, 809.0, 861.0, 956.0, 881.0, 979.0, 867.0, 887.0, 796.0, 667.0, 834.0], [1275.0, 1236.0, 1052.0, 1007.0, 957.0, 923.0, 896.0, 984.0, 927.0, 899.0, 842.0, 795.0, 1048.0, 878.0, 856.0, 791.0, 823.0, 892.0, 739.0, 869.0, 921.0, 1040.0, 832.0, 809.0, 963.0], [1133.0, 1183.0, 1130.0, 1140.0, 921.0, 1045.0, 877.0, 857.0, 829.0, 836.0, 819.0, 895.0, 861.0, 870.0, 820.0, 856.0, 837.0, 732.0, 882.0, 892.0, 798.0, 793.0, 818.0, 881.0], [1280.0, 1182.0, 1063.0, 962.0, 921.0, 849.0, 953.0, 800.0, 847.0, 955.0, 874.0, 793.0, 830.0, 982.0, 783.0, 697.0, 850.0, 913.0, 924.0, 802.0, 865.0, 904.0, 795.0]], "items_0": [[558.0, 551.0, 551.0, 522.0, 517.0, 510.0, 510.0, 492.0, 492.0, 492.0]], "best_final": [492.0, 504.0, 497.0, 510.0, 497.0, 492.0, 497.0, 497.0, 497.0, 497.0], "items_1": [[583.0, 578.0, 568.0, 529.0, 529.0, 504.0, 504.0, 504.0, 504.0, 504.0]], "items_2": [[598.0, 563.0, 559.0, 554.0, 510.0, 509.0, 497.0, 497.0, 861.0, 634.0]], "items_3": [[598.0, 591.0, 574.0, 574.0, 569.0, 510.0, 510.0, 510.0, 510.0, 510.0]], "items_4": [[556.0, 550.0, 537.0, 537.0, 529.0, 524.0, 497.0, 497.0, 497.0, 497.0]], "items_5": [[562.0, 558.0, 536.0, 529.0, 505.0, 492.0, 492.0, 492.0, 492.0, 492.0]], "items_6": [[610.0, 575.0, 566.0, 556.0, 510.0, 497.0, 497.0, 497.0, 497.0, 687.0]], "items_7": [[568.0, 568.0, 556.0, 534.0, 522.0, 510.0, 510.0, 497.0, 497.0, 497.0]], "items_8": [[597.0, 576.0, 566.0, 566.0, 556.0, 509.0, 497.0, 497.0, 497.0, 497.0]], "items_9": [[566.0, 563.0, 547.0, 529.0, 497.0, 497.0, 497.0, 497.0, 497.0, 497.0]]}