{"solver": ["elitist", "elitist", "elitist", "elitist", "elitist", "elitist", "elitist", "elitist", "elitist", "elitist"], "size": [691200, 691200, 691200, 691200, 691200, 691200, 691200, 691200, 691200, 691200], "times": [5.1046507358551025, 3.6769609451293945, 4.174858093261719, 3.66084361076355, 4.295111894607544, 3.5412542819976807, 2.635606527328491, 4.190179347991943, 2.2127115726470947, 2.7317590713500977], "bests": [492.0, 505.0, 492.0, 505.0, 492.0, 492.0, 492.0, 505.0, 536.0, 505.0], "avg_fits": [[NaN, NaN, NaN, NaN, NaN, NaN, NaN, NaN, NaN, NaN, NaN, NaN, NaN, NaN, NaN, NaN, NaN, NaN, NaN, NaN, NaN, NaN, NaN, NaN, NaN, NaN, NaN, NaN, NaN, NaN, NaN, NaN, NaN, NaN, NaN, NaN], [NaN, NaN, NaN, NaN, NaN, NaN, NaN, NaN, NaN, NaN, NaN, NaN, NaN, NaN, NaN, NaN, NaN, NaN, NaN, NaN, NaN, NaN, NaN, NaN, NaN, 673.875, NaN, NaN], [NaN, NaN, NaN, NaN, NaN, NaN, NaN, NaN, NaN, NaN, NaN, NaN, NaN, NaN, NaN, NaN, NaN, NaN, NaN, NaN, NaN, NaN, NaN, NaN, NaN, NaN, NaN, NaN, NaN, NaN], [NaN, NaN, NaN, NaN, NaN, NaN, NaN, NaN, NaN, NaN, NaN, NaN, NaN, 698.5833333333334, NaN, NaN, NaN, NaN, NaN, NaN, NaN, NaN, NaN, NaN, NaN, NaN, NaN], [NaN, NaN, NaN, NaN, NaN, NaN, NaN, NaN, NaN, NaN, NaN, NaN, NaN, NaN, NaN, NaN, NaN, NaN, NaN, NaN, NaN, NaN, NaN, NaN, NaN, NaN, NaN, NaN, NaN, NaN, NaN], [NaN, NaN, NaN, NaN, NaN, NaN, NaN, NaN, NaN, NaN, NaN, NaN, NaN, NaN, NaN, NaN, 742.5, NaN, NaN, NaN, NaN, NaN, NaN, NaN, NaN, NaN, NaN, NaN, NaN, NaN], [NaN, NaN, NaN, NaN, NaN, NaN, NaN, 756.25, NaN, NaN, NaN, NaN, NaN, 670.2916666666666, NaN, NaN, NaN, NaN, NaN, NaN, NaN, NaN], [NaN, NaN, NaN, NaN, NaN, NaN, NaN, NaN, NaN, NaN, NaN, NaN, NaN, NaN, NaN, NaN, NaN, NaN, NaN, NaN, NaN, NaN, NaN, NaN, NaN, NaN, NaN, NaN, NaN, NaN, NaN, NaN, NaN, NaN, 655.4583333333334], [NaN, NaN, NaN, NaN, NaN, NaN, NaN, NaN, NaN, NaN, NaN, NaN, NaN, NaN, NaN, NaN, NaN, NaN], [NaN, NaN, NaN, 809.875, NaN, NaN, NaN, NaN, NaN, NaN, NaN, NaN, NaN, NaN, 693.375, NaN, NaN, NaN, NaN, NaN, NaN, NaN, NaN, NaN]], "min_fits": [[NaN, 844.0, 836.0, 655.0, 655.0, 655.0, 593.0, 593.0, 517.0, 517.0, 517.0, 517.0, 517.0, 517.0, 517.0, 517.0, 517.0, 517.0, 505.0, 505.0, 505.0, 505.0, 505.0, 505.0, 505.0, 492.0, 492.0, 492.0, 492.0, 492.0, 492.0, 492.0, 492.0, 492.0, 492.0, 492.0], [714.0, 632.0, 632.0, 632.0, 586.0, 586.0, 586.0, 586.0, 537.0, 537.0, 537.0, 537.0, 510.0, 510.0, 510.0, 510.0, 510.0, 505.0, 505.0, 505.0, 505.0, 505.0, 505.0, 505.0, 505.0, 505.0, 505.0, 505.0], [NaN, 797.0, 797.0, 709.0, 709.0, 672.0, 672.0, 640.0, 640.0, 640.0, 635.0, 517.0, 517.0, 517.0, 517.0, 505.0, 505.0, 505.0, 505.0, 492.0, 492.0, 492.0, 492.0, 492.0, 492.0, 492.0, 492.0, 492.0, 492.0, 492.0], [736.0, 723.0, 723.0, 670.0, 670.0, 653.0, 611.0, 606.0, 542.0, 542.0, 542.0, 542.0, 542.0, 542.0, 542.0, 542.0, 505.0, 505.0, 505.0, 505.0, 505.0, 505.0, 505.0, 505.0, 505.0, 505.0, 505.0], [NaN, 743.0, 642.0, 642.0, 642.0, 562.0, 536.0, 536.0, 536.0, 536.0, 536.0, 531.0, 531.0, 531.0, 524.0, 524.0, 497.0, 497.0, 497.0, 497.0, 492.0, 492.0, 492.0, 492.0, 492.0, 492.0, 492.0, 492.0, 492.0, 492.0, 492.0], [NaN, 653.0, 653.0, 573.0, 573.0, 573.0, 573.0, 573.0, 573.0, 573.0, 532.0, 532.0, 532.0, 532.0, 532.0, 524.0, 524.0, 524.0, 524.0, 492.0, 492.0, 492.0, 492.0, 492.0, 492.0, 492.0, 492.0, 492.0, 492.0, 492.0], [NaN, 744.0, 681.0, 671.0, 671.0, 593.0, 505.0, 505.0, 505.0, 505.0, 505.0, 492.0, 492.0, 492.0, 492.0, 492.0, 492.0, 492.0, 492.0, 492.0, 492.0, 492.0], [710.0, 710.0, 673.0, 673.0, 673.0, 657.0, 596.0, 565.0, 565.0, 565.0, 565.0, 565.0, 558.0, 558.0, 558.0, 558.0, 558.0, 558.0, 558.0, 547.0, 522.0, 522.0, 522.0, 522.0, 505.0, 505.0, 505.0, 505.0, 505.0, 505.0, 505.0, 505.0, 505.0, 505.0, 505.0], [NaN, 735.0, 700.0, 642.0, 642.0, 641.0, 604.0, 536.0, 536.0, 536.0, 536.0, 536.0, 536.0, 536.0, 536.0, 536.0, 536.0, 536.0], [NaN, 676.0, 676.0, 603.0, 603.0, 603.0, 578.0, 578.0, 529.0, 529.0, 529.0, 529.0, 517.0, 505.0, 505.0, 505.0, 505.0, 505.0, 505.0, 505.0, 505.0, 505.0, 505.0, 505.0]], "max_fits": [[NaN, 1203.0, 1200.0, 1187.0, 1012.0, 1030.0, 961.0, 952.0, 922.0, 947.0, 1028.0, 1176.0, 999.0, 968.0, 958.0, 985.0, 1007.0, 956.0, 862.0, 953.0, 984.0, 864.0, 1072.0, 1149.0, 1051.0, 947.0, 917.0, 991.0, 909.0, 877.0, 1047.0, 867.0, 907.0, 925.0, 864.0, 884.0], [1237.0, 1225.0, 1119.0, 1213.0, 930.0, 1048.0, 997.0, 918.0, 878.0, 1020.0, 876.0, 850.0, 886.0, 935.0, 963.0, 1068.0, 978.0, 957.0, 1015.0, 894.0, 890.0, 860.0, 848.0, 1134.0, 987.0, 819.0, 850.0, 875.0], [NaN, 1204.0, 1144.0, 1136.0, 1159.0, 1061.0, 1042.0, 1158.0, 1015.0, 1015.0, 980.0, 1048.0, 888.0, 1027.0, 1004.0, 964.0, 945.0, 841.0, 846.0, 934.0, 851.0, 833.0, 1044.0, 895.0, 999.0, 995.0, 778.0, 879.0, 915.0, 856.0], [1376.0, 1377.0, 1163.0, 1131.0, 1143.0, 962.0, 1222.0, 1034.0, 872.0, 929.0, 849.0, 854.0, 1166.0, 984.0, 832.0, 895.0, 802.0, 892.0, 950.0, 878.0, 1048.0, 1059.0, 970.0, 1164.0, 917.0, 1063.0, 810.0], [NaN, 1032.0, 1114.0, 1031.0, 1029.0, 927.0, 896.0, 1194.0, 1003.0, 997.0, 1064.0, 922.0, 1202.0, 971.0, 932.0, 969.0, 937.0, 1002.0, 934.0, 858.0, 916.0, 876.0, 951.0, 850.0, 808.0, 815.0, 857.0, 836.0, 951.0, 908.0, 942.0], [NaN, 1247.0, 1150.0, 1101.0, 984.0, 954.0, 959.0, 1021.0, 866.0, 951.0, 884.0, 927.0, 1070.0, 884.0, 999.0, 966.0, 1058.0, 828.0, 903.0, 847.0, 1030.0, 995.0, 946.0, 1023.0, 900.0, 893.0, 968.0, 888.0, 972.0, 927.0], [NaN, 1178.0, 1310.0, 1039.0, 1183.0, 982.0, 1086.0, 1057.0, 1107.0, 989.0, 1009.0, 1060.0, 930.0, 956.0, 984.0, 1079.0, 770.0, 988.0, 856.0, 888.0, 831.0, 857.0], [1182.0, 1096.0, 1123.0, 1018.0, 1019.0, 1102.0, 1022.0, 983.0, 1074.0, 1003.0, 1014.0, 999.0, 971.0, 936.0, 1126.0, 967.0, 987.0, 981.0, 941.0, 1099.0, 938.0, 1014.0, 952.0, 1025.0, 972.0, 878.0, 964.0, 1010.0, 939.0, 976.0, 813.0, 857.0, 865.0, 863.0, 955.0], [NaN, 1227.0, 1180.0, 1123.0, 1108.0, 1050.0, 974.0, 925.0, 1035.0, 1027.0, 1174.0, 841.0, 837.0, 998.0, 900.0, 908.0, 972.0, 930.0], [NaN, 1269.0, 1119.0, 1042.0, 967.0, 892.0, 1005.0, 959.0, 995.0, 965.0, 973.0, 1017.0, 906.0, 880.0, 940.0, 867.0, 861.0, 876.0, 1003.0, 774.0, 941.0, 851.0, 830.0, 869.0]], "items_0": [[623.0, 621.0, 600.0, 565.0, 556.0, 529.0, 492.0, 492.0, 492.0, 492.0]], "best_final": [492.0, 505.0, 492.0, 505.0, 492.0, 492.0, 492.0, 505.0, 531.0, 505.0], "items_1": [[639.0, 598.0, 581.0, 579.0, 569.0, 569.0, 551.0, 546.0, 505.0, 505.0]], "items_2": [[624.0, 611.0, 590.0, 563.0, 553.0, 551.0, 550.0, 549.0, 492.0, 492.0]], "items_3": [[652.0, 593.0, 579.0, 576.0, 576.0, 542.0, 529.0, 505.0, 505.0, 505.0]], "items_4": [[647.0, 627.0, 606.0, 593.0, 578.0, 568.0, 565.0, 517.0, 492.0, 492.0]], "items_5": [[622.0, 606.0, 588.0, 558.0, 556.0, 553.0, 529.0, 519.0, 492.0, 492.0]], "items_6": [[651.0, 608.0, 607.0, 588.0, 564.0, 529.0, 492.0, 492.0, 492.0, 492.0]], "items_7": [[618.0, 611.0, 610.0, 600.0, 593.0, 584.0, 564.0, 554.0, 505.0, 505.0]], "items_8": [[633.0, 621.0, 588.0, 573.0, 546.0, 536.0, 536.0, 536.0, 534.0, 531.0]], "items_9": [[708.0, 670.0, 583.0, 579.0, 542.0, 532.0, 505.0, 505.0, 505.0, 505.0]]}