{"solver": ["elitist", "elitist", "elitist", "elitist", "elitist", "elitist", "elitist", "elitist", "elitist", "elitist"], "size": [691200, 691200, 691200, 691200, 691200, 691200, 691200, 691200, 691200, 691200], "times": [2.070793628692627, 3.152182102203369, 2.9473483562469482, 2.7188963890075684, 2.9940719604492188, 2.6606314182281494, 2.908440113067627, 2.76855206489563, 4.482956171035767, 3.2984158992767334], "bests": [492.0, 492.0, 492.0, 504.0, 504.0, 505.0, 492.0, 492.0, 492.0, 509.0], "avg_fits": [[NaN, NaN, NaN, NaN, NaN, NaN, NaN, NaN, NaN, NaN, NaN, NaN, NaN, NaN, NaN, NaN, NaN], [NaN, NaN, NaN, NaN, NaN, NaN, NaN, NaN, NaN, NaN, NaN, NaN, NaN, NaN, NaN, NaN, NaN, NaN, NaN, NaN, NaN, NaN, NaN, NaN, NaN, NaN], [NaN, NaN, NaN, NaN, NaN, NaN, NaN, NaN, 762.5833333333334, NaN, NaN, NaN, NaN, NaN, 669.4166666666666, NaN, NaN, NaN, NaN, NaN, NaN, NaN, NaN, NaN], [NaN, NaN, NaN, NaN, NaN, NaN, NaN, NaN, NaN, NaN, NaN, NaN, NaN, NaN, NaN, NaN, NaN, NaN, NaN, NaN, NaN, NaN], [NaN, NaN, NaN, NaN, NaN, NaN, NaN, 751.7083333333334, NaN, NaN, NaN, NaN, NaN, NaN, 653.125, NaN, NaN, NaN, NaN, NaN, NaN, NaN, NaN, NaN, NaN], [NaN, NaN, NaN, NaN, NaN, NaN, NaN, NaN, NaN, NaN, NaN, NaN, NaN, NaN, NaN, NaN, NaN, NaN, NaN, NaN, NaN, NaN, NaN], [NaN, NaN, NaN, NaN, NaN, NaN, NaN, NaN, NaN, NaN, NaN, NaN, NaN, NaN, NaN, NaN, NaN, NaN, NaN, NaN, NaN, NaN, NaN, NaN], [NaN, NaN, NaN, NaN, NaN, NaN, NaN, NaN, NaN, NaN, NaN, NaN, NaN, NaN, NaN, 652.8333333333334, NaN, NaN, NaN, NaN, NaN, NaN, NaN], [NaN, NaN, NaN, NaN, NaN, NaN, NaN, 687.75, NaN, NaN, NaN, 767.625, NaN, NaN, NaN, NaN, NaN, NaN, NaN, NaN, NaN, NaN, NaN, NaN, NaN, NaN, NaN, NaN, NaN, NaN, NaN, NaN, NaN, NaN, NaN, NaN, NaN, NaN, NaN], [NaN, NaN, NaN, NaN, NaN, NaN, NaN, NaN, NaN, NaN, NaN, NaN, NaN, NaN, NaN, NaN, NaN, NaN, NaN, NaN, NaN, NaN, NaN, NaN, NaN, NaN, NaN, NaN]], "min_fits": [[NaN, 749.0, 713.0, 632.0, 578.0, 578.0, 492.0, 492.0, 492.0, 492.0, 492.0, 492.0, 492.0, 492.0, 492.0, 492.0, 492.0], [834.0, 730.0, 730.0, 721.0, 615.0, 615.0, 602.0, 541.0, 541.0, 541.0, 541.0, 529.0, 529.0, 529.0, 529.0, 492.0, 492.0, 492.0, 492.0, 492.0, 492.0, 492.0, 492.0, 492.0, 492.0, 492.0], [NaN, 677.0, 667.0, 667.0, 667.0, 571.0, 571.0, 571.0, 571.0, 563.0, 536.0, 536.0, 536.0, 492.0, 492.0, 492.0, 492.0, 492.0, 492.0, 492.0, 492.0, 492.0, 492.0, 492.0], [620.0, 620.0, 620.0, 608.0, 560.0, 560.0, 560.0, 531.0, 531.0, 531.0, 531.0, 504.0, 504.0, 504.0, 504.0, 504.0, 504.0, 504.0, 504.0, 504.0, 504.0, 504.0], [785.0, 780.0, 686.0, 686.0, 668.0, 612.0, 546.0, 546.0, 546.0, 546.0, 546.0, 546.0, 533.0, 533.0, 504.0, 504.0, 504.0, 504.0, 504.0, 504.0, 504.0, 504.0, 504.0, 504.0, 504.0], [NaN, 710.0, 643.0, 625.0, 589.0, 589.0, 586.0, 542.0, 542.0, 542.0, 542.0, 542.0, 505.0, 505.0, 505.0, 505.0, 505.0, 505.0, 505.0, 505.0, 505.0, 505.0, 505.0], [631.0, 612.0, 612.0, 612.0, 612.0, 610.0, 610.0, 570.0, 569.0, 569.0, 569.0, 558.0, 497.0, 492.0, 492.0, 492.0, 492.0, 492.0, 492.0, 492.0, 492.0, 492.0, 492.0, 492.0], [NaN, 617.0, 617.0, 617.0, 538.0, 538.0, 538.0, 497.0, 497.0, 497.0, 497.0, 497.0, 492.0, 492.0, 492.0, 492.0, 492.0, 492.0, 492.0, 492.0, 492.0, 492.0, 492.0], [696.0, 696.0, 622.0, 591.0, 544.0, 544.0, 544.0, 544.0, 517.0, 517.0, 517.0, 517.0, 517.0, 517.0, 510.0, 510.0, 510.0, 510.0, 505.0, 505.0, 505.0, 505.0, 505.0, 505.0, 505.0, 505.0, 497.0, 497.0, 492.0, 492.0, 492.0, 492.0, 492.0, 492.0, 492.0, 492.0, 492.0, 492.0, 492.0], [NaN, 678.0, 641.0, 626.0, 577.0, 577.0, 577.0, 577.0, 577.0, 541.0, 541.0, 541.0, 541.0, 536.0, 536.0, 522.0, 522.0, 509.0, 509.0, 509.0, 509.0, 509.0, 509.0, 509.0, 509.0, 509.0, 509.0, 509.0]], "max_fits": [[NaN, 1267.0, 1178.0, 1079.0, 1154.0, 1045.0, 900.0, 1033.0, 940.0, 1006.0, 825.0, 902.0, 874.0, 889.0, 790.0, 934.0, 893.0], [1262.0, 1272.0, 1195.0, 1091.0, 1114.0, 1036.0, 1154.0, 949.0, 1026.0, 892.0, 1177.0, 780.0, 1114.0, 849.0, 1081.0, 925.0, 912.0, 958.0, 1121.0, 919.0, 876.0, 1034.0, 1149.0, 929.0, 891.0, 856.0], [NaN, 1056.0, 1320.0, 1056.0, 1128.0, 1094.0, 978.0, 897.0, 1023.0, 1049.0, 954.0, 920.0, 898.0, 926.0, 935.0, 874.0, 851.0, 855.0, 893.0, 896.0, 914.0, 930.0, 890.0, 870.0], [1233.0, 1159.0, 1163.0, 991.0, 1028.0, 865.0, 1029.0, 851.0, 958.0, 874.0, 923.0, 1054.0, 829.0, 921.0, 1149.0, 902.0, 803.0, 978.0, 820.0, 955.0, 909.0, 875.0], [1146.0, 1183.0, 1142.0, 1042.0, 1000.0, 942.0, 1049.0, 936.0, 1041.0, 958.0, 948.0, 942.0, 929.0, 852.0, 864.0, 721.0, 966.0, 984.0, 942.0, 961.0, 1047.0, 949.0, 911.0, 999.0, 827.0], [NaN, 1096.0, 1087.0, 1054.0, 1042.0, 973.0, 1010.0, 941.0, 843.0, 967.0, 946.0, 985.0, 922.0, 847.0, 967.0, 843.0, 905.0, 908.0, 917.0, 906.0, 960.0, 867.0, 1118.0], [1138.0, 1132.0, 1277.0, 1002.0, 1032.0, 1025.0, 849.0, 872.0, 866.0, 946.0, 1144.0, 931.0, 1051.0, 896.0, 890.0, 839.0, 861.0, 820.0, 816.0, 839.0, 905.0, 975.0, 856.0, 931.0], [NaN, 1137.0, 1127.0, 1018.0, 963.0, 1192.0, 937.0, 990.0, 1042.0, 949.0, 1001.0, 872.0, 1074.0, 805.0, 754.0, 888.0, 857.0, 851.0, 717.0, 863.0, 978.0, 885.0, 917.0], [1057.0, 1193.0, 1094.0, 1005.0, 950.0, 892.0, 1011.0, 836.0, 950.0, 943.0, 860.0, 1054.0, 1027.0, 948.0, 981.0, 840.0, 881.0, 824.0, 962.0, 896.0, 1029.0, 968.0, 938.0, 885.0, 921.0, 923.0, 870.0, 1016.0, 858.0, 917.0, 1000.0, 947.0, 937.0, 924.0, 954.0, 1049.0, 876.0, 819.0, 832.0], [NaN, 1273.0, 1016.0, 1052.0, 1088.0, 965.0, 895.0, 1084.0, 968.0, 865.0, 908.0, 949.0, 1038.0, 897.0, 898.0, 894.0, 1091.0, 894.0, 911.0, 899.0, 930.0, 1086.0, 877.0, 888.0, 879.0, 1119.0, 866.0, 921.0]], "items_0": [[594.0, 588.0, 588.0, 581.0, 561.0, 541.0, 529.0, 517.0, 492.0, 492.0]], "best_final": [492.0, 492.0, 492.0, 504.0, 504.0, 492.0, 492.0, 492.0, 492.0, 504.0], "items_1": [[662.0, 645.0, 639.0, 570.0, 551.0, 542.0, 492.0, 492.0, 492.0, 492.0]], "items_2": [[593.0, 590.0, 583.0, 571.0, 556.0, 547.0, 537.0, 519.0, 492.0, 492.0]], "items_3": [[688.0, 679.0, 632.0, 615.0, 600.0, 598.0, 573.0, 565.0, 504.0, 504.0]], "items_4": [[620.0, 615.0, 605.0, 568.0, 568.0, 529.0, 505.0, 504.0, 504.0, 504.0]], "items_5": [[754.0, 750.0, 749.0, 702.0, 698.0, 586.0, 505.0, 505.0, 505.0, 492.0]], "items_6": [[627.0, 624.0, 619.0, 597.0, 566.0, 551.0, 492.0, 492.0, 492.0, 492.0]], "items_7": [[576.0, 551.0, 551.0, 542.0, 529.0, 492.0, 492.0, 492.0, 492.0, 492.0]], "items_8": [[588.0, 583.0, 571.0, 558.0, 556.0, 497.0, 492.0, 492.0, 492.0, 492.0]], "items_9": [[578.0, 577.0, 573.0, 570.0, 509.0, 509.0, 509.0, 509.0, 509.0, 504.0]]}