{"solver": ["elitist", "elitist", "elitist", "elitist", "elitist", "elitist", "elitist", "elitist", "elitist", "elitist"], "size": [1728, 1728, 1728, 1728, 1728, 1728, 1728, 1728, 1728, 1728], "times": [8.53037428855896, 10.040304899215698, 9.013936042785645, 9.012924432754517, 7.90837836265564, 7.945029020309448, 8.469882011413574, 10.041797161102295, 9.063281297683716, 8.998616933822632], "bests": [293.0, 293.0, 293.0, 293.0, 293.0, 293.0, 293.0, 293.0, 293.0, 293.0], "avg_fits": [[NaN, NaN, NaN, NaN, NaN, NaN, NaN, NaN, NaN, NaN, 337.125, NaN, NaN, NaN, NaN], [NaN, NaN, NaN, NaN, NaN, 366.2916666666667, NaN, NaN, NaN, NaN, NaN, NaN, NaN, NaN, NaN, NaN, 348.625, NaN], [NaN, NaN, NaN, NaN, NaN, NaN, 357.0, NaN, NaN, NaN, NaN, NaN, NaN, NaN, NaN, NaN], [NaN, NaN, NaN, NaN, NaN, 364.125, NaN, NaN, NaN, NaN, NaN, NaN, NaN, 332.5833333333333, NaN, NaN], [NaN, NaN, NaN, NaN, NaN, NaN, 373.4583333333333, NaN, NaN, NaN, NaN, NaN, NaN, NaN], [NaN, NaN, NaN, 399.875, NaN, 339.625, NaN, NaN, NaN, NaN, NaN, NaN, NaN, NaN], [NaN, NaN, NaN, NaN, NaN, NaN, NaN, NaN, NaN, NaN, NaN, NaN, NaN, NaN, NaN], [NaN, NaN, NaN, NaN, 386.625, NaN, NaN, NaN, NaN, NaN, NaN, NaN, NaN, NaN, NaN, NaN, NaN, NaN], [NaN, NaN, NaN, NaN, NaN, NaN, NaN, NaN, NaN, NaN, NaN, NaN, NaN, NaN, NaN, NaN], [NaN, NaN, NaN, NaN, NaN, NaN, NaN, 355.625, NaN, NaN, NaN, 333.375, NaN, NaN, NaN, NaN]], "min_fits": [[NaN, 382.0, 318.0, 306.0, 293.0, 293.0, 293.0, 293.0, 293.0, 293.0, 293.0, 293.0, 293.0, 293.0, 293.0], [365.0, 362.0, 318.0, 318.0, 318.0, 306.0, 306.0, 293.0, 293.0, 293.0, 293.0, 293.0, 293.0, 293.0, 293.0, 293.0, 293.0, 293.0], [NaN, 337.0, 318.0, 318.0, 305.0, 293.0, 293.0, 293.0, 293.0, 293.0, 293.0, 293.0, 293.0, 293.0, 293.0, 293.0], [473.0, 377.0, 352.0, 306.0, 306.0, 293.0, 293.0, 293.0, 293.0, 293.0, 293.0, 293.0, 293.0, 293.0, 293.0, 293.0], [NaN, 305.0, 305.0, 293.0, 293.0, 293.0, 293.0, 293.0, 293.0, 293.0, 293.0, 293.0, 293.0, 293.0], [413.0, 352.0, 305.0, 293.0, 293.0, 293.0, 293.0, 293.0, 293.0, 293.0, 293.0, 293.0, 293.0, 293.0], [NaN, 352.0, 318.0, 318.0, 293.0, 293.0, 293.0, 293.0, 293.0, 293.0, 293.0, 293.0, 293.0, 293.0, 293.0], [NaN, 382.0, 318.0, 306.0, 306.0, 306.0, 305.0, 293.0, 293.0, 293.0, 293.0, 293.0, 293.0, 293.0, 293.0, 293.0, 293.0, 293.0], [422.0, 389.0, 352.0, 352.0, 352.0, 293.0, 293.0, 293.0, 293.0, 293.0, 293.0, 293.0, 293.0, 293.0, 293.0, 293.0], [NaN, 379.0, 379.0, 306.0, 305.0, 293.0, 293.0, 293.0, 293.0, 293.0, 293.0, 293.0, 293.0, 293.0, 293.0, 293.0]], "max_fits": [[NaN, 647.0, 573.0, 646.0, 536.0, 596.0, 539.0, 542.0, 460.0, 506.0, 496.0, 475.0, 454.0, 536.0, 483.0], [610.0, 659.0, 580.0, 457.0, 507.0, 507.0, 444.0, 496.0, 456.0, 397.0, 598.0, 539.0, 483.0, 611.0, 536.0, 542.0, 521.0, 580.0], [NaN, 668.0, 592.0, 463.0, 576.0, 515.0, 621.0, 670.0, 531.0, 475.0, 542.0, 422.0, 460.0, 489.0, 650.0, 476.0], [682.0, 677.0, 677.0, 585.0, 567.0, 519.0, 494.0, 496.0, 616.0, 521.0, 475.0, 475.0, 476.0, 534.0, 650.0, 524.0], [NaN, 765.0, 648.0, 574.0, 496.0, 501.0, 504.0, 624.0, 523.0, 542.0, 475.0, 428.0, 519.0, 507.0], [674.0, 624.0, 677.0, 601.0, 534.0, 472.0, 536.0, 534.0, 501.0, 483.0, 481.0, 562.0, 618.0, 690.0], [NaN, 676.0, 610.0, 547.0, 559.0, 519.0, 559.0, 528.0, 611.0, 523.0, 621.0, 579.0, 450.0, 534.0, 475.0], [NaN, 765.0, 671.0, 563.0, 521.0, 620.0, 496.0, 488.0, 460.0, 404.0, 500.0, 530.0, 444.0, 488.0, 589.0, 505.0, 475.0, 460.0], [690.0, 748.0, 788.0, 493.0, 475.0, 564.0, 586.0, 524.0, 489.0, 562.0, 488.0, 428.0, 460.0, 518.0, 414.0, 481.0], [NaN, 638.0, 618.0, 672.0, 589.0, 489.0, 460.0, 481.0, 483.0, 503.0, 475.0, 483.0, 567.0, 509.0, 460.0, 642.0]], "items_0": [[293.0, 293.0, 293.0, 293.0, 293.0, 293.0, 293.0, 293.0, 293.0, 293.0]], "best_final": [293.0, 293.0, 293.0, 293.0, 293.0, 293.0, 293.0, 293.0, 293.0, 293.0], "items_1": [[293.0, 293.0, 293.0, 293.0, 293.0, 354.0, 318.0, 306.0, 293.0, 293.0]], "items_2": [[293.0, 293.0, 293.0, 293.0, 293.0, 293.0, 293.0, 293.0, 293.0, 372.0]], "items_3": [[293.0, 293.0, 293.0, 293.0, 293.0, 293.0, 293.0, 293.0, 293.0, 444.0]], "items_4": [[293.0, 293.0, 293.0, 293.0, 293.0, 293.0, 293.0, 293.0, 293.0, 293.0]], "items_5": [[325.0, 293.0, 293.0, 293.0, 293.0, 293.0, 293.0, 293.0, 293.0, 293.0]], "items_6": [[293.0, 293.0, 293.0, 293.0, 293.0, 293.0, 293.0, 293.0, 444.0, 352.0]], "items_7": [[306.0, 306.0, 305.0, 305.0, 305.0, 293.0, 293.0, 293.0, 293.0, 293.0]], "items_8": [[293.0, 293.0, 293.0, 293.0, 293.0, 293.0, 293.0, 293.0, 293.0, 293.0]], "items_9": [[293.0, 293.0, 293.0, 293.0, 293.0, 293.0, 293.0, 293.0, 293.0, 293.0]]}