{"solver": ["plain", "plain", "plain", "plain", "plain", "plain", "plain", "plain", "plain", "plain"], "size": [1728, 1728, 1728, 1728, 1728, 1728, 1728, 1728, 1728, 1728], "times": [7.983194589614868, 26.86706018447876, 17.181249380111694, 12.48919939994812, 8.571998596191406, 13.218969821929932, 10.280731201171875, 13.212144613265991, 8.582343816757202, 23.211134672164917], "bests": [305.0, 293.0, 293.0, 293.0, 293.0, 293.0, 293.0, 293.0, 293.0, 293.0], "avg_fits": [[NaN, NaN, NaN, NaN, NaN, 358.375, NaN, NaN, NaN, NaN, NaN, NaN, NaN], [NaN, NaN, NaN, NaN, NaN, NaN, NaN, 397.5416666666667, NaN, 389.5833333333333, 387.25, NaN, NaN, NaN, NaN, NaN, NaN, NaN, NaN, NaN, NaN, NaN, NaN, NaN, NaN, 365.9583333333333, NaN, NaN, NaN, 375.4583333333333, NaN, NaN, NaN, NaN, NaN, NaN, NaN, NaN, NaN, NaN, NaN, NaN, NaN, NaN, NaN, NaN], [NaN, NaN, NaN, NaN, NaN, NaN, NaN, NaN, NaN, NaN, NaN, NaN, NaN, NaN, NaN, NaN, NaN, NaN, NaN, NaN, NaN, NaN, NaN, 349.0, NaN, 354.4583333333333, NaN, NaN, NaN], [NaN, NaN, NaN, NaN, NaN, NaN, NaN, NaN, NaN, NaN, NaN, NaN, NaN, NaN, NaN, NaN, NaN, NaN, NaN, NaN, 380.7916666666667], [NaN, NaN, NaN, NaN, 368.3333333333333, NaN, NaN, NaN, NaN, NaN, NaN, NaN, NaN, NaN], [NaN, NaN, NaN, NaN, NaN, NaN, NaN, NaN, NaN, NaN, NaN, NaN, NaN, NaN, NaN, NaN, NaN, NaN, NaN, NaN, NaN, NaN], [NaN, NaN, NaN, NaN, NaN, NaN, NaN, NaN, NaN, NaN, NaN, NaN, NaN, NaN, NaN, 342.5, NaN], [NaN, NaN, NaN, NaN, NaN, NaN, NaN, NaN, NaN, NaN, NaN, NaN, NaN, NaN, NaN, NaN, NaN, NaN, NaN, NaN, 340.7916666666667, NaN], [NaN, NaN, NaN, NaN, NaN, NaN, NaN, NaN, NaN, 358.5833333333333, NaN, NaN, NaN, NaN], [NaN, NaN, NaN, NaN, NaN, NaN, NaN, NaN, NaN, NaN, NaN, NaN, NaN, NaN, NaN, NaN, NaN, NaN, NaN, NaN, NaN, 338.875, NaN, NaN, NaN, NaN, NaN, NaN, 374.5416666666667, NaN, NaN, NaN, NaN, NaN, 342.125, NaN, 351.7916666666667, NaN, 373.375]], "min_fits": [[NaN, 364.0, 305.0, 305.0, 305.0, 305.0, 305.0, 305.0, 305.0, 305.0, 305.0, 305.0, 305.0], [NaN, 423.0, 330.0, 318.0, 293.0, 293.0, 305.0, 293.0, 293.0, 293.0, 293.0, 293.0, NaN, 305.0, 293.0, 293.0, NaN, 293.0, 293.0, 293.0, 293.0, 293.0, 293.0, 293.0, NaN, 293.0, 293.0, 293.0, 305.0, 293.0, 306.0, 306.0, 306.0, 306.0, 306.0, 293.0, 293.0, 293.0, 293.0, 293.0, 293.0, 293.0, 293.0, 293.0, 293.0, 293.0], [NaN, NaN, 350.0, 306.0, 318.0, 318.0, 318.0, 318.0, NaN, 305.0, 305.0, 305.0, 305.0, 305.0, 305.0, 293.0, 293.0, NaN, 293.0, 293.0, 293.0, 293.0, 293.0, 293.0, 293.0, 293.0, 293.0, 293.0, 293.0], [423.0, 420.0, 398.0, NaN, NaN, 347.0, 364.0, 293.0, 293.0, 306.0, 293.0, 293.0, 293.0, 293.0, 293.0, 293.0, 293.0, 293.0, 293.0, 293.0, 293.0], [NaN, 318.0, 318.0, 293.0, 293.0, 293.0, 293.0, 293.0, 293.0, 293.0, 293.0, 293.0, 293.0, 293.0], [NaN, NaN, 306.0, NaN, 306.0, 293.0, 306.0, NaN, 293.0, 305.0, NaN, 293.0, 293.0, 293.0, 293.0, 293.0, 293.0, 293.0, 293.0, 293.0, 293.0, 293.0], [NaN, NaN, 347.0, 347.0, 305.0, 305.0, 293.0, 293.0, 293.0, 293.0, 293.0, 293.0, 293.0, 293.0, 293.0, 293.0, 293.0], [NaN, 386.0, 385.0, 354.0, NaN, 293.0, 293.0, 293.0, 293.0, 306.0, 306.0, 293.0, 293.0, 293.0, 293.0, 293.0, 293.0, 293.0, 293.0, 293.0, 293.0, 293.0], [NaN, 413.0, NaN, 293.0, 293.0, 293.0, 293.0, 293.0, 293.0, 293.0, 293.0, 293.0, 293.0, 293.0], [NaN, 366.0, 347.0, 347.0, 293.0, 306.0, NaN, 306.0, 306.0, 306.0, 306.0, 293.0, 293.0, NaN, 293.0, 293.0, 293.0, 293.0, NaN, 293.0, 293.0, 293.0, 293.0, 293.0, 293.0, 293.0, 293.0, NaN, 293.0, 293.0, 293.0, 293.0, 293.0, 293.0, 293.0, 293.0, 293.0, 293.0, 293.0]], "max_fits": [[NaN, 770.0, 741.0, 606.0, 547.0, 472.0, 499.0, 483.0, 569.0, 701.0, 556.0, 554.0, 555.0], [NaN, 738.0, 756.0, 555.0, 703.0, 615.0, 646.0, 594.0, 615.0, 566.0, 610.0, 483.0, NaN, 496.0, 521.0, 430.0, NaN, 575.0, 638.0, 402.0, 444.0, 496.0, 519.0, 472.0, NaN, 515.0, 521.0, 521.0, 528.0, 556.0, 496.0, 519.0, 608.0, 539.0, 496.0, 557.0, 507.0, 522.0, 561.0, 519.0, 524.0, 501.0, 542.0, 496.0, 690.0, 519.0], [NaN, NaN, 717.0, 616.0, 639.0, 616.0, 596.0, 547.0, NaN, 531.0, 494.0, 555.0, 610.0, 409.0, 703.0, 496.0, 444.0, NaN, 560.0, 555.0, 515.0, 544.0, 507.0, 503.0, 542.0, 503.0, 542.0, 483.0, 506.0], [680.0, 653.0, 592.0, NaN, NaN, 616.0, 603.0, 589.0, 515.0, 483.0, 460.0, 577.0, 672.0, 521.0, 542.0, 488.0, 487.0, 544.0, 488.0, 521.0, 560.0], [NaN, 756.0, 567.0, 518.0, 539.0, 503.0, 475.0, 559.0, 658.0, 548.0, 559.0, 556.0, 519.0, 539.0], [NaN, NaN, 650.0, NaN, 579.0, 579.0, 487.0, NaN, 460.0, 526.0, NaN, 638.0, 703.0, 556.0, 483.0, 503.0, 556.0, 501.0, 567.0, 426.0, 671.0, 518.0], [NaN, NaN, 621.0, 703.0, 738.0, 563.0, 563.0, 535.0, 561.0, 483.0, 460.0, 542.0, 575.0, 519.0, 578.0, 515.0, 444.0], [NaN, 748.0, 749.0, 749.0, NaN, 618.0, 496.0, 615.0, 595.0, 488.0, 496.0, 536.0, 519.0, 507.0, 508.0, 544.0, 544.0, 475.0, 483.0, 539.0, 488.0, 539.0], [NaN, 577.0, NaN, 668.0, 508.0, 566.0, 613.0, 676.0, 536.0, 516.0, 487.0, 460.0, 475.0, 369.0], [NaN, 697.0, 587.0, 621.0, 560.0, 516.0, NaN, 521.0, 566.0, 556.0, 547.0, 514.0, 507.0, NaN, 583.0, 501.0, 562.0, 514.0, NaN, 611.0, 554.0, 616.0, 583.0, 586.0, 615.0, 621.0, 421.0, NaN, 627.0, 536.0, 514.0, 493.0, 579.0, 534.0, 481.0, 422.0, 539.0, 557.0, 583.0]], "items_0": [[305.0, 305.0, 305.0, 305.0, 305.0, 305.0, 305.0, 305.0, 305.0, 305.0]], "best_final": [305.0, 293.0, 293.0, 293.0, 293.0, 293.0, 293.0, 293.0, 293.0, 293.0], "items_1": [[293.0, 293.0, 293.0, 293.0, 293.0, 293.0, 293.0, 293.0, 293.0, 293.0]], "items_2": [[305.0, 293.0, 293.0, 293.0, 293.0, 293.0, 293.0, 293.0, 293.0, 293.0]], "items_3": [[325.0, 306.0, 306.0, 306.0, 306.0, 293.0, 293.0, 293.0, 293.0, 293.0]], "items_4": [[306.0, 305.0, 293.0, 293.0, 293.0, 293.0, 293.0, 293.0, 293.0, 306.0]], "items_5": [[293.0, 293.0, 293.0, 293.0, 293.0, 293.0, 293.0, 293.0, 293.0, 293.0]], "items_6": [[352.0, 318.0, 305.0, 305.0, 293.0, 293.0, 293.0, 293.0, 293.0, 293.0]], "items_7": [[325.0, 306.0, 306.0, 306.0, 306.0, 293.0, 293.0, 293.0, 293.0, 293.0]], "items_8": [[293.0, 293.0, 293.0, 293.0, 293.0, 293.0, 293.0, 293.0, 293.0, 293.0]], "items_9": [[293.0, 293.0, 293.0, 293.0, 293.0, 293.0, 293.0, 293.0, 293.0, 293.0]]}