{"solver": ["elitist", "elitist", "elitist", "elitist", "elitist", "elitist", "elitist", "elitist", "elitist", "elitist"], "size": [691200, 691200, 691200, 691200, 691200, 691200, 691200, 691200, 691200, 691200], "times": [2.1457271575927734, 3.073357582092285, 2.25516939163208, 3.1374316215515137, 3.8217132091522217, 3.491586923599243, 3.027181386947632, 3.4224958419799805, 2.13935923576355, 3.365054130554199], "bests": [492.0, 505.0, 505.0, 504.0, 492.0, 492.0, 497.0, 497.0, 505.0, 492.0], "avg_fits": [[NaN, NaN, NaN, NaN, NaN, NaN, NaN, NaN, NaN, NaN, NaN, NaN, NaN, NaN, NaN, NaN, NaN, NaN], [NaN, NaN, NaN, NaN, NaN, NaN, NaN, NaN, NaN, NaN, NaN, NaN, NaN, NaN, NaN, NaN, NaN, NaN, NaN, NaN, NaN, NaN, NaN, NaN, NaN, NaN, NaN, NaN], [NaN, NaN, NaN, NaN, NaN, NaN, NaN, NaN, NaN, NaN, NaN, NaN, NaN, NaN, NaN, NaN, NaN, NaN, NaN, NaN], [NaN, NaN, NaN, NaN, NaN, NaN, NaN, NaN, NaN, NaN, 706.5833333333334, NaN, NaN, NaN, NaN, NaN, NaN, NaN, NaN, NaN, NaN, NaN, NaN, NaN, NaN, NaN, NaN, NaN], [NaN, NaN, NaN, NaN, NaN, NaN, NaN, NaN, NaN, NaN, NaN, NaN, NaN, NaN, NaN, NaN, NaN, NaN, NaN, NaN, NaN, NaN, NaN, NaN, NaN, 626.0416666666666, 629.0416666666666, NaN, NaN, NaN, NaN, NaN, NaN, NaN], [NaN, NaN, NaN, 844.5833333333334, NaN, NaN, NaN, NaN, NaN, NaN, NaN, NaN, NaN, NaN, NaN, NaN, NaN, NaN, NaN, NaN, NaN, NaN, NaN, NaN, NaN, NaN, NaN, NaN, NaN, 652.125, NaN], [NaN, NaN, NaN, NaN, NaN, NaN, NaN, NaN, NaN, NaN, NaN, 675.25, NaN, NaN, NaN, NaN, NaN, NaN, NaN, NaN, NaN, NaN, NaN, NaN, NaN, NaN, NaN], [NaN, NaN, NaN, NaN, NaN, NaN, NaN, NaN, NaN, NaN, NaN, NaN, NaN, NaN, NaN, NaN, NaN, NaN, NaN, NaN, NaN, NaN, NaN, NaN, NaN, NaN, NaN, NaN, NaN, NaN, NaN], [NaN, NaN, NaN, NaN, NaN, NaN, NaN, NaN, NaN, NaN, NaN, NaN, NaN, NaN, NaN, NaN, NaN, NaN, NaN], [NaN, NaN, NaN, NaN, NaN, NaN, NaN, NaN, NaN, NaN, NaN, NaN, NaN, NaN, NaN, NaN, NaN, 705.4166666666666, NaN, NaN, NaN, NaN, NaN, NaN, NaN, NaN, NaN, NaN, NaN, NaN]], "min_fits": [[NaN, 730.0, 674.0, 612.0, 541.0, 541.0, 529.0, 492.0, 492.0, 492.0, 492.0, 492.0, 492.0, 492.0, 492.0, 492.0, 492.0, 492.0], [864.0, 795.0, 701.0, 701.0, 551.0, 551.0, 544.0, 544.0, 519.0, 517.0, 517.0, 517.0, 517.0, 517.0, 517.0, 517.0, 517.0, 505.0, 505.0, 505.0, 505.0, 505.0, 505.0, 505.0, 505.0, 505.0, 505.0, 505.0], [876.0, 748.0, 682.0, 670.0, 610.0, 610.0, 577.0, 577.0, 524.0, 505.0, 505.0, 505.0, 505.0, 505.0, 505.0, 505.0, 505.0, 505.0, 505.0, 505.0], [805.0, 805.0, 758.0, 632.0, 573.0, 563.0, 546.0, 546.0, 546.0, 509.0, 509.0, 509.0, 509.0, 509.0, 509.0, 509.0, 509.0, 504.0, 504.0, 504.0, 504.0, 504.0, 504.0, 504.0, 504.0, 504.0, 504.0, 504.0], [NaN, 702.0, 672.0, 672.0, 549.0, 549.0, 549.0, 537.0, 537.0, 537.0, 537.0, 537.0, 537.0, 517.0, 517.0, 517.0, 517.0, 517.0, 497.0, 497.0, 497.0, 497.0, 497.0, 492.0, 492.0, 492.0, 492.0, 492.0, 492.0, 492.0, 492.0, 492.0, 492.0, 492.0], [NaN, 605.0, 605.0, 605.0, 570.0, 570.0, 570.0, 570.0, 570.0, 509.0, 509.0, 509.0, 509.0, 504.0, 504.0, 504.0, 504.0, 504.0, 504.0, 504.0, 492.0, 492.0, 492.0, 492.0, 492.0, 492.0, 492.0, 492.0, 492.0, 492.0, 492.0], [NaN, 698.0, 698.0, 655.0, 655.0, 605.0, 568.0, 549.0, 536.0, 536.0, 536.0, 505.0, 505.0, 505.0, 505.0, 505.0, 497.0, 497.0, 497.0, 497.0, 497.0, 497.0, 497.0, 497.0, 497.0, 497.0, 497.0], [NaN, 689.0, 689.0, 532.0, 532.0, 532.0, 532.0, 532.0, 532.0, 532.0, 532.0, 531.0, 524.0, 524.0, 517.0, 509.0, 509.0, 509.0, 509.0, 509.0, 497.0, 497.0, 497.0, 497.0, 497.0, 497.0, 497.0, 497.0, 497.0, 497.0, 497.0], [748.0, 578.0, 578.0, 578.0, 542.0, 542.0, 542.0, 542.0, 505.0, 505.0, 505.0, 505.0, 505.0, 505.0, 505.0, 505.0, 505.0, 505.0, 505.0], [991.0, 891.0, 806.0, 777.0, 744.0, 685.0, 588.0, 588.0, 588.0, 566.0, 529.0, 529.0, 505.0, 505.0, 505.0, 505.0, 505.0, 505.0, 505.0, 492.0, 492.0, 492.0, 492.0, 492.0, 492.0, 492.0, 492.0, 492.0, 492.0, 492.0]], "max_fits": [[NaN, 1314.0, 1258.0, 1213.0, 1022.0, 1080.0, 880.0, 983.0, 773.0, 865.0, 838.0, 915.0, 787.0, 852.0, 911.0, 938.0, 877.0, 842.0], [1143.0, 1266.0, 1046.0, 1040.0, 1080.0, 1011.0, 992.0, 856.0, 915.0, 919.0, 842.0, 859.0, 833.0, 971.0, 895.0, 1066.0, 926.0, 971.0, 1171.0, 843.0, 913.0, 962.0, 916.0, 1007.0, 844.0, 871.0, 876.0, 862.0], [1176.0, 1323.0, 1184.0, 1104.0, 943.0, 943.0, 1082.0, 952.0, 1073.0, 1117.0, 1000.0, 977.0, 804.0, 826.0, 934.0, 779.0, 857.0, 961.0, 1064.0, 1070.0], [1237.0, 1117.0, 1132.0, 1117.0, 1229.0, 1047.0, 1131.0, 998.0, 1028.0, 915.0, 1030.0, 945.0, 1087.0, 868.0, 807.0, 937.0, 890.0, 721.0, 958.0, 1115.0, 1087.0, 796.0, 790.0, 859.0, 981.0, 896.0, 895.0, 1022.0], [NaN, 1186.0, 1158.0, 1013.0, 1051.0, 966.0, 998.0, 1268.0, 937.0, 824.0, 985.0, 901.0, 875.0, 1198.0, 977.0, 1043.0, 823.0, 866.0, 827.0, 769.0, 994.0, 870.0, 814.0, 826.0, 795.0, 807.0, 894.0, 958.0, 813.0, 975.0, 834.0, 875.0, 1055.0, 827.0], [NaN, 1241.0, 1146.0, 1156.0, 1016.0, 929.0, 941.0, 957.0, 1014.0, 846.0, 921.0, 988.0, 1213.0, 861.0, 949.0, 972.0, 817.0, 916.0, 1020.0, 846.0, 985.0, 947.0, 798.0, 930.0, 842.0, 954.0, 831.0, 831.0, 878.0, 824.0, 882.0], [NaN, 1243.0, 1061.0, 906.0, 1082.0, 1046.0, 865.0, 909.0, 935.0, 963.0, 964.0, 899.0, 797.0, 844.0, 815.0, 1113.0, 831.0, 866.0, 993.0, 957.0, 822.0, 944.0, 922.0, 789.0, 828.0, 842.0, 954.0], [NaN, 1218.0, 1124.0, 998.0, 1049.0, 973.0, 938.0, 911.0, 849.0, 924.0, 927.0, 976.0, 1020.0, 853.0, 868.0, 904.0, 890.0, 919.0, 917.0, 942.0, 939.0, 1015.0, 962.0, 903.0, 1013.0, 930.0, 1220.0, 1006.0, 918.0, 949.0, 992.0], [1305.0, 1172.0, 997.0, 983.0, 1028.0, 935.0, 1113.0, 924.0, 1035.0, 1042.0, 999.0, 921.0, 877.0, 860.0, 883.0, 984.0, 1067.0, 868.0, 1064.0], [1261.0, 1277.0, 1360.0, 1172.0, 1027.0, 947.0, 1104.0, 977.0, 1084.0, 1126.0, 936.0, 937.0, 955.0, 998.0, 984.0, 924.0, 963.0, 908.0, 993.0, 961.0, 1042.0, 945.0, 966.0, 842.0, 876.0, 885.0, 953.0, 944.0, 930.0, 1000.0]], "items_0": [[671.0, 662.0, 650.0, 650.0, 630.0, 625.0, 615.0, 529.0, 492.0, 492.0]], "best_final": [492.0, 505.0, 505.0, 504.0, 492.0, 492.0, 497.0, 497.0, 505.0, 492.0], "items_1": [[628.0, 613.0, 593.0, 578.0, 505.0, 505.0, 505.0, 505.0, 505.0, 505.0]], "items_2": [[566.0, 551.0, 549.0, 549.0, 546.0, 532.0, 505.0, 505.0, 505.0, 505.0]], "items_3": [[678.0, 630.0, 619.0, 602.0, 578.0, 573.0, 541.0, 504.0, 504.0, 504.0]], "items_4": [[662.0, 635.0, 634.0, 595.0, 561.0, 492.0, 492.0, 492.0, 492.0, 492.0]], "items_5": [[565.0, 561.0, 558.0, 529.0, 529.0, 492.0, 492.0, 492.0, 492.0, 492.0]], "items_6": [[694.0, 676.0, 640.0, 621.0, 576.0, 569.0, 529.0, 497.0, 497.0, 497.0]], "items_7": [[667.0, 664.0, 648.0, 638.0, 623.0, 620.0, 573.0, 558.0, 497.0, 497.0]], "items_8": [[640.0, 612.0, 591.0, 571.0, 554.0, 546.0, 532.0, 505.0, 505.0, 505.0]], "items_9": [[694.0, 646.0, 630.0, 622.0, 551.0, 533.0, 492.0, 492.0, 492.0, 492.0]]}