{"solver": ["elitist", "elitist", "elitist", "elitist", "elitist", "elitist", "elitist", "elitist", "elitist", "elitist"], "size": [691200, 691200, 691200, 691200, 691200, 691200, 691200, 691200, 691200, 691200], "times": [32.97296953201294, 56.65569519996643, 34.83992624282837, 31.397112369537354, 38.09823989868164, 43.29988217353821, 44.917415380477905, 46.59074306488037, 50.30328154563904, 46.56904053688049], "bests": [497.0, 497.0, 497.0, 497.0, 497.0, 492.0, 492.0, 497.0, 497.0, 492.0], "avg_fits": [[NaN, NaN, NaN, 711.5833333333334, NaN, NaN, NaN, NaN, NaN, NaN, NaN, NaN, NaN, NaN, NaN, NaN, NaN, NaN, 576.125], [NaN, NaN, NaN, NaN, NaN, 743.8333333333334, NaN, NaN, NaN, NaN, NaN, NaN, NaN, 650.9166666666666, NaN, NaN, NaN, NaN, NaN, NaN, NaN, NaN, NaN, NaN, NaN, 620.0833333333334, 606.5833333333334, 609.7916666666666, NaN, NaN, NaN, NaN, NaN], [NaN, NaN, NaN, 883.0833333333334, NaN, NaN, NaN, NaN, NaN, NaN, NaN, NaN, NaN, NaN, NaN, 650.5833333333334, NaN, 592.5, NaN, NaN], [NaN, NaN, NaN, NaN, NaN, NaN, NaN, 653.7916666666666, 632.375, NaN, NaN, NaN, NaN, NaN, 626.125, NaN, NaN, NaN], [NaN, NaN, 832.125, NaN, NaN, 700.5, 678.4583333333334, 649.8333333333334, NaN, NaN, NaN, NaN, NaN, NaN, 633.125, NaN, NaN, 635.625, NaN, NaN, NaN, 613.0416666666666], [NaN, NaN, NaN, NaN, NaN, NaN, NaN, NaN, NaN, 624.0833333333334, NaN, NaN, NaN, NaN, 621.0833333333334, NaN, NaN, NaN, 600.5833333333334, NaN, NaN, 578.0416666666666, NaN, NaN, NaN], [NaN, NaN, NaN, NaN, NaN, 705.0, NaN, NaN, NaN, NaN, NaN, NaN, NaN, NaN, NaN, NaN, NaN, 608.4166666666666, NaN, NaN, NaN, NaN, NaN, NaN, NaN, NaN], [NaN, NaN, NaN, NaN, NaN, 669.0416666666666, NaN, NaN, 627.125, NaN, 660.25, NaN, NaN, 656.125, NaN, NaN, NaN, 628.2916666666666, NaN, 631.0416666666666, NaN, NaN, NaN, NaN, NaN, NaN, NaN], [NaN, NaN, NaN, NaN, NaN, NaN, NaN, NaN, NaN, 640.875, 648.6666666666666, NaN, NaN, NaN, NaN, NaN, NaN, 614.875, NaN, NaN, NaN, 628.875, NaN, NaN, NaN, NaN, NaN, NaN, NaN], [NaN, NaN, NaN, NaN, NaN, 683.5, NaN, NaN, NaN, NaN, NaN, NaN, NaN, NaN, 637.8333333333334, NaN, 603.9166666666666, NaN, NaN, NaN, NaN, NaN, NaN, 567.9166666666666, NaN, NaN, 617.2083333333334]], "min_fits": [[614.0, 586.0, 586.0, 524.0, 524.0, 524.0, 522.0, 522.0, 497.0, 497.0, 497.0, 497.0, 497.0, 497.0, 497.0, 497.0, 497.0, 497.0, 497.0], [NaN, 795.0, 732.0, 686.0, 607.0, 588.0, 522.0, 522.0, 522.0, 522.0, 522.0, 522.0, 522.0, 522.0, 522.0, 522.0, 510.0, 510.0, 510.0, 510.0, 510.0, 509.0, 497.0, 497.0, 497.0, 497.0, 497.0, 497.0, 497.0, 497.0, 497.0, 497.0, 497.0], [910.0, 686.0, 686.0, 657.0, 657.0, 573.0, 561.0, 536.0, 509.0, 497.0, 497.0, 497.0, 497.0, 497.0, 497.0, 497.0, 497.0, 497.0, 497.0, 497.0], [703.0, 638.0, 638.0, 625.0, 561.0, 524.0, 524.0, 497.0, 497.0, 497.0, 497.0, 497.0, 497.0, 497.0, 497.0, 497.0, 497.0, 497.0], [NaN, 643.0, 643.0, 591.0, 591.0, 591.0, 522.0, 522.0, 522.0, 522.0, 510.0, 497.0, 497.0, 497.0, 497.0, 497.0, 497.0, 497.0, 497.0, 497.0, 497.0, 497.0], [774.0, 689.0, 652.0, 649.0, 610.0, 551.0, 551.0, 524.0, 524.0, 524.0, 524.0, 505.0, 505.0, 505.0, 492.0, 492.0, 492.0, 492.0, 492.0, 492.0, 492.0, 492.0, 492.0, 492.0, 492.0], [740.0, 721.0, 634.0, 634.0, 586.0, 529.0, 510.0, 510.0, 510.0, 504.0, 504.0, 504.0, 504.0, 504.0, 504.0, 492.0, 492.0, 492.0, 492.0, 492.0, 492.0, 492.0, 492.0, 492.0, 492.0, 492.0], [NaN, 703.0, 630.0, 568.0, 534.0, 534.0, 509.0, 509.0, 509.0, 509.0, 509.0, 509.0, 509.0, 509.0, 509.0, 509.0, 497.0, 497.0, 497.0, 497.0, 497.0, 497.0, 497.0, 497.0, 497.0, 497.0, 497.0], [774.0, 706.0, 706.0, 586.0, 586.0, 522.0, 522.0, 522.0, 522.0, 522.0, 522.0, 510.0, 510.0, 510.0, 510.0, 509.0, 509.0, 509.0, 497.0, 497.0, 497.0, 497.0, 497.0, 497.0, 497.0, 497.0, 497.0, 497.0, 497.0], [680.0, 601.0, 601.0, 581.0, 544.0, 544.0, 532.0, 524.0, 517.0, 505.0, 505.0, 505.0, 505.0, 505.0, 505.0, 505.0, 492.0, 492.0, 492.0, 492.0, 492.0, 492.0, 492.0, 492.0, 492.0, 492.0, 492.0]], "max_fits": [[1281.0, 1221.0, 1119.0, 1071.0, 896.0, 929.0, 759.0, 761.0, 790.0, 811.0, 1003.0, 884.0, 1011.0, 700.0, 810.0, 756.0, 845.0, 767.0, 761.0], [NaN, 1330.0, 1090.0, 994.0, 1034.0, 1040.0, 772.0, 1113.0, 919.0, 867.0, 790.0, 814.0, 822.0, 830.0, 959.0, 980.0, 860.0, 919.0, 1054.0, 929.0, 768.0, 922.0, 934.0, 749.0, 792.0, 848.0, 778.0, 803.0, 859.0, 968.0, 834.0, 881.0, 781.0], [1199.0, 1293.0, 1176.0, 1191.0, 984.0, 936.0, 885.0, 963.0, 1153.0, 944.0, 1014.0, 951.0, 812.0, 874.0, 898.0, 834.0, 817.0, 885.0, 805.0, 875.0], [1193.0, 1083.0, 1158.0, 937.0, 923.0, 891.0, 820.0, 858.0, 933.0, 808.0, 909.0, 919.0, 815.0, 878.0, 978.0, 813.0, 844.0, 875.0], [NaN, 1191.0, 1121.0, 906.0, 858.0, 857.0, 942.0, 898.0, 914.0, 887.0, 904.0, 805.0, 917.0, 843.0, 919.0, 835.0, 890.0, 864.0, 895.0, 751.0, 859.0, 883.0], [1378.0, 1343.0, 1223.0, 1044.0, 918.0, 852.0, 880.0, 910.0, 913.0, 790.0, 969.0, 847.0, 844.0, 834.0, 886.0, 906.0, 779.0, 801.0, 823.0, 753.0, 1035.0, 682.0, 800.0, 786.0, 843.0], [1233.0, 1186.0, 1274.0, 970.0, 927.0, 935.0, 883.0, 855.0, 887.0, 826.0, 883.0, 1071.0, 766.0, 828.0, 891.0, 796.0, 930.0, 843.0, 949.0, 890.0, 860.0, 812.0, 999.0, 818.0, 818.0, 1025.0], [NaN, 1234.0, 1192.0, 1046.0, 955.0, 852.0, 952.0, 881.0, 790.0, 813.0, 905.0, 820.0, 889.0, 1117.0, 875.0, 949.0, 884.0, 923.0, 868.0, 909.0, 834.0, 735.0, 1071.0, 925.0, 980.0, 777.0, 751.0], [1214.0, 1214.0, 1206.0, 939.0, 1004.0, 981.0, 958.0, 898.0, 792.0, 870.0, 915.0, 989.0, 894.0, 855.0, 915.0, 924.0, 866.0, 801.0, 894.0, 731.0, 841.0, 882.0, 801.0, 751.0, 901.0, 938.0, 936.0, 807.0, 833.0], [1204.0, 1115.0, 1023.0, 982.0, 993.0, 856.0, 963.0, 906.0, 872.0, 840.0, 845.0, 768.0, 844.0, 771.0, 796.0, 914.0, 783.0, 874.0, 933.0, 880.0, 851.0, 842.0, 784.0, 725.0, 790.0, 815.0, 776.0]], "items_0": [[556.0, 556.0, 534.0, 522.0, 497.0, 497.0, 497.0, 497.0, 497.0, 718.0]], "best_final": [497.0, 497.0, 497.0, 497.0, 497.0, 492.0, 492.0, 497.0, 497.0, 504.0], "items_1": [[579.0, 565.0, 550.0, 524.0, 524.0, 497.0, 497.0, 497.0, 497.0, 497.0]], "items_2": [[569.0, 538.0, 522.0, 497.0, 497.0, 497.0, 497.0, 497.0, 497.0, 497.0]], "items_3": [[588.0, 588.0, 585.0, 585.0, 581.0, 522.0, 497.0, 497.0, 497.0, 497.0]], "items_4": [[573.0, 566.0, 537.0, 529.0, 529.0, 529.0, 497.0, 497.0, 497.0, 497.0]], "items_5": [[577.0, 565.0, 561.0, 558.0, 558.0, 519.0, 505.0, 492.0, 492.0, 492.0]], "items_6": [[529.0, 529.0, 519.0, 505.0, 492.0, 492.0, 492.0, 492.0, 492.0, 606.0]], "items_7": [[574.0, 561.0, 534.0, 534.0, 510.0, 497.0, 497.0, 497.0, 497.0, 497.0]], "items_8": [[556.0, 534.0, 534.0, 534.0, 524.0, 509.0, 497.0, 497.0, 497.0, 497.0]], "items_9": [[583.0, 580.0, 571.0, 561.0, 551.0, 541.0, 533.0, 529.0, 505.0, 504.0]]}