{"solver": ["elitist", "elitist", "elitist", "elitist", "elitist", "elitist", "elitist", "elitist", "elitist", "elitist"], "size": [691200, 691200, 691200, 691200, 691200, 691200, 691200, 691200, 691200, 691200], "times": [3.329694986343384, 2.5021274089813232, 1.7888383865356445, 3.3458340167999268, 1.917647123336792, 2.0791120529174805, 2.534595012664795, 2.407370090484619, 4.517072677612305, 2.5989367961883545], "bests": [492.0, 510.0, 519.0, 492.0, 544.0, 492.0, 497.0, 538.0, 492.0, 492.0], "avg_fits": [[NaN, NaN, NaN, NaN, NaN, NaN, NaN, NaN, NaN, NaN, NaN, NaN, NaN, NaN, NaN, NaN, NaN, NaN, NaN, NaN, NaN, NaN, NaN, NaN, NaN, NaN, NaN], [NaN, NaN, NaN, NaN, NaN, NaN, NaN, NaN, NaN, NaN, NaN, NaN, NaN, NaN, NaN, NaN, NaN, NaN, NaN, NaN, NaN, NaN], [NaN, NaN, NaN, NaN, NaN, NaN, NaN, NaN, NaN, NaN, NaN, NaN, NaN, NaN], [NaN, NaN, NaN, NaN, NaN, NaN, NaN, NaN, NaN, NaN, NaN, NaN, NaN, NaN, NaN, NaN, NaN, NaN, NaN, NaN, NaN, NaN, NaN, NaN, NaN, NaN, NaN, NaN, NaN], [NaN, NaN, NaN, NaN, NaN, NaN, NaN, NaN, NaN, NaN, NaN, NaN, NaN, NaN, NaN, 748.5], [NaN, NaN, NaN, NaN, NaN, NaN, NaN, NaN, NaN, NaN, NaN, NaN, NaN, NaN, NaN, NaN, 654.2083333333334], [NaN, NaN, NaN, NaN, 741.2083333333334, NaN, NaN, NaN, NaN, NaN, NaN, NaN, NaN, NaN, NaN, NaN, NaN, NaN, NaN, NaN, NaN, NaN], [NaN, NaN, NaN, NaN, NaN, NaN, NaN, NaN, NaN, NaN, NaN, NaN, NaN, NaN, NaN, NaN, NaN, NaN, NaN], [NaN, NaN, NaN, NaN, NaN, NaN, NaN, NaN, NaN, NaN, NaN, NaN, NaN, NaN, NaN, NaN, 658.375, NaN, NaN, NaN, 658.5833333333334, NaN, NaN, NaN, NaN, NaN, 692.0, NaN, NaN, NaN, NaN, NaN, NaN, 684.6666666666666, NaN, NaN, NaN, NaN, NaN], [NaN, NaN, NaN, NaN, NaN, NaN, NaN, NaN, NaN, NaN, NaN, 649.3333333333334, NaN, NaN, NaN, NaN, NaN, NaN, NaN, NaN, NaN]], "min_fits": [[NaN, 654.0, 654.0, 586.0, 586.0, 586.0, 586.0, 561.0, 561.0, 561.0, 561.0, 534.0, 534.0, 534.0, 534.0, 497.0, 492.0, 492.0, 492.0, 492.0, 492.0, 492.0, 492.0, 492.0, 492.0, 492.0, 492.0], [778.0, 678.0, 617.0, 598.0, 571.0, 571.0, 566.0, 566.0, 566.0, 566.0, 566.0, 510.0, 510.0, 510.0, 510.0, 510.0, 510.0, 510.0, 510.0, 510.0, 510.0, 510.0], [908.0, 731.0, 625.0, 519.0, 519.0, 519.0, 519.0, 519.0, 519.0, 519.0, 519.0, 519.0, 519.0, 519.0], [696.0, 696.0, 696.0, 659.0, 532.0, 532.0, 532.0, 532.0, 532.0, 532.0, 505.0, 505.0, 505.0, 505.0, 505.0, 505.0, 505.0, 505.0, 492.0, 492.0, 492.0, 492.0, 492.0, 492.0, 492.0, 492.0, 492.0, 492.0, 492.0], [666.0, 666.0, 666.0, 642.0, 611.0, 544.0, 544.0, 544.0, 544.0, 544.0, 544.0, 544.0, 544.0, 544.0, 544.0, 544.0], [746.0, 746.0, 682.0, 586.0, 524.0, 524.0, 492.0, 492.0, 492.0, 492.0, 492.0, 492.0, 492.0, 492.0, 492.0, 492.0, 492.0], [NaN, 547.0, 547.0, 547.0, 547.0, 547.0, 547.0, 510.0, 510.0, 510.0, 510.0, 497.0, 497.0, 497.0, 497.0, 497.0, 497.0, 497.0, 497.0, 497.0, 497.0, 497.0], [NaN, 598.0, 598.0, 563.0, 563.0, 563.0, 563.0, 563.0, 538.0, 538.0, 538.0, 538.0, 538.0, 538.0, 538.0, 538.0, 538.0, 538.0, 538.0], [NaN, 780.0, 737.0, 688.0, 672.0, 672.0, 613.0, 581.0, 581.0, 581.0, 581.0, 581.0, 581.0, 522.0, 522.0, 517.0, 517.0, 517.0, 517.0, 505.0, 505.0, 505.0, 505.0, 505.0, 505.0, 505.0, 505.0, 505.0, 492.0, 492.0, 492.0, 492.0, 492.0, 492.0, 492.0, 492.0, 492.0, 492.0, 492.0], [NaN, 812.0, 775.0, 708.0, 645.0, 645.0, 586.0, 586.0, 584.0, 584.0, 492.0, 492.0, 492.0, 492.0, 492.0, 492.0, 492.0, 492.0, 492.0, 492.0, 492.0]], "max_fits": [[NaN, 1231.0, 1365.0, 952.0, 958.0, 1040.0, 1047.0, 958.0, 930.0, 894.0, 872.0, 1017.0, 1086.0, 1118.0, 870.0, 932.0, 1022.0, 794.0, 862.0, 832.0, 845.0, 821.0, 979.0, 969.0, 846.0, 847.0, 853.0], [1181.0, 1240.0, 1119.0, 1052.0, 972.0, 890.0, 946.0, 1066.0, 993.0, 830.0, 892.0, 987.0, 866.0, 830.0, 889.0, 890.0, 857.0, 849.0, 873.0, 868.0, 850.0, 964.0], [1246.0, 1282.0, 1124.0, 1133.0, 1096.0, 866.0, 1024.0, 841.0, 895.0, 870.0, 827.0, 877.0, 986.0, 829.0], [1216.0, 1196.0, 1174.0, 985.0, 1132.0, 1065.0, 1078.0, 1095.0, 922.0, 918.0, 975.0, 966.0, 883.0, 1078.0, 911.0, 847.0, 889.0, 1010.0, 893.0, 825.0, 795.0, 1023.0, 786.0, 918.0, 955.0, 883.0, 853.0, 936.0, 853.0], [1121.0, 1150.0, 989.0, 1004.0, 1187.0, 1012.0, 1018.0, 905.0, 839.0, 833.0, 938.0, 958.0, 964.0, 863.0, 1006.0, 933.0], [1265.0, 1160.0, 1159.0, 1109.0, 954.0, 1032.0, 880.0, 901.0, 880.0, 1023.0, 857.0, 893.0, 855.0, 801.0, 854.0, 845.0, 829.0], [NaN, 1307.0, 1100.0, 1044.0, 1027.0, 891.0, 993.0, 1030.0, 940.0, 835.0, 983.0, 925.0, 839.0, 975.0, 884.0, 832.0, 924.0, 1017.0, 912.0, 846.0, 933.0, 880.0], [NaN, 1149.0, 980.0, 1056.0, 968.0, 880.0, 962.0, 988.0, 905.0, 959.0, 971.0, 944.0, 885.0, 971.0, 910.0, 887.0, 913.0, 1081.0, 1097.0], [NaN, 1313.0, 1186.0, 1029.0, 1053.0, 1010.0, 925.0, 972.0, 954.0, 1121.0, 1094.0, 943.0, 903.0, 1044.0, 887.0, 1064.0, 820.0, 910.0, 942.0, 860.0, 861.0, 824.0, 898.0, 795.0, 1094.0, 972.0, 846.0, 892.0, 930.0, 916.0, 1058.0, 1027.0, 902.0, 891.0, 1039.0, 1004.0, 859.0, 868.0, 875.0], [NaN, 1271.0, 1151.0, 1072.0, 1115.0, 1023.0, 1020.0, 1029.0, 1066.0, 977.0, 881.0, 1050.0, 888.0, 899.0, 864.0, 820.0, 909.0, 982.0, 994.0, 992.0, 913.0]], "items_0": [[612.0, 608.0, 597.0, 597.0, 591.0, 588.0, 585.0, 551.0, 492.0, 492.0]], "best_final": [492.0, 510.0, 519.0, 492.0, 544.0, 492.0, 497.0, 533.0, 492.0, 492.0], "items_1": [[662.0, 611.0, 579.0, 576.0, 569.0, 547.0, 547.0, 547.0, 510.0, 510.0]], "items_2": [[666.0, 651.0, 638.0, 633.0, 622.0, 591.0, 551.0, 551.0, 519.0, 519.0]], "items_3": [[621.0, 609.0, 603.0, 556.0, 551.0, 551.0, 497.0, 492.0, 492.0, 492.0]], "items_4": [[681.0, 679.0, 679.0, 673.0, 671.0, 666.0, 664.0, 620.0, 546.0, 544.0]], "items_5": [[625.0, 621.0, 563.0, 551.0, 549.0, 549.0, 492.0, 492.0, 492.0, 492.0]], "items_6": [[635.0, 629.0, 598.0, 593.0, 534.0, 534.0, 529.0, 497.0, 497.0, 497.0]], "items_7": [[721.0, 710.0, 706.0, 675.0, 653.0, 597.0, 591.0, 538.0, 538.0, 533.0]], "items_8": [[581.0, 575.0, 547.0, 538.0, 534.0, 497.0, 497.0, 497.0, 492.0, 492.0]], "items_9": [[642.0, 603.0, 591.0, 563.0, 556.0, 550.0, 544.0, 492.0, 492.0, 492.0]]}