{"solver": ["elitist", "elitist", "elitist", "elitist", "elitist", "elitist", "elitist", "elitist", "elitist", "elitist"], "size": [10290, 10290, 10290, 10290, 10290, 10290, 10290, 10290, 10290, 10290], "times": [14.479052066802979, 14.169250249862671, 19.23730969429016, 14.248428106307983, 23.26378035545349, 19.151333332061768, 18.48873233795166, 17.655325889587402, 19.50030779838562, 17.757373809814453], "bests": [123.0, 112.0, 112.0, 112.0, 112.0, 112.0, 112.0, 112.0, 112.0, 112.0], "avg_fits": [[NaN, NaN, NaN, NaN, NaN, NaN, NaN, NaN, NaN, NaN, NaN, NaN, NaN, NaN, NaN, NaN, NaN], [NaN, NaN, NaN, NaN, NaN, NaN, NaN, NaN, NaN, NaN, NaN, NaN, NaN, NaN, NaN, NaN, NaN], [NaN, NaN, NaN, NaN, NaN, NaN, NaN, NaN, NaN, NaN, NaN, NaN, NaN, NaN, NaN, NaN, NaN, NaN, NaN, NaN, NaN, NaN, NaN], [NaN, NaN, NaN, NaN, NaN, NaN, NaN, NaN, NaN, NaN, NaN, NaN, NaN, NaN, NaN, NaN, NaN], [NaN, NaN, NaN, NaN, NaN, NaN, NaN, NaN, NaN, NaN, NaN, NaN, NaN, NaN, NaN, NaN, NaN, NaN, NaN, NaN, NaN, NaN, NaN, NaN, NaN, NaN, NaN, NaN], [NaN, NaN, NaN, NaN, NaN, NaN, NaN, NaN, NaN, NaN, NaN, NaN, NaN, NaN, NaN, NaN, NaN, NaN, NaN, NaN, NaN, NaN, NaN], [NaN, NaN, NaN, NaN, NaN, NaN, NaN, NaN, NaN, NaN, NaN, NaN, NaN, NaN, NaN, NaN, NaN, NaN, NaN, NaN, NaN, NaN], [NaN, NaN, NaN, NaN, NaN, NaN, NaN, NaN, NaN, NaN, NaN, NaN, NaN, NaN, NaN, NaN, NaN, NaN, NaN, NaN, NaN], [NaN, NaN, NaN, NaN, NaN, NaN, NaN, NaN, NaN, NaN, NaN, NaN, NaN, NaN, NaN, NaN, NaN, NaN, NaN, NaN, NaN, NaN, NaN], [NaN, NaN, NaN, NaN, NaN, NaN, NaN, NaN, NaN, NaN, NaN, NaN, NaN, NaN, NaN, NaN, NaN, NaN, NaN, NaN, NaN]], "min_fits": [[NaN, 134.0, 134.0, 134.0, 134.0, 134.0, 123.0, 123.0, 123.0, 123.0, 123.0, 123.0, 123.0, 123.0, 123.0, 123.0, 123.0], [NaN, NaN, NaN, NaN, 177.0, 123.0, 112.0, 112.0, 112.0, 112.0, 112.0, 112.0, 112.0, 112.0, 112.0, 112.0, 112.0], [NaN, 205.0, 205.0, 123.0, 123.0, 123.0, 123.0, 123.0, 123.0, 123.0, 123.0, 123.0, 112.0, 112.0, 112.0, 112.0, 112.0, 112.0, 112.0, 112.0, 112.0, 112.0, 112.0], [NaN, NaN, NaN, NaN, 177.0, 177.0, 112.0, 112.0, 112.0, 112.0, 112.0, 112.0, 112.0, 112.0, 112.0, 112.0, 112.0], [NaN, NaN, 414.0, 342.0, 278.0, 278.0, 267.0, 123.0, 123.0, 123.0, 123.0, 123.0, 123.0, 123.0, 123.0, 123.0, 123.0, 112.0, 112.0, 112.0, 112.0, 112.0, 112.0, 112.0, 112.0, 112.0, 112.0, 112.0], [NaN, 222.0, 163.0, 163.0, 163.0, 152.0, 152.0, 123.0, 123.0, 123.0, 123.0, 123.0, 112.0, 112.0, 112.0, 112.0, 112.0, 112.0, 112.0, 112.0, 112.0, 112.0, 112.0], [278.0, 278.0, 224.0, 195.0, 152.0, 152.0, 141.0, 141.0, 141.0, 141.0, 141.0, 112.0, 112.0, 112.0, 112.0, 112.0, 112.0, 112.0, 112.0, 112.0, 112.0, 112.0], [319.0, 227.0, 157.0, 157.0, 157.0, 146.0, 146.0, 146.0, 146.0, 123.0, 112.0, 112.0, 112.0, 112.0, 112.0, 112.0, 112.0, 112.0, 112.0, 112.0, 112.0], [NaN, 324.0, 324.0, 247.0, 175.0, 141.0, 141.0, 141.0, 141.0, 141.0, 141.0, 123.0, 112.0, 112.0, 112.0, 112.0, 112.0, 112.0, 112.0, 112.0, 112.0, 112.0, 112.0], [NaN, 224.0, 195.0, 195.0, 195.0, 123.0, 123.0, 123.0, 123.0, 123.0, 112.0, 112.0, 112.0, 112.0, 112.0, 112.0, 112.0, 112.0, 112.0, 112.0, 112.0]], "max_fits": [[NaN, 290.0, 267.0, 200.0, 214.0, 277.0, 214.0, 195.0, 189.0, 195.0, 195.0, 177.0, 206.0, 235.0, 206.0, 202.0, 177.0], [NaN, NaN, NaN, NaN, 182.0, 206.0, 308.0, 278.0, 249.0, 249.0, 220.0, 231.0, 189.0, 177.0, 163.0, 220.0, 177.0], [NaN, 265.0, 265.0, 205.0, 205.0, 308.0, 308.0, 231.0, 205.0, 189.0, 214.0, 214.0, 206.0, 135.0, 135.0, 171.0, 214.0, 243.0, 200.0, 166.0, 195.0, 224.0, 160.0], [NaN, NaN, NaN, NaN, 315.0, 315.0, 320.0, 278.0, 249.0, 177.0, 166.0, 195.0, 177.0, 220.0, 146.0, 123.0, 146.0], [NaN, NaN, 414.0, 414.0, 355.0, 342.0, 355.0, 342.0, 267.0, 249.0, 249.0, 195.0, 160.0, 177.0, 177.0, 177.0, 220.0, 220.0, 160.0, 177.0, 211.0, 146.0, 195.0, 231.0, 160.0, 135.0, 220.0, 220.0], [NaN, 222.0, 222.0, 222.0, 231.0, 270.0, 249.0, 200.0, 177.0, 163.0, 168.0, 202.0, 220.0, 177.0, 146.0, 152.0, 195.0, 249.0, 195.0, 157.0, 146.0, 152.0, 163.0], [375.0, 375.0, 307.0, 315.0, 375.0, 375.0, 375.0, 375.0, 260.0, 195.0, 152.0, 249.0, 195.0, 141.0, 152.0, 166.0, 164.0, 160.0, 220.0, 200.0, 200.0, 146.0], [337.0, 378.0, 378.0, 324.0, 308.0, 249.0, 182.0, 229.0, 254.0, 164.0, 254.0, 224.0, 177.0, 160.0, 195.0, 220.0, 249.0, 249.0, 249.0, 254.0, 224.0], [NaN, 324.0, 324.0, 324.0, 324.0, 324.0, 324.0, 239.0, 177.0, 177.0, 188.0, 195.0, 249.0, 224.0, 177.0, 254.0, 166.0, 189.0, 224.0, 189.0, 141.0, 141.0, 146.0], [NaN, 274.0, 274.0, 274.0, 274.0, 274.0, 243.0, 224.0, 278.0, 278.0, 308.0, 308.0, 220.0, 240.0, 152.0, 220.0, 220.0, 220.0, 200.0, 195.0, 195.0]], "items_0": [[195.0, 134.0, 123.0, 123.0, 123.0, 123.0, 123.0, 123.0, 123.0, 123.0]], "best_final": [123.0, 112.0, 112.0, 112.0, 112.0, 112.0, 112.0, 112.0, 112.0, 112.0], "items_1": [[112.0, 112.0, 112.0, 112.0, 112.0, 112.0, 112.0, 112.0, 112.0, 171.0]], "items_2": [[112.0, 112.0, 160.0, 112.0, 123.0, 195.0, 112.0, 152.0, 141.0, 112.0]], "items_3": [[112.0, 195.0, 123.0, 112.0, 112.0, 112.0, 146.0]], "items_4": [[135.0, 123.0, 123.0, 112.0, 112.0, 112.0, 112.0, 112.0, 112.0, 112.0]], "items_5": [[214.0, 206.0, 112.0, 112.0, 166.0, 141.0, 112.0, 141.0, 141.0, 135.0]], "items_6": [[112.0, 112.0, 112.0, 112.0, 112.0, 112.0, 112.0, 112.0, 112.0, 112.0]], "items_7": [[112.0, 112.0, 123.0, 112.0, 112.0, 112.0, 112.0, 112.0, 112.0, 112.0]], "items_8": [[200.0, 146.0, 112.0, 112.0, 112.0, 148.0, 112.0, 160.0, 112.0, 112.0]], "items_9": [[112.0, 112.0, 112.0, 123.0, 112.0, 141.0, 112.0, 141.0, 123.0, 112.0]]}