{"solver": ["elitist", "elitist", "elitist", "elitist", "elitist", "elitist", "elitist", "elitist", "elitist", "elitist"], "size": [7779240, 7779240, 7779240, 7779240, 7779240, 7779240, 7779240, 7779240, 7779240, 7779240], "times": [8.205695152282715, 6.895025014877319, 5.497757434844971, 5.97879433631897, 11.620217323303223, 9.35574984550476, 11.19188404083252, 10.068819284439087, 6.924217939376831, 6.242612600326538], "bests": [359.0, 409.0, 379.0, 382.0, 360.0, 359.0, 359.0, 379.0, 370.0, 360.0], "avg_fits": [[NaN, NaN, NaN, NaN, NaN, NaN, NaN, NaN, NaN, NaN, NaN, NaN, NaN, NaN, NaN, NaN, NaN, NaN, NaN, NaN, NaN, NaN, NaN, NaN, NaN, NaN, NaN, NaN], [NaN, NaN, NaN, NaN, NaN, NaN, NaN, NaN, NaN, NaN, NaN, NaN, NaN, NaN, NaN, NaN, NaN, NaN, NaN], [NaN, NaN, NaN, NaN, NaN, NaN, NaN, NaN, NaN, NaN, NaN, NaN, NaN, NaN, NaN, NaN, NaN], [NaN, NaN, NaN, NaN, NaN, NaN, NaN, NaN, NaN, NaN, NaN, NaN, NaN, NaN, NaN, NaN, NaN, NaN, NaN, NaN, NaN, NaN], [NaN, NaN, NaN, NaN, NaN, NaN, NaN, NaN, NaN, NaN, NaN, NaN, NaN, NaN, NaN, NaN, NaN, NaN, NaN, NaN, NaN, NaN, NaN, NaN, NaN, NaN, NaN, NaN, NaN, NaN, NaN, NaN], [NaN, NaN, NaN, NaN, NaN, NaN, NaN, NaN, NaN, NaN, NaN, NaN, NaN, NaN, NaN, NaN, NaN, NaN, NaN, NaN, NaN, NaN, NaN, NaN, NaN, NaN, NaN, NaN, NaN, NaN], [NaN, NaN, NaN, NaN, NaN, NaN, NaN, NaN, NaN, NaN, NaN, NaN, NaN, NaN, NaN, NaN, NaN, NaN, NaN, NaN, NaN, NaN, NaN, NaN, NaN, NaN, NaN, NaN, NaN, NaN, NaN, NaN, NaN], [NaN, NaN, NaN, NaN, NaN, NaN, NaN, NaN, NaN, NaN, NaN, NaN, NaN, NaN, NaN, NaN, NaN, NaN, NaN, NaN, NaN, NaN, NaN, NaN, NaN, NaN, NaN, NaN, NaN, NaN, NaN, NaN], [NaN, NaN, NaN, NaN, NaN, NaN, NaN, NaN, NaN, NaN, NaN, NaN, NaN, NaN, NaN, NaN, NaN, NaN, NaN, NaN, NaN], [NaN, NaN, NaN, NaN, NaN, NaN, NaN, NaN, NaN, NaN, NaN, NaN, NaN, NaN, NaN, NaN, NaN, NaN, NaN, NaN, NaN, NaN, NaN]], "min_fits": [[NaN, 622.0, 531.0, 531.0, 517.0, 428.0, 428.0, 401.0, 401.0, 395.0, 375.0, 375.0, 366.0, 366.0, 366.0, 366.0, 366.0, 359.0, 359.0, 359.0, 359.0, 359.0, 359.0, 359.0, 359.0, 359.0, 359.0, 359.0], [NaN, 531.0, 526.0, 496.0, 457.0, 457.0, 457.0, 457.0, 409.0, 409.0, 409.0, 409.0, 409.0, 409.0, 409.0, 409.0, 409.0, 409.0, 409.0], [NaN, 476.0, 476.0, 402.0, 402.0, 402.0, 379.0, 379.0, 379.0, 379.0, 379.0, 379.0, 379.0, 379.0, 379.0, 379.0, 379.0], [NaN, 606.0, 606.0, 564.0, 564.0, 564.0, 510.0, 487.0, 472.0, 465.0, 439.0, 382.0, 382.0, 382.0, 382.0, 382.0, 382.0, 382.0, 382.0, 382.0, 382.0, 382.0], [NaN, 401.0, 401.0, 401.0, 401.0, 401.0, 389.0, 389.0, 389.0, 389.0, 389.0, 379.0, 379.0, 372.0, 372.0, 361.0, 361.0, 361.0, 361.0, 361.0, 361.0, 360.0, 360.0, 360.0, 360.0, 360.0, 360.0, 360.0, 360.0, 360.0, 360.0, 360.0], [580.0, 543.0, 534.0, 459.0, 447.0, 447.0, 404.0, 404.0, 386.0, 386.0, 386.0, 386.0, 386.0, 368.0, 368.0, 368.0, 368.0, 368.0, 368.0, 359.0, 359.0, 359.0, 359.0, 359.0, 359.0, 359.0, 359.0, 359.0, 359.0, 359.0], [NaN, 474.0, 474.0, 474.0, 474.0, 474.0, 474.0, 443.0, 406.0, 388.0, 388.0, 388.0, 388.0, 388.0, 388.0, 388.0, 388.0, 388.0, 370.0, 370.0, 366.0, 366.0, 359.0, 359.0, 359.0, 359.0, 359.0, 359.0, 359.0, 359.0, 359.0, 359.0, 359.0], [NaN, 487.0, 487.0, 487.0, 487.0, 487.0, 427.0, 427.0, 427.0, 400.0, 388.0, 388.0, 388.0, 388.0, 388.0, 388.0, 388.0, 388.0, 381.0, 381.0, 380.0, 379.0, 379.0, 379.0, 379.0, 379.0, 379.0, 379.0, 379.0, 379.0, 379.0, 379.0], [NaN, 458.0, 458.0, 456.0, 437.0, 437.0, 437.0, 436.0, 436.0, 377.0, 370.0, 370.0, 370.0, 370.0, 370.0, 370.0, 370.0, 370.0, 370.0, 370.0, 370.0], [NaN, 607.0, 581.0, 552.0, 475.0, 382.0, 382.0, 382.0, 382.0, 382.0, 382.0, 382.0, 360.0, 360.0, 360.0, 360.0, 360.0, 360.0, 360.0, 360.0, 360.0, 360.0, 360.0]], "max_fits": [[NaN, 746.0, 821.0, 813.0, 853.0, 769.0, 634.0, 764.0, 570.0, 554.0, 554.0, 596.0, 598.0, 702.0, 702.0, 663.0, 556.0, 679.0, 660.0, 734.0, 665.0, 658.0, 677.0, 617.0, 547.0, 573.0, 802.0, 689.0], [NaN, 946.0, 951.0, 784.0, 765.0, 773.0, 647.0, 594.0, 741.0, 847.0, 732.0, 830.0, 742.0, 702.0, 759.0, 659.0, 746.0, 659.0, 835.0], [NaN, 654.0, 643.0, 996.0, 900.0, 726.0, 606.0, 554.0, 703.0, 551.0, 713.0, 720.0, 518.0, 638.0, 742.0, 568.0, 684.0], [NaN, 725.0, 706.0, 740.0, 753.0, 759.0, 809.0, 779.0, 834.0, 733.0, 696.0, 639.0, 712.0, 751.0, 732.0, 714.0, 639.0, 621.0, 681.0, 804.0, 600.0, 634.0], [NaN, 913.0, 941.0, 918.0, 637.0, 922.0, 785.0, 717.0, 542.0, 756.0, 653.0, 639.0, 606.0, 698.0, 606.0, 727.0, 681.0, 683.0, 812.0, 698.0, 561.0, 660.0, 614.0, 658.0, 575.0, 687.0, 545.0, 687.0, 702.0, 610.0, 647.0, 746.0], [736.0, 757.0, 759.0, 665.0, 681.0, 754.0, 767.0, 625.0, 627.0, 571.0, 582.0, 627.0, 674.0, 567.0, 665.0, 613.0, 668.0, 724.0, 701.0, 664.0, 665.0, 605.0, 541.0, 797.0, 633.0, 654.0, 758.0, 719.0, 738.0, 777.0], [NaN, 849.0, 848.0, 868.0, 872.0, 691.0, 702.0, 717.0, 582.0, 685.0, 653.0, 695.0, 711.0, 629.0, 679.0, 613.0, 775.0, 688.0, 758.0, 608.0, 741.0, 659.0, 708.0, 718.0, 641.0, 565.0, 689.0, 677.0, 633.0, 612.0, 703.0, 558.0, 758.0], [NaN, 732.0, 716.0, 817.0, 797.0, 799.0, 799.0, 734.0, 740.0, 765.0, 636.0, 702.0, 560.0, 638.0, 605.0, 657.0, 561.0, 747.0, 617.0, 668.0, 773.0, 652.0, 734.0, 734.0, 624.0, 617.0, 590.0, 695.0, 738.0, 525.0, 654.0, 684.0], [NaN, 706.0, 786.0, 747.0, 771.0, 758.0, 724.0, 812.0, 802.0, 710.0, 715.0, 630.0, 956.0, 690.0, 764.0, 635.0, 649.0, 748.0, 559.0, 766.0, 598.0], [NaN, 773.0, 740.0, 793.0, 803.0, 805.0, 699.0, 561.0, 700.0, 856.0, 795.0, 602.0, 740.0, 603.0, 608.0, 625.0, 542.0, 601.0, 618.0, 682.0, 554.0, 630.0, 544.0]], "items_0": [[463.0, 442.0, 439.0, 434.0, 429.0, 366.0, 359.0, 359.0, 359.0, 359.0]], "best_final": [359.0, 409.0, 379.0, 382.0, 360.0, 359.0, 359.0, 379.0, 370.0, 360.0], "items_1": [[530.0, 482.0, 458.0, 448.0, 427.0, 427.0, 426.0, 425.0, 409.0, 409.0]], "items_2": [[460.0, 438.0, 418.0, 412.0, 405.0, 386.0, 379.0, 379.0, 379.0, 379.0]], "items_3": [[428.0, 400.0, 391.0, 389.0, 389.0, 389.0, 389.0, 382.0, 382.0, 382.0]], "items_4": [[514.0, 504.0, 448.0, 446.0, 419.0, 391.0, 389.0, 378.0, 360.0, 360.0]], "items_5": [[510.0, 510.0, 502.0, 489.0, 485.0, 470.0, 460.0, 440.0, 359.0, 359.0]], "items_6": [[418.0, 418.0, 418.0, 391.0, 390.0, 385.0, 360.0, 360.0, 359.0, 359.0]], "items_7": [[504.0, 482.0, 429.0, 408.0, 390.0, 390.0, 379.0, 379.0, 379.0, 379.0]], "items_8": [[429.0, 408.0, 395.0, 390.0, 388.0, 385.0, 377.0, 370.0, 370.0, 370.0]], "items_9": [[495.0, 480.0, 475.0, 462.0, 461.0, 452.0, 371.0, 367.0, 360.0, 360.0]]}