{"solver": ["elitist"], "time": [2.8297574520111084], "best": [179.0], "fitnesses": [[220.0, 225.0, 195.0, 219.0, 235.0, 235.0, 225.0, 205.0, 230.0, 230.0, 225.0, 225.0, 204.0, 194.0, 239.0, 240.0, 215.0, 210.0, 210.0, 204.0, 215.0, 205.0, 240.0, 230.0, 230.0], [194.0, 195.0, 200.0, 189.0, 180.0, 235.0, 205.0, 205.0, 225.0, 204.0, 229.0, 230.0, 220.0, 234.0, 205.0, 200.0, 199.0, 200.0, 210.0, 184.0, 190.0, 224.0], [180.0, 184.0, 184.0, 179.0, 219.0, 240.0, 219.0, 219.0, 185.0, 205.0, 185.0, 199.0, 185.0, 200.0, 205.0, 179.0, 179.0, 190.0, 200.0, 204.0, 184.0, 200.0], [179.0, 179.0, 185.0, 179.0, 194.0, 189.0, 229.0, 179.0, 189.0, 180.0, 205.0, 179.0, 204.0, 180.0, 214.0, 179.0, 185.0, 189.0, 184.0, 220.0, 179.0, 179.0], [179.0, 179.0, 194.0, 234.0, 179.0, 184.0, 179.0, 179.0, 179.0, 215.0, 220.0, 190.0, 184.0, 184.0, 185.0, 184.0, 184.0, 184.0, 214.0, 179.0, 184.0, 179.0], [179.0, 179.0, 195.0, 220.0, 194.0, 189.0, 184.0, 180.0, 184.0, 199.0, 179.0, 179.0, 219.0, 225.0, 184.0, 199.0, 179.0, 179.0, 179.0, 179.0, 180.0, 179.0], [179.0, 179.0, 179.0, 179.0, 185.0, 180.0, 199.0, 179.0, 189.0, 199.0, 184.0, 185.0, 194.0, 194.0, 194.0, 184.0, 204.0, 190.0, 230.0, 194.0, 179.0, 230.0], [179.0, 179.0, 179.0, 180.0, 179.0, 184.0, 224.0, 214.0, 180.0, 179.0, 214.0, 179.0, 184.0, 199.0, 184.0, 184.0, 179.0, 179.0, 200.0, 180.0, 185.0, 184.0], [179.0, 179.0, 179.0, 180.0, 179.0, 224.0, 214.0, 179.0, 184.0, 215.0, 184.0, 179.0, 184.0, 179.0, 184.0, 195.0, 214.0, 179.0, 179.0, 184.0, 179.0, 184.0], [179.0, 179.0, 179.0, 184.0, 179.0, 210.0, 195.0, 180.0, 194.0, 180.0, 194.0, 194.0, 179.0, 179.0, 179.0, 184.0, 179.0, 180.0, 184.0, 194.0, 179.0, 190.0], [179.0, 179.0, 215.0, 194.0, 184.0, 179.0, 199.0, 185.0, 219.0, 214.0, 179.0, 179.0, 179.0, 189.0, 179.0, 209.0, 194.0, 179.0, 199.0, 180.0, 180.0, 194.0], [179.0, 179.0, 184.0, 235.0, 180.0, 204.0, 190.0, 210.0, 184.0, 179.0, 179.0, 195.0, 214.0, 214.0, 189.0, 209.0, 200.0, 184.0, 189.0, 224.0, 199.0, 180.0], [179.0, 179.0, 189.0, 180.0, 215.0, 184.0, 200.0, 224.0, 214.0, 195.0, 180.0, 179.0, 204.0, 194.0, 180.0, 184.0, 200.0, 185.0, 194.0, 199.0, 195.0, 180.0]], "avg_fit": [220.2, 207.13636363636363, 196.54545454545453, 189.95454545454547, 189.63636363636363, 189.22727272727272, 191.3181818181818, 187.63636363636363, 188.0, 185.1818181818182, 190.3181818181818, 195.45454545454547, 192.4090909090909], "min_fit": [194.0, 180.0, 179.0, 179.0, 179.0, 179.0, 179.0, 179.0, 179.0, 179.0, 179.0, 179.0, 179.0], "max_fit": [240.0, 235.0, 240.0, 229.0, 234.0, 225.0, 230.0, 224.0, 224.0, 210.0, 219.0, 235.0, 224.0], "items": [[184.0, 184.0, 180.0, 180.0, 180.0, 179.0, 179.0, 179.0, 179.0, 179.0]]}