{"solver": ["plain", "plain", "plain", "plain", "plain", "plain", "plain", "plain", "plain", "plain"], "times": [3.816556930541992, 3.2644078731536865, 2.8941779136657715, 3.0981192588806152, 3.3585734367370605, 3.0963099002838135, 3.123060941696167, 3.095487117767334, 2.8078718185424805, 3.043273687362671], "bests": [115.0, 115.0, 115.0, 115.0, 115.0, 115.0, 115.0, 115.0, 115.0, 115.0], "avg_fits": [[170.8, 160.20833333333334, 145.20833333333334, 135.41666666666666, 135.0, 134.79166666666666, 127.08333333333333, 121.66666666666667, 124.79166666666667, 127.29166666666667, 124.79166666666667, 118.95833333333333, 128.75, 122.29166666666667, 131.25, 132.5], [158.6, 146.875, 140.625, 136.45833333333334, 127.5, 120.20833333333333, 121.25, 121.875, 120.0, 132.91666666666666, 122.29166666666667, 118.54166666666667, 128.54166666666666], [161.6, 143.54166666666666, 130.83333333333334, 132.70833333333334, 134.16666666666666, 125.83333333333333, 122.29166666666667, 129.375, 131.04166666666666, 127.5, 141.25, 123.125, 126.45833333333333], [159.6, 143.33333333333334, 128.54166666666666, 130.20833333333334, 128.33333333333334, 125.83333333333333, 129.375, 127.70833333333333, 126.66666666666667, 127.91666666666667, 134.375, 131.45833333333334, 122.08333333333333], [166.0, 150.83333333333334, 135.625, 132.70833333333334, 123.75, 122.5, 132.08333333333334, 123.75, 122.29166666666667, 132.91666666666666, 124.16666666666667, 130.625, 126.875], [166.8, 148.75, 139.58333333333334, 127.08333333333333, 135.0, 128.54166666666666, 126.45833333333333, 132.5, 130.41666666666666, 133.54166666666666, 122.08333333333333, 127.70833333333333, 131.25], [163.6, 152.70833333333334, 144.79166666666666, 126.66666666666667, 126.45833333333333, 130.625, 127.91666666666667, 130.83333333333334, 116.45833333333333, 120.625, 126.45833333333333, 128.125, 130.41666666666666], [162.2, 140.20833333333334, 133.95833333333334, 130.83333333333334, 126.875, 126.45833333333333, 122.70833333333333, 132.08333333333334, 119.79166666666667, 121.45833333333333, 132.5, 126.66666666666667, 122.5], [161.8, 144.375, 132.70833333333334, 127.5, 123.125, 127.70833333333333, 119.375, 133.33333333333334, 133.54166666666666, 125.20833333333333, 127.70833333333333, 125.83333333333333, 126.04166666666667], [162.2, 150.20833333333334, 134.16666666666666, 126.66666666666667, 127.5, 121.45833333333333, 118.95833333333333, 126.875, 133.75, 132.70833333333334, 129.375, 129.16666666666666, 126.45833333333333]], "min_fits": [[130.0, 135.0, 125.0, 115.0, 120.0, 115.0, 115.0, 115.0, 115.0, 115.0, 115.0, 115.0, 115.0, 115.0, 115.0, 115.0], [120.0, 115.0, 115.0, 115.0, 115.0, 115.0, 115.0, 115.0, 115.0, 115.0, 115.0, 115.0, 115.0], [115.0, 115.0, 115.0, 115.0, 115.0, 115.0, 115.0, 115.0, 115.0, 115.0, 115.0, 115.0, 115.0], [115.0, 115.0, 115.0, 115.0, 115.0, 115.0, 115.0, 115.0, 115.0, 115.0, 115.0, 115.0, 115.0], [115.0, 115.0, 115.0, 115.0, 115.0, 115.0, 115.0, 115.0, 115.0, 115.0, 115.0, 115.0, 115.0], [115.0, 115.0, 115.0, 115.0, 115.0, 115.0, 115.0, 115.0, 115.0, 115.0, 115.0, 115.0, 115.0], [115.0, 115.0, 115.0, 115.0, 115.0, 115.0, 115.0, 115.0, 115.0, 115.0, 115.0, 115.0, 115.0], [115.0, 115.0, 115.0, 115.0, 115.0, 115.0, 115.0, 115.0, 115.0, 115.0, 115.0, 115.0, 115.0], [115.0, 115.0, 115.0, 115.0, 115.0, 115.0, 115.0, 115.0, 115.0, 115.0, 115.0, 115.0, 115.0], [120.0, 115.0, 115.0, 115.0, 115.0, 115.0, 115.0, 115.0, 115.0, 115.0, 115.0, 115.0, 115.0]], "max_fits": [[205.0, 205.0, 190.0, 180.0, 175.0, 205.0, 165.0, 180.0, 180.0, 200.0, 185.0, 185.0, 205.0, 200.0, 185.0, 180.0], [205.0, 190.0, 190.0, 185.0, 185.0, 140.0, 185.0, 165.0, 190.0, 205.0, 170.0, 165.0, 185.0], [205.0, 200.0, 195.0, 200.0, 190.0, 195.0, 200.0, 180.0, 195.0, 195.0, 195.0, 185.0, 200.0], [200.0, 190.0, 175.0, 185.0, 190.0, 190.0, 195.0, 200.0, 195.0, 195.0, 190.0, 195.0, 195.0], [200.0, 190.0, 185.0, 185.0, 150.0, 185.0, 185.0, 185.0, 170.0, 205.0, 185.0, 200.0, 185.0], [205.0, 185.0, 190.0, 185.0, 185.0, 180.0, 180.0, 200.0, 185.0, 200.0, 180.0, 195.0, 200.0], [205.0, 190.0, 185.0, 190.0, 170.0, 180.0, 205.0, 205.0, 125.0, 155.0, 200.0, 185.0, 205.0], [210.0, 200.0, 200.0, 200.0, 200.0, 170.0, 185.0, 195.0, 165.0, 165.0, 200.0, 195.0, 190.0], [200.0, 190.0, 205.0, 180.0, 185.0, 185.0, 165.0, 180.0, 185.0, 180.0, 185.0, 180.0, 200.0], [190.0, 190.0, 195.0, 185.0, 180.0, 185.0, 165.0, 195.0, 195.0, 200.0, 185.0, 195.0, 195.0]], "items_0": [[115.0, 115.0, 115.0, 115.0, 115.0, 115.0, 115.0, 115.0, 115.0, 115.0]], "items_1": [[115.0, 115.0, 115.0, 115.0, 115.0, 115.0, 115.0, 115.0, 115.0, 115.0]], "items_2": [[115.0, 115.0, 115.0, 115.0, 115.0, 115.0, 115.0, 115.0, 115.0, 115.0]], "items_3": [[115.0, 115.0, 115.0, 115.0, 115.0, 115.0, 115.0, 115.0, 115.0, 115.0]], "items_4": [[120.0, 120.0, 115.0, 115.0, 115.0, 115.0, 115.0, 115.0, 115.0, 115.0]], "items_5": [[115.0, 115.0, 115.0, 115.0, 115.0, 115.0, 115.0, 115.0, 115.0, 115.0]], "items_6": [[115.0, 115.0, 115.0, 115.0, 115.0, 115.0, 115.0, 115.0, 115.0, 115.0]], "items_7": [[115.0, 115.0, 115.0, 115.0, 115.0, 115.0, 115.0, 115.0, 115.0, 115.0]], "items_8": [[115.0, 115.0, 115.0, 115.0, 115.0, 115.0, 115.0, 115.0, 115.0, 115.0]], "items_9": [[115.0, 115.0, 115.0, 115.0, 115.0, 115.0, 115.0, 115.0, 115.0, 115.0]]}