{"solver": ["plain", "plain", "plain", "plain", "plain", "plain", "plain", "plain", "plain", "plain"], "times": [9.605352878570557, 33.83531451225281, 30.483119010925293, 35.362624645233154, 29.83823847770691, 22.51099729537964, 25.481992959976196, 39.042102336883545, 9.07679009437561, 14.320697546005249], "bests": [48.0, 48.0, 48.0, 48.0, 48.0, 48.0, 48.0, 48.0, 48.0, 48.0], "avg_fits": [[357.8, 305.5833333333333, 243.91666666666666, 249.375, 232.91666666666666, 161.125, 207.04166666666666, 232.125, 217.66666666666666, 204.5, 182.375, 186.66666666666666, 179.83333333333334, 202.08333333333334, 187.33333333333334, 176.75, 141.54166666666666, 183.91666666666666, 205.875, 185.08333333333334, 171.875, 187.04166666666666, 176.5], [363.96, 320.6666666666667, 281.1666666666667, 267.4583333333333, 244.16666666666666, 220.04166666666666, 234.29166666666666, 211.0, 202.04166666666666, 187.625, 180.20833333333334, 206.41666666666666, 188.04166666666666, 206.29166666666666, 206.79166666666666, 175.04166666666666, 194.625, 177.45833333333334, 184.33333333333334, 185.08333333333334, 208.83333333333334, 185.58333333333334, 139.58333333333334, 153.41666666666666, 152.91666666666666, 166.375, 166.75, 151.375, 188.95833333333334, 165.20833333333334, 154.75, 165.45833333333334, 162.5, 149.54166666666666, 165.83333333333334, 176.0, 176.08333333333334, 165.70833333333334, 199.70833333333334, 195.58333333333334, 182.83333333333334, 193.75, 196.70833333333334, 173.625, 189.41666666666666, 210.41666666666666, 193.625, 216.625, 207.45833333333334, 176.45833333333334, 200.0, 220.54166666666666, 226.29166666666666, 185.70833333333334, 172.04166666666666, 183.08333333333334, 190.41666666666666, 172.375, 224.25, 208.20833333333334, 214.125, 175.79166666666666, 189.5, 190.5, 177.625, 167.95833333333334, 172.08333333333334, 183.16666666666666, 184.08333333333334, 180.29166666666666, 194.58333333333334, 183.54166666666666, 229.33333333333334, 216.625, 201.0, 218.33333333333334, 206.70833333333334, 198.20833333333334, 182.91666666666666, 170.29166666666666, 153.20833333333334, 181.79166666666666, 191.08333333333334, 211.95833333333334, 193.04166666666666, 188.25, 171.20833333333334, 169.625, 190.66666666666666], [332.76, 313.2916666666667, 299.2083333333333, 301.875, 279.625, 244.95833333333334, 226.25, 222.83333333333334, 270.25, 308.0416666666667, 215.75, 216.66666666666666, 213.83333333333334, 165.375, 172.79166666666666, 198.70833333333334, 177.79166666666666, 155.625, 142.75, 199.83333333333334, 180.375, 169.25, 170.5, 189.375, 201.33333333333334, 206.66666666666666, 207.625, 208.125, 217.95833333333334, 212.41666666666666, 218.45833333333334, 233.45833333333334, 211.45833333333334, 187.16666666666666, 178.04166666666666, 191.83333333333334, 190.08333333333334, 211.70833333333334, 185.91666666666666, 192.91666666666666, 225.91666666666666, 180.875, 186.29166666666666, 187.75, 199.75, 199.66666666666666, 190.95833333333334, 184.875, 180.70833333333334, 162.08333333333334, 156.04166666666666, 174.875, 166.54166666666666, 188.70833333333334, 189.83333333333334, 161.79166666666666, 142.16666666666666, 182.79166666666666, 158.58333333333334, 173.70833333333334, 166.375, 160.33333333333334, 192.75, 174.20833333333334, 199.45833333333334, 198.5, 183.70833333333334, 160.375, 156.625, 163.125, 163.25, 175.375, 180.41666666666666, 145.58333333333334, 159.58333333333334, 156.58333333333334], [362.72, 282.7916666666667, 278.0833333333333, 268.5416666666667, 213.70833333333334, 229.5, 241.5, 276.9583333333333, 259.9166666666667, 243.33333333333334, 224.58333333333334, 232.5, 225.20833333333334, 225.83333333333334, 225.375, 237.125, 263.3333333333333, 236.91666666666666, 217.0, 177.875, 172.83333333333334, 170.54166666666666, 163.95833333333334, 136.33333333333334, 146.04166666666666, 166.375, 212.16666666666666, 187.0, 170.16666666666666, 180.83333333333334, 181.5, 233.16666666666666, 233.125, 178.66666666666666, 172.79166666666666, 144.79166666666666, 152.25, 181.08333333333334, 164.33333333333334, 159.29166666666666, 135.33333333333334, 129.45833333333334, 136.875, 181.95833333333334, 172.875, 167.0, 165.95833333333334, 144.125, 180.04166666666666, 185.41666666666666, 189.5, 228.0, 233.16666666666666, 215.5, 213.33333333333334, 191.625, 220.16666666666666, 190.70833333333334, 165.54166666666666, 147.25, 150.16666666666666, 187.45833333333334, 188.54166666666666, 174.83333333333334, 173.54166666666666, 196.16666666666666, 142.58333333333334, 152.29166666666666, 128.79166666666666, 185.95833333333334, 163.0, 168.95833333333334, 195.91666666666666, 226.95833333333334, 200.45833333333334, 182.20833333333334, 160.58333333333334, 172.70833333333334, 172.66666666666666, 187.58333333333334, 146.08333333333334, 143.875, 145.875, 113.79166666666667, 166.83333333333334, 151.45833333333334, 153.45833333333334, 156.54166666666666, 141.25, 141.66666666666666], [400.16, 338.9166666666667, 320.8333333333333, 283.5, 257.0, 258.0833333333333, 216.875, 256.2083333333333, 295.3333333333333, 276.625, 280.6666666666667, 238.04166666666666, 224.0, 240.16666666666666, 227.95833333333334, 234.25, 265.0416666666667, 219.54166666666666, 219.875, 213.25, 167.875, 144.29166666666666, 191.45833333333334, 214.95833333333334, 231.125, 219.875, 187.54166666666666, 170.04166666666666, 183.45833333333334, 177.75, 156.45833333333334, 153.625, 148.25, 161.08333333333334, 114.79166666666667, 179.08333333333334, 162.45833333333334, 173.83333333333334, 180.04166666666666, 190.20833333333334, 204.70833333333334, 146.08333333333334, 167.83333333333334, 147.29166666666666, 133.95833333333334, 164.04166666666666, 147.70833333333334, 147.75, 176.41666666666666, 152.33333333333334, 174.54166666666666, 185.625, 193.375, 157.04166666666666, 172.54166666666666, 158.375, 184.04166666666666, 176.41666666666666, 150.375, 173.54166666666666, 146.75, 129.20833333333334, 189.41666666666666, 174.45833333333334, 144.5, 172.25, 164.875, 154.08333333333334, 143.625, 180.0, 153.29166666666666, 158.5, 163.54166666666666, 147.16666666666666, 169.95833333333334], [370.84, 308.75, 265.875, 244.33333333333334, 248.79166666666666, 231.79166666666666, 225.0, 211.25, 203.16666666666666, 167.95833333333334, 204.875, 234.41666666666666, 167.29166666666666, 161.29166666666666, 172.58333333333334, 179.54166666666666, 180.5, 196.20833333333334, 149.70833333333334, 160.75, 169.0, 172.75, 165.20833333333334, 168.41666666666666, 149.45833333333334, 160.5, 164.75, 170.20833333333334, 180.41666666666666, 171.20833333333334, 164.04166666666666, 155.16666666666666, 180.41666666666666, 192.29166666666666, 194.875, 194.375, 200.25, 203.5, 171.0, 144.20833333333334, 193.70833333333334, 176.58333333333334, 160.20833333333334, 175.29166666666666, 189.45833333333334, 151.125, 144.29166666666666, 190.41666666666666, 184.79166666666666, 167.75, 170.20833333333334, 162.95833333333334, 212.0, 165.0, 141.54166666666666, 162.625, 184.875, 184.41666666666666], [379.6, 360.2916666666667, 288.9583333333333, 250.75, 235.79166666666666, 221.875, 214.625, 181.04166666666666, 227.58333333333334, 237.0, 188.45833333333334, 187.25, 178.83333333333334, 174.66666666666666, 217.83333333333334, 199.58333333333334, 183.29166666666666, 206.70833333333334, 187.70833333333334, 156.45833333333334, 183.0, 238.16666666666666, 204.95833333333334, 231.75, 220.20833333333334, 216.45833333333334, 201.54166666666666, 225.08333333333334, 178.66666666666666, 164.125, 124.91666666666667, 166.70833333333334, 173.125, 178.45833333333334, 197.04166666666666, 201.54166666666666, 178.58333333333334, 163.875, 172.79166666666666, 197.41666666666666, 214.95833333333334, 170.66666666666666, 194.75, 206.29166666666666, 210.91666666666666, 192.83333333333334, 167.16666666666666, 229.375, 188.0, 183.29166666666666, 178.70833333333334, 155.20833333333334, 148.66666666666666, 134.5, 137.375, 127.375, 158.375, 119.79166666666667, 205.04166666666666, 160.5, 150.04166666666666, 167.95833333333334, 168.79166666666666, 