{"solver": ["elitist", "elitist", "elitist", "elitist", "elitist", "elitist", "elitist", "elitist", "elitist", "elitist"], "size": [1658880, 1658880, 1658880, 1658880, 1658880, 1658880, 1658880, 1658880, 1658880, 1658880], "times": [4.411267995834351, 6.160840272903442, 5.768900156021118, 6.283276081085205, 5.6676764488220215, 8.431617259979248, 3.24822998046875, 4.225987195968628, 3.6832213401794434, 3.641289710998535], "bests": [473.0, 475.0, 473.0, 473.0, 473.0, 473.0, 509.0, 473.0, 512.0, 498.0], "avg_fits": [[NaN, NaN, NaN, NaN, NaN, NaN, NaN, NaN, NaN, NaN, NaN, NaN, NaN, NaN, NaN, NaN, NaN, NaN, NaN, NaN, NaN], [NaN, NaN, NaN, NaN, NaN, NaN, NaN, NaN, NaN, NaN, NaN, NaN, NaN, NaN, NaN, NaN, NaN, NaN, NaN, NaN, NaN, NaN, NaN, NaN, NaN, NaN, NaN, NaN, NaN, NaN], [NaN, NaN, NaN, NaN, NaN, NaN, NaN, NaN, NaN, NaN, NaN, NaN, NaN, NaN, NaN, NaN, NaN, NaN, NaN, NaN, NaN, NaN, NaN, NaN, NaN, NaN, NaN, NaN], [NaN, NaN, NaN, NaN, NaN, NaN, NaN, NaN, NaN, NaN, NaN, NaN, NaN, NaN, NaN, NaN, NaN, NaN, NaN, NaN, NaN, NaN, NaN, NaN, NaN, NaN, NaN, NaN, NaN, NaN, NaN], [NaN, NaN, NaN, NaN, NaN, NaN, NaN, NaN, NaN, NaN, NaN, NaN, NaN, NaN, NaN, NaN, NaN, NaN, NaN, NaN, NaN, NaN, NaN, NaN, NaN, NaN, NaN], [NaN, NaN, NaN, NaN, NaN, NaN, NaN, NaN, NaN, NaN, NaN, NaN, NaN, NaN, NaN, NaN, NaN, NaN, NaN, NaN, NaN, NaN, NaN, NaN, NaN, NaN, NaN, NaN, NaN, NaN, NaN, NaN, NaN, NaN, NaN, NaN, NaN, NaN, NaN, NaN, NaN, NaN], [NaN, NaN, NaN, NaN, NaN, NaN, NaN, NaN, NaN, NaN, NaN, NaN, NaN, NaN, NaN], [NaN, NaN, NaN, NaN, NaN, NaN, NaN, NaN, NaN, NaN, NaN, NaN, NaN, NaN, NaN, NaN, NaN, NaN, NaN, NaN], [NaN, NaN, NaN, NaN, NaN, NaN, NaN, NaN, NaN, NaN, NaN, NaN, NaN, NaN, NaN, NaN, NaN], [NaN, NaN, NaN, NaN, NaN, NaN, NaN, NaN, NaN, NaN, NaN, NaN, NaN, NaN, NaN, NaN, NaN]], "min_fits": [[NaN, 561.0, 561.0, 535.0, 535.0, 535.0, 535.0, 535.0, 526.0, 524.0, 473.0, 473.0, 473.0, 473.0, 473.0, 473.0, 473.0, 473.0, 473.0, 473.0, 473.0], [593.0, 593.0, 593.0, 566.0, 566.0, 566.0, 566.0, 549.0, 532.0, 532.0, 521.0, 510.0, 510.0, 476.0, 476.0, 476.0, 476.0, 476.0, 476.0, 475.0, 475.0, 475.0, 475.0, 475.0, 475.0, 475.0, 475.0, 475.0, 475.0, 475.0], [NaN, 647.0, 647.0, 647.0, 611.0, 611.0, 568.0, 568.0, 568.0, 568.0, 529.0, 529.0, 529.0, 520.0, 520.0, 484.0, 484.0, 473.0, 473.0, 473.0, 473.0, 473.0, 473.0, 473.0, 473.0, 473.0, 473.0, 473.0], [NaN, 684.0, 641.0, 606.0, 563.0, 563.0, 563.0, 563.0, 563.0, 552.0, 552.0, 527.0, 527.0, 527.0, 527.0, 527.0, 527.0, 526.0, 526.0, 476.0, 473.0, 473.0, 473.0, 473.0, 473.0, 473.0, 473.0, 473.0, 473.0, 473.0, 473.0], [679.0, 590.0, 590.0, 563.0, 559.0, 503.0, 503.0, 503.0, 503.0, 503.0, 489.0, 489.0, 487.0, 487.0, 487.0, 487.0, 473.0, 473.0, 473.0, 473.0, 473.0, 473.0, 473.0, 473.0, 473.0, 473.0, 473.0], [NaN, 740.0, 740.0, 646.0, 610.0, 610.0, 610.0, 610.0, 610.0, 582.0, 574.0, 542.0, 542.0, 542.0, 542.0, 537.0, 528.0, 528.0, 528.0, 528.0, 478.0, 478.0, 478.0, 478.0, 475.0, 475.0, 475.0, 475.0, 475.0, 475.0, 475.0, 473.0, 473.0, 473.0, 473.0, 473.0, 473.0, 473.0, 473.0, 473.0, 473.0, 473.0], [NaN, 651.0, 563.0, 563.0, 509.0, 509.0, 509.0, 509.0, 509.0, 509.0, 509.0, 509.0, 509.0, 509.0, 509.0], [NaN, 629.0, 629.0, 629.0, 552.0, 552.0, 552.0, 552.0, 552.0, 473.0, 473.0, 473.0, 473.0, 473.0, 473.0, 473.0, 473.0, 473.0, 473.0, 473.0], [NaN, 701.0, 680.0, 568.0, 568.0, 537.0, 512.0, 512.0, 512.0, 512.0, 512.0, 512.0, 512.0, 512.0, 512.0, 512.0, 512.0], [767.0, 692.0, 547.0, 547.0, 547.0, 509.0, 498.0, 498.0, 498.0, 498.0, 498.0, 498.0, 498.0, 498.0, 498.0, 498.0, 498.0]], "max_fits": [[NaN, 1041.0, 1124.0, 926.0, 848.0, 961.0, 800.0, 827.0, 823.0, 840.0, 951.0, 832.0, 788.0, 821.0, 786.0, 855.0, 868.0, 1008.0, 916.0, 750.0, 787.0], [984.0, 973.0, 895.0, 890.0, 853.0, 787.0, 819.0, 951.0, 808.0, 817.0, 834.0, 873.0, 979.0, 829.0, 936.0, 870.0, 724.0, 793.0, 799.0, 734.0, 798.0, 881.0, 812.0, 791.0, 790.0, 748.0, 812.0, 773.0, 721.0, 850.0], [NaN, 1094.0, 1063.0, 1209.0, 976.0, 911.0, 993.0, 832.0, 883.0, 908.0, 814.0, 737.0, 893.0, 793.0, 806.0, 791.0, 822.0, 816.0, 856.0, 777.0, 1054.0, 778.0, 743.0, 851.0, 859.0, 857.0, 905.0, 757.0], [NaN, 1065.0, 1064.0, 1078.0, 867.0, 852.0, 766.0, 1060.0, 860.0, 855.0, 846.0, 884.0, 842.0, 834.0, 829.0, 801.0, 797.0, 865.0, 783.0, 799.0, 933.0, 889.0, 1090.0, 866.0, 801.0, 862.0, 811.0, 837.0, 847.0, 722.0, 942.0], [1142.0, 988.0, 851.0, 894.0, 882.0, 886.0, 879.0, 862.0, 790.0, 810.0, 727.0, 705.0, 705.0, 736.0, 909.0, 1051.0, 857.0, 858.0, 1001.0, 992.0, 1000.0, 922.0, 868.0, 893.0, 741.0, 825.0, 881.0], [NaN, 1079.0, 1022.0, 992.0, 973.0, 958.0, 949.0, 945.0, 817.0, 1181.0, 878.0, 860.0, 786.0, 850.0, 787.0, 846.0, 1042.0, 997.0, 821.0, 935.0, 734.0, 878.0, 908.0, 1108.0, 808.0, 795.0, 785.0, 905.0, 818.0, 836.0, 753.0, 692.0, 853.0, 859.0, 764.0, 791.0, 978.0, 710.0, 773.0, 778.0, 692.0, 794.0], [NaN, 1110.0, 1022.0, 739.0, 995.0, 1111.0, 837.0, 906.0, 799.0, 946.0, 804.0, 796.0, 816.0, 759.0, 837.0], [NaN, 1018.0, 996.0, 970.0, 881.0, 912.0, 840.0, 868.0, 851.0, 1037.0, 688.0, 726.0, 969.0, 809.0, 738.0, 794.0, 726.0, 923.0, 866.0, 773.0], [NaN, 1025.0, 1054.0, 1157.0, 940.0, 857.0, 975.0, 929.0, 887.0, 894.0, 1123.0, 827.0, 817.0, 872.0, 876.0, 846.0, 902.0], [958.0, 969.0, 991.0, 912.0, 908.0, 1021.0, 912.0, 958.0, 858.0, 766.0, 715.0, 838.0, 920.0, 858.0, 856.0, 837.0, 765.0]], "items_0": [[695.0, 657.0, 638.0, 631.0, 596.0, 539.0, 487.0, 473.0, 473.0, 473.0]], "best_final": [473.0, 475.0, 473.0, 473.0, 473.0, 473.0, 473.0, 473.0, 512.0, 498.0], "items_1": [[604.0, 595.0, 576.0, 570.0, 545.0, 524.0, 486.0, 484.0, 475.0, 475.0]], "items_2": [[582.0, 576.0, 537.0, 524.0, 512.0, 509.0, 498.0, 476.0, 473.0, 473.0]], "items_3": [[599.0, 576.0, 576.0, 576.0, 576.0, 532.0, 484.0, 475.0, 473.0, 473.0]], "items_4": [[679.0, 632.0, 587.0, 575.0, 533.0, 487.0, 486.0, 473.0, 473.0, 473.0]], "items_5": [[557.0, 522.0, 507.0, 507.0, 498.0, 484.0, 473.0, 473.0, 473.0, 473.0]], "items_6": [[622.0, 612.0, 612.0, 579.0, 552.0, 534.0, 509.0, 509.0, 509.0, 473.0]], "items_7": [[576.0, 543.0, 520.0, 484.0, 475.0, 475.0, 475.0, 473.0, 473.0, 473.0]], "items_8": [[649.0, 636.0, 615.0, 598.0, 591.0, 581.0, 570.0, 565.0, 512.0, 512.0]], "items_9": [[646.0, 642.0, 616.0, 597.0, 586.0, 555.0, 501.0, 498.0, 498.0, 498.0]]}