{"solver": ["elitist", "elitist", "elitist", "elitist", "elitist", "elitist", "elitist", "elitist", "elitist", "elitist", "elitist", "elitist", "elitist", "elitist", "elitist", "elitist", "elitist", "elitist", "elitist", "elitist", "elitist", "elitist", "elitist", "elitist", "elitist"], "times": [4.943372488021851, 4.1175377368927, 3.6026711463928223, 5.549624919891357, 5.9359800815582275, 3.4091618061065674, 3.842339038848877, 4.317022800445557, 4.2424094676971436, 5.122280120849609, 4.9761598110198975, 5.387583255767822, 3.605011463165283, 4.773291110992432, 4.640962839126587, 4.775322914123535, 2.751753568649292, 4.67035698890686, 5.061725378036499, 4.787332773208618, 8.136780023574829, 3.624351739883423, 4.154071569442749, 4.567145586013794, 5.7723388671875], "bests": [284.0, 284.0, 284.0, 284.0, 287.0, 284.0, 284.0, 284.0, 284.0, 284.0, 284.0, 287.0, 284.0, 284.0, 284.0, 284.0, 284.0, 284.0, 284.0, 290.0, 284.0, 284.0, 284.0, 287.0, 290.0], "avg_fits": [[589.76, 500.0833333333333, 466.0, 429.8333333333333, 419.375, 415.0, 427.4166666666667, 428.9583333333333, 377.875, 401.2916666666667, 399.75, 386.6666666666667, 398.9166666666667, 411.7083333333333, 386.6666666666667, 407.125, 360.4166666666667, 367.125, 370.8333333333333, 372.8333333333333, 378.3333333333333, 362.5, 378.9166666666667, 379.9583333333333, 349.7083333333333, 370.75, 371.25], [641.52, 544.9166666666666, 514.6666666666666, 480.8333333333333, 446.5416666666667, 425.6666666666667, 401.9166666666667, 378.8333333333333, 373.5416666666667, 372.25, 356.6666666666667, 356.9583333333333, 379.625, 357.1666666666667, 361.4166666666667, 387.25, 390.5833333333333, 375.0, 359.125, 368.875], [627.64, 495.6666666666667, 434.875, 437.7083333333333, 417.75, 414.125, 381.5833333333333, 398.5833333333333, 396.75, 383.1666666666667, 368.5, 368.125, 356.0, 383.5833333333333, 378.9583333333333, 400.0833333333333, 367.375, 370.2083333333333, 371.0416666666667], [574.04, 496.9166666666667, 456.875, 431.6666666666667, 407.5, 414.6666666666667, 414.0833333333333, 396.9583333333333, 386.625, 374.2916666666667, 387.5833333333333, 372.7083333333333, 384.4166666666667, 400.0, 375.75, 391.0, 375.7083333333333, 381.4166666666667, 390.75, 371.75, 362.0416666666667, 392.2916666666667, 418.2916666666667, 411.9583333333333, 395.5833333333333], [613.64, 548.5416666666666, 483.9583333333333, 463.0, 464.125, 443.4583333333333, 424.5, 426.8333333333333, 431.625, 412.0833333333333, 381.4583333333333, 373.5833333333333, 396.75, 401.4166666666667, 396.5833333333333, 388.625, 385.8333333333333, 379.25, 364.4166666666667, 360.7916666666667, 389.75, 381.0416666666667, 376.5, 384.9583333333333, 381.375], [578.44, 507.0416666666667, 476.5, 439.375, 423.5833333333333, 423.9583333333333, 420.125, 400.2083333333333, 387.375, 412.2916666666667, 373.5833333333333, 375.4166666666667, 375.7083333333333, 398.0416666666667, 381.3333333333333, 392.2916666666667, 388.2916666666667], [594.96, 544.1666666666666, 494.375, 468.0833333333333, 457.3333333333333, 452.5833333333333, 434.0833333333333, 419.0416666666667, 420.9583333333333, 388.5, 392.5, 384.5416666666667, 395.2083333333333, 366.2916666666667, 382.5416666666667, 370.4583333333333, 371.0833333333333, 380.0, 380.1666666666667, 384.0833333333333], [631.72, 567.3333333333334, 494.75, 496.75, 441.0, 462.75, 450.625, 443.9583333333333, 441.7916666666667, 407.6666666666667, 401.9166666666667, 373.2916666666667, 399.7083333333333, 390.375, 376.0416666666667, 385.0, 365.0833333333333, 364.7916666666667, 372.3333333333333, 369.6666666666667], [568.8, 530.5416666666666, 481.9166666666667, 428.2916666666667, 409.9166666666667, 417.5416666666667, 410.625, 442.2916666666667, 414.125, 411.5416666666667, 395.5416666666667, 375.1666666666667, 383.0416666666667, 373.5833333333333, 391.125, 353.6666666666667, 382.7083333333333, 392.6666666666667, 409.75, 402.5], [588.96, 521.5416666666666, 483.2083333333333, 418.5833333333333, 402.5416666666667, 402.1666666666667, 399.25, 426.5, 427.0416666666667, 413.5, 420.9166666666667, 427.2916666666667, 389.75, 392.2083333333333, 401.625, 361.5833333333333, 381.875, 378.1666666666667, 376.7916666666667, 379.9166666666667, 382.1666666666667, 405.5833333333333, 386.5416666666667, 385.5, 388.375, 370.875], [606.16, 472.25, 446.5, 424.8333333333333, 410.1666666666667, 415.3333333333333, 414.7916666666667, 393.4583333333333, 384.875, 400.4166666666667, 392.375, 377.8333333333333, 384.75, 363.7083333333333, 396.625, 401.4583333333333, 388.7916666666667, 385.3333333333333, 384.625, 399.5833333333333, 377.5416666666667, 387.5833333333333, 409.1666666666667, 422.2916666666667], [571.12, 508.2083333333333, 453.5416666666667, 401.7083333333333, 396.4583333333333, 399.625, 392.2083333333333, 430.4166666666667, 396.2916666666667, 388.9583333333333, 415.1666666666667, 424.8333333333333, 404.3333333333333, 394.7083333333333, 398.75, 402.4166666666667, 406.7916666666667, 372.375, 390.25, 387.2916666666667, 399.0416666666667, 406.75, 376.5833333333333, 417.2916666666667, 387.1666666666667], [562.08, 516.9166666666666, 488.875, 468.2083333333333, 412.9583333333333, 381.5416666666667, 401.6666666666667, 367.0416666666667, 378.375, 370.5, 384.9166666666667, 378.875, 395.7083333333333, 405.4166666666667, 379.25, 372.25, 401.2083333333333], [607.12, 541.7916666666666, 483.6666666666667, 502.2083333333333, 459.5, 458.0, 441.9583333333333, 419.3333333333333, 398.9583333333333, 381.8333333333333, 378.0, 373.9166666666667, 378.625, 373.6666666666667, 359.875, 409.0, 412.5416666666667, 410.5833333333333, 392.875, 353.0, 377.8333333333333, 371.375, 356.625, 365.5833333333333, 355.3333333333333, 378.7916666666667], [593.04, 526.9166666666666, 502.4583333333333, 483.25, 457.625, 438.9166666666667, 456.4583333333333, 402.875, 411.9166666666667, 436.9583333333333, 433.2916666666667, 417.0833333333333, 407.625, 395.0, 395.7083333333333, 386.9583333333333, 368.2083333333333, 351.6666666666667, 389.7916666666667, 387.125, 390.1666666666667, 409.2083333333333], [613.52, 551.625, 493.1666666666667, 483.2916666666667, 442.1666666666667, 449.5416666666667, 399.9583333333333, 411.9166666666667, 406.7083333333333, 402.2083333333333, 397.9583333333333, 406.125, 414.125, 361.5416666666667, 366.0833333333333, 381.0, 386.7083333333333, 402.25, 382.7916666666667, 397.4166666666667, 397.0416666666667, 385.6666666666667, 365.7916666666667], [555.56, 521.6666666666666, 444.8333333333333, 440.5416666666667, 421.8333333333333, 417.5833333333333, 408.6666666666667, 378.2083333333333, 368.75, 369.5833333333333, 364.4583333333333, 369.75, 349.1666666666667], [583.72, 504.875, 491.25, 471.0, 457.2916666666667, 429.4583333333333, 415.9583333333333, 414.7083333333333, 402.0416666666667, 428.5833333333333, 423.4583333333333, 374.2916666666667, 380.7083333333333, 385.4166666666667, 410.0416666666667, 354.375, 361.0833333333333, 369.625, 373.0416666666667, 384.7916666666667, 380.3333333333333, 392.9583333333333], [578.2, 511.375, 493.75, 458.5, 445.9583333333333, 454.125, 444.2083333333333, 430.25, 413.9166666666667, 390.7083333333333, 399.8333333333333, 413.9583333333333, 397.7916666666667, 397.3333333333333, 405.25, 398.5833333333333, 374.0, 373.25, 403.5833333333333, 426.0, 423.875, 424.2916666666667, 394.0833333333333, 394.4166666666667], [623.4, 566.625, 527.1666666666666, 496.7083333333333, 461.625, 443.625, 411.75, 430.7083333333333, 433.9166666666667, 425.7916666666667, 419.2083333333333, 367.2083333333333, 415.4583333333333, 400.5, 380.5416666666667, 372.25, 380.0833333333333, 351.1666666666667, 373.7083333333333, 380.0833333333333, 387.125, 386.1666666666667, 361.25], [581.12, 532.625, 506.1666666666667, 498.5416666666667, 459.6666666666667, 430.7083333333333, 420.7083333333333, 401.5, 387.125, 385.5416666666667, 389.5833333333333, 377.5833333333333, 395.1666666666667, 371.375, 377.7916666666667, 385.6666666666667, 383.5, 376.5, 390.9166666666667, 394.6666666666667, 359.0833333333333, 381.7083333333333, 