{"solver": ["elitist"], "time": [2.5666892528533936], "best": [179.0], "fitnesses": [[205.0, 190.0, 200.0, 225.0, 210.0, 220.0, 185.0, 195.0, 200.0, 225.0, 200.0, 200.0, 215.0, 204.0, 185.0, 195.0, 200.0, 230.0, 215.0, 230.0, 234.0, 235.0, 220.0, 200.0, 225.0], [185.0, 185.0, 190.0, 240.0, 195.0, 205.0, 190.0, 239.0, 190.0, 205.0, 190.0, 195.0, 190.0, 220.0, 195.0, 185.0, 195.0, 205.0, 215.0, 200.0, 180.0, 205.0], [180.0, 185.0, 185.0, 210.0, 185.0, 200.0, 190.0, 199.0, 195.0, 225.0, 200.0, 195.0, 190.0, 205.0, 185.0, 195.0, 180.0, 210.0, 190.0, 205.0, 190.0, 200.0], [180.0, 180.0, 205.0, 185.0, 180.0, 185.0, 195.0, 195.0, 190.0, 195.0, 190.0, 180.0, 185.0, 185.0, 180.0, 205.0, 185.0, 205.0, 185.0, 185.0, 185.0, 180.0], [180.0, 180.0, 195.0, 180.0, 180.0, 180.0, 190.0, 190.0, 195.0, 185.0, 180.0, 180.0, 185.0, 230.0, 190.0, 180.0, 185.0, 180.0, 190.0, 185.0, 179.0, 185.0], [179.0, 180.0, 180.0, 184.0, 215.0, 195.0, 194.0, 194.0, 180.0, 180.0, 185.0, 179.0, 179.0, 180.0, 180.0, 185.0, 180.0, 205.0, 180.0, 179.0, 200.0, 180.0], [179.0, 179.0, 180.0, 215.0, 180.0, 185.0, 190.0, 204.0, 180.0, 179.0, 204.0, 179.0, 179.0, 200.0, 194.0, 180.0, 179.0, 180.0, 225.0, 180.0, 185.0, 180.0], [179.0, 179.0, 210.0, 180.0, 194.0, 195.0, 194.0, 199.0, 195.0, 179.0, 195.0, 184.0, 195.0, 194.0, 180.0, 179.0, 204.0, 179.0, 179.0, 180.0, 179.0, 215.0], [179.0, 179.0, 204.0, 234.0, 179.0, 179.0, 179.0, 179.0, 179.0, 179.0, 195.0, 204.0, 224.0, 180.0, 194.0, 219.0, 179.0, 179.0, 195.0, 179.0, 180.0, 179.0], [179.0, 179.0, 184.0, 179.0, 179.0, 180.0, 194.0, 179.0, 200.0, 190.0, 179.0, 194.0, 184.0, 199.0, 179.0, 179.0, 179.0, 184.0, 179.0, 179.0, 194.0, 180.0], [179.0, 179.0, 179.0, 194.0, 179.0, 209.0, 199.0, 180.0, 200.0, 194.0, 180.0, 184.0, 184.0, 179.0, 224.0, 179.0, 195.0, 179.0, 194.0, 224.0, 184.0, 180.0], [179.0, 179.0, 195.0, 189.0, 180.0, 179.0, 179.0, 194.0, 195.0, 205.0, 180.0, 194.0, 179.0, 179.0, 190.0, 179.0, 194.0, 179.0, 204.0, 195.0, 179.0, 195.0], [179.0, 179.0, 179.0, 180.0, 179.0, 235.0, 180.0, 184.0, 205.0, 194.0, 180.0, 199.0, 229.0, 214.0, 214.0, 180.0, 180.0, 184.0, 184.0, 180.0, 185.0, 194.0], [179.0, 179.0, 180.0, 180.0, 184.0, 179.0, 179.0, 179.0, 180.0, 179.0, 199.0, 184.0, 219.0, 184.0, 194.0, 200.0, 194.0, 184.0, 184.0, 204.0, 180.0, 184.0], [179.0, 179.0, 179.0, 180.0, 219.0, 195.0, 204.0, 179.0, 179.0, 189.0, 225.0, 179.0, 185.0, 180.0, 199.0, 195.0, 209.0, 179.0, 200.0, 179.0, 179.0, 214.0]], "avg_fit": [209.72, 199.95454545454547, 195.4090909090909, 188.1818181818182, 186.54545454545453, 186.04545454545453, 188.0, 189.4090909090909, 189.86363636363637, 184.1818181818182, 189.9090909090909, 187.3181818181818, 191.6818181818182, 186.72727272727272, 191.13636363636363], "min_fit": [185.0, 180.0, 180.0, 180.0, 179.0, 179.0, 179.0, 179.0, 179.0, 179.0, 179.0, 179.0, 179.0, 179.0, 179.0], "max_fit": [235.0, 240.0, 225.0, 205.0, 230.0, 215.0, 225.0, 215.0, 234.0, 200.0, 224.0, 205.0, 235.0, 219.0, 225.0], "items": [[180.0, 180.0, 180.0, 179.0, 179.0, 179.0, 179.0, 179.0, 179.0, 179.0]]}