{"solver": ["elitist", "elitist", "elitist", "elitist", "elitist", "elitist", "elitist", "elitist", "elitist", "elitist"], "times": [7.947092533111572, 9.805408000946045, 6.204046726226807, 6.3380067348480225, 10.162092924118042, 8.090618371963501, 8.53822374343872, 7.24574613571167, 7.658942699432373, 9.038960933685303], "bests": [48.0, 48.0, 58.0, 48.0, 48.0, 48.0, 48.0, 48.0, 48.0, 48.0], "avg_fits": [[401.48, 342.8333333333333, 306.5, 241.04166666666666, 227.54166666666666, 199.58333333333334, 176.33333333333334, 197.20833333333334, 155.83333333333334, 176.41666666666666, 195.75, 140.29166666666666, 155.33333333333334, 132.5, 118.0, 127.5, 149.79166666666666, 119.79166666666667, 153.08333333333334], [369.84, 301.5833333333333, 258.9166666666667, 235.79166666666666, 229.5, 231.83333333333334, 207.625, 213.25, 157.875, 159.875, 178.5, 163.58333333333334, 167.04166666666666, 173.375, 164.25, 159.29166666666666, 141.29166666666666, 141.45833333333334, 139.91666666666666, 158.0, 130.08333333333334, 152.125, 161.95833333333334, 137.16666666666666], [353.2, 290.2916666666667, 248.08333333333334, 235.25, 208.0, 213.33333333333334, 170.04166666666666, 197.41666666666666, 208.625, 187.125, 127.5, 104.33333333333333, 152.08333333333334, 192.29166666666666, 151.70833333333334], [366.6, 328.2083333333333, 289.0833333333333, 255.16666666666666, 212.375, 178.29166666666666, 151.58333333333334, 111.375, 133.41666666666666, 107.91666666666667, 133.0, 120.29166666666667, 123.41666666666667, 107.0, 137.625], [384.92, 319.375, 284.0833333333333, 249.125, 221.5, 231.625, 209.58333333333334, 207.875, 194.25, 178.04166666666666, 175.70833333333334, 168.25, 176.16666666666666, 182.04166666666666, 155.75, 168.66666666666666, 139.16666666666666, 141.79166666666666, 120.79166666666667, 115.5, 159.66666666666666, 150.41666666666666, 150.41666666666666, 158.5, 174.45833333333334], [330.76, 304.0416666666667, 257.7083333333333, 222.95833333333334, 226.5, 202.58333333333334, 174.16666666666666, 181.70833333333334, 194.0, 160.0, 156.0, 121.04166666666667, 128.375, 112.70833333333333, 130.20833333333334, 147.375, 139.41666666666666, 143.58333333333334, 152.08333333333334, 149.45833333333334], [410.2, 343.6666666666667, 309.625, 264.1666666666667, 248.25, 235.95833333333334, 157.66666666666666, 203.83333333333334, 191.91666666666666, 176.5, 142.83333333333334, 138.625, 143.83333333333334, 147.83333333333334, 148.08333333333334, 196.79166666666666, 152.875, 146.5, 158.125, 152.0, 141.125], [377.2, 291.0416666666667, 278.5, 240.79166666666666, 233.91666666666666, 215.70833333333334, 180.08333333333334, 117.08333333333333, 124.16666666666667, 138.70833333333334, 159.58333333333334, 138.20833333333334, 99.45833333333333, 166.125, 139.16666666666666, 122.625, 153.20833333333334], [366.84, 331.9166666666667, 303.9166666666667, 297.5416666666667, 282.2916666666667, 216.375, 231.375, 175.83333333333334, 166.5, 150.16666666666666, 156.45833333333334, 161.375, 180.70833333333334, 162.04166666666666, 166.625, 183.75, 156.45833333333334, 141.70833333333334], [363.12, 297.1666666666667, 283.0, 264.7083333333333, 241.25, 227.45833333333334, 225.5, 195.58333333333334, 205.70833333333334, 173.33333333333334, 173.45833333333334, 172.875, 151.95833333333334, 162.45833333333334, 145.08333333333334, 126.58333333333333, 145.875, 140.875, 134.25, 135.45833333333334, 117.79166666666667]], "min_fits": [[163.0, 163.0, 163.0, 108.0, 98.0, 98.0, 90.0, 90.0, 48.0, 48.0, 48.0, 48.0, 48.0, 48.0, 48.0, 48.0, 48.0, 48.0, 48.0], [198.0, 177.0, 108.0, 108.0, 108.0, 108.0, 108.0, 98.0, 98.0, 58.0, 58.0, 58.0, 58.0, 48.0, 48.0, 48.0, 48.0, 48.0, 48.0, 48.0, 48.0, 48.0, 48.0, 48.0], [172.0, 126.0, 104.0, 94.0, 58.0, 58.0, 58.0, 58.0, 58.0, 58.0, 58.0, 58.0, 58.0, 58.0, 58.0], [205.0, 205.0, 98.0, 58.0, 48.0, 48.0, 48.0, 48.0, 48.0, 48.0, 48.0, 48.0, 48.0, 48.0, 48.0], [212.0, 127.0, 127.0, 127.0, 115.0, 104.0, 87.0, 66.0, 66.0, 66.0, 58.0, 58.0, 58.0, 58.0, 48.0, 48.0, 48.0, 48.0, 48.0, 48.0, 48.0, 48.0, 48.0, 48.0, 48.0], [166.0, 166.0, 123.0, 108.0, 108.0, 74.0, 74.0, 69.0, 58.0, 48.0, 48.0, 48.0, 48.0, 48.0, 48.0, 48.0, 48.0, 48.0, 48.0, 48.0], [216.0, 197.0, 58.0, 58.0, 58.0, 58.0, 58.0, 58.0, 58.0, 58.0, 48.0, 48.0, 48.0, 48.0, 48.0, 48.0, 48.0, 48.0, 48.0, 48.0, 48.0], [219.0, 109.0, 108.0, 94.0, 58.0, 58.0, 48.0, 48.0, 48.0, 48.0, 48.0, 48.0, 48.0, 48.0, 48.0, 48.0, 48.0], [204.0, 204.0, 77.0, 74.0, 74.0, 74.0, 74.0, 48.0, 48.0, 48.0, 48.0, 48.0, 48.0, 48.0, 48.0, 48.0, 48.0, 48.0], [211.0, 198.0, 174.0, 154.0, 78.0, 78.0, 78.0, 78.0, 58.0, 58.0, 48.0, 48.0, 48.0, 48.0, 48.0, 48.0, 48.0, 48.0, 48.0, 48.0, 48.0]], "max_fits": [[619.0, 482.0, 562.0, 403.0, 455.0, 373.0, 391.0, 425.0, 464.0, 457.0, 504.0, 315.0, 339.0, 466.0, 365.0, 486.0, 317.0, 278.0, 366.0], [533.0, 429.0, 495.0, 462.0, 455.0, 465.0, 358.0, 378.0, 349.0, 337.0, 355.0, 420.0, 351.0, 467.0, 456.0, 344.0, 313.0, 422.0, 339.0, 367.0, 388.0, 412.0, 364.0, 263.0], [471.0, 480.0, 497.0, 509.0, 377.0, 436.0, 361.0, 370.0, 353.0, 353.0, 277.0, 195.0, 438.0, 384.0, 431.0], [525.0, 468.0, 478.0, 491.0, 506.0, 412.0, 415.0, 258.0, 319.0, 217.0, 301.0, 461.0, 377.0, 267.0, 332.0], [548.0, 506.0, 485.0, 479.0, 421.0, 445.0, 346.0, 532.0, 485.0, 346.0, 352.0, 399.0, 394.0, 363.0, 393.0, 359.0, 409.0, 363.0, 314.0, 218.0, 484.0, 335.0, 342.0, 396.0, 469.0], [616.0, 433.0, 451.0, 404.0, 459.0, 415.0, 368.0, 444.0, 398.0, 365.0, 336.0, 309.0, 425.0, 272.0, 320.0, 523.0, 351.0, 302.0, 325.0, 344.0], [647.0, 515.0, 532.0, 420.0, 422.0, 487.0, 382.0, 423.0, 403.0, 545.0, 325.0, 396.0, 424.0, 505.0, 360.0, 467.0, 388.0, 354.0, 324.0, 391.0, 477.0], [599.0, 453.0, 521.0, 438.0, 396.0, 437.0, 462.0, 387.0, 235.0, 355.0, 346.0, 420.0, 330.0, 343.0, 338.0, 416.0, 494.0], [549.0, 553.0, 466.0, 488.0, 477.0, 582.0, 472.0, 361.0, 361.0, 345.0, 410.0, 320.0, 296.0, 330.0, 418.0, 416.0, 394.0, 338.0], [615.0, 436.0, 486.0, 404.0, 409.0, 390.0, 363.0, 468.0, 467.0, 372.0, 377.0, 375.0, 425.0, 393.0, 474.0, 302.0, 373.0, 268.0, 355.0, 374.0, 278.0]], "items_0": [[107.0, 107.0, 98.0, 90.0, 87.0, 74.0, 74.0, 48.0, 48.0, 48.0]], "items_1": [[105.0, 87.0, 68.0, 48.0, 48.0, 48.0, 48.0, 48.0, 48.0, 48.0]], "items_2": [[119.0, 117.0, 100.0, 58.0, 58.0, 58.0, 58.0, 58.0, 58.0, 48.0]], "items_3": [[48.0, 48.0, 48.0, 48.0, 48.0, 48.0, 48.0, 48.0, 48.0, 48.0]], "items_4": [[172.0, 166.0, 145.0, 122.0, 112.0, 107.0, 74.0, 48.0, 48.0, 48.0]], "items_5": [[100.0, 68.0, 48.0, 48.0, 48.0, 48.0, 48.0, 48.0, 48.0, 48.0]], "items_6": [[98.0, 94.0, 94.0, 90.0, 90.0, 69.0, 48.0, 48.0, 48.0, 48.0]], "items_7": [[145.0, 133.0, 107.0, 87.0, 68.0, 48.0, 48.0, 48.0, 48.0, 48.0]], "items_8": [[107.0, 74.0, 68.0, 58.0, 48.0, 48.0, 48.0, 48.0, 48.0, 48.0]], "items_9": [[122.0, 90.0, 58.0, 48.0, 48.0, 48.0, 48.0, 48.0, 48.0, 48.0]]}