{"solver": ["elitist", "elitist", "elitist", "elitist", "elitist", "elitist", "elitist", "elitist", "elitist", "elitist"], "times": [3.2835538387298584, 3.7700932025909424, 3.1479580402374268, 2.834810495376587, 3.481348991394043, 3.166994333267212, 3.345728635787964, 3.2055914402008057, 3.3850443363189697, 3.4658188819885254], "bests": [115.0, 115.0, 115.0, 115.0, 115.0, 115.0, 115.0, 115.0, 115.0, 115.0], "avg_fits": [[154.8, 143.75, 127.08333333333333, 128.125, 135.41666666666666, 126.45833333333333, 126.04166666666667, 120.83333333333333, 120.83333333333333, 119.79166666666667, 127.70833333333333, 125.83333333333333, 130.20833333333334], [159.4, 134.16666666666666, 124.79166666666667, 133.75, 132.70833333333334, 117.91666666666667, 119.79166666666667, 121.04166666666667, 126.25, 120.20833333333333, 119.58333333333333, 118.33333333333333, 124.375], [169.6, 144.58333333333334, 136.66666666666666, 127.29166666666667, 123.33333333333333, 119.58333333333333, 132.08333333333334, 130.41666666666666, 131.25, 130.83333333333334, 129.79166666666666, 130.20833333333334, 130.83333333333334], [169.6, 149.58333333333334, 132.5, 120.20833333333333, 123.95833333333333, 130.0, 130.0, 130.41666666666666, 130.20833333333334, 123.75, 124.58333333333333, 124.58333333333333, 121.45833333333333], [170.0, 153.54166666666666, 137.91666666666666, 127.91666666666667, 125.0, 128.125, 124.58333333333333, 128.33333333333334, 127.08333333333333, 126.04166666666667, 129.79166666666666, 130.0, 121.66666666666667], [148.8, 133.33333333333334, 132.91666666666666, 131.875, 132.91666666666666, 121.04166666666667, 126.66666666666667, 118.33333333333333, 123.125, 122.08333333333333, 121.45833333333333, 121.875, 125.0], [160.8, 141.66666666666666, 130.20833333333334, 134.58333333333334, 126.04166666666667, 127.5, 117.29166666666667, 124.79166666666667, 121.25, 132.29166666666666, 118.95833333333333, 125.20833333333333, 120.41666666666667], [158.2, 137.29166666666666, 133.95833333333334, 124.16666666666667, 126.25, 129.58333333333334, 125.83333333333333, 124.58333333333333, 125.0, 124.375, 126.04166666666667, 120.83333333333333, 128.33333333333334], [170.0, 154.375, 142.29166666666666, 125.20833333333333, 122.29166666666667, 128.33333333333334, 127.08333333333333, 125.20833333333333, 119.79166666666667, 131.875, 128.95833333333334, 124.58333333333333, 132.91666666666666], [163.6, 143.95833333333334, 127.08333333333333, 126.875, 125.625, 127.29166666666667, 135.0, 138.125, 128.33333333333334, 125.41666666666667, 129.58333333333334, 127.91666666666667, 126.25]], "min_fits": [[115.0, 115.0, 115.0, 115.0, 115.0, 115.0, 115.0, 115.0, 115.0, 115.0, 115.0, 115.0, 115.0], [115.0, 115.0, 115.0, 115.0, 115.0, 115.0, 115.0, 115.0, 115.0, 115.0, 115.0, 115.0, 115.0], [120.0, 115.0, 115.0, 115.0, 115.0, 115.0, 115.0, 115.0, 115.0, 115.0, 115.0, 115.0, 115.0], [115.0, 115.0, 115.0, 115.0, 115.0, 115.0, 115.0, 115.0, 115.0, 115.0, 115.0, 115.0, 115.0], [115.0, 115.0, 115.0, 115.0, 115.0, 115.0, 115.0, 115.0, 115.0, 115.0, 115.0, 115.0, 115.0], [120.0, 115.0, 115.0, 115.0, 115.0, 115.0, 115.0, 115.0, 115.0, 115.0, 115.0, 115.0, 115.0], [115.0, 115.0, 115.0, 115.0, 115.0, 115.0, 115.0, 115.0, 115.0, 115.0, 115.0, 115.0, 115.0], [115.0, 115.0, 115.0, 115.0, 115.0, 115.0, 115.0, 115.0, 115.0, 115.0, 115.0, 115.0, 115.0], [120.0, 115.0, 115.0, 115.0, 115.0, 115.0, 115.0, 115.0, 115.0, 115.0, 115.0, 115.0, 115.0], [120.0, 115.0, 115.0, 115.0, 115.0, 115.0, 115.0, 115.0, 115.0, 115.0, 115.0, 115.0, 115.0]], "max_fits": [[200.0, 200.0, 180.0, 195.0, 195.0, 185.0, 185.0, 180.0, 165.0, 180.0, 200.0, 180.0, 195.0], [190.0, 190.0, 180.0, 190.0, 190.0, 140.0, 170.0, 180.0, 190.0, 180.0, 155.0, 140.0, 200.0], [210.0, 200.0, 205.0, 180.0, 180.0, 185.0, 200.0, 200.0, 185.0, 190.0, 185.0, 200.0, 185.0], [210.0, 190.0, 195.0, 165.0, 195.0, 180.0, 195.0, 195.0, 195.0, 180.0, 185.0, 185.0, 185.0], [200.0, 190.0, 200.0, 180.0, 200.0, 170.0, 195.0, 185.0, 185.0, 180.0, 200.0, 185.0, 190.0], [190.0, 170.0, 180.0, 200.0, 205.0, 170.0, 180.0, 165.0, 200.0, 185.0, 195.0, 180.0, 165.0], [205.0, 185.0, 185.0, 190.0, 190.0, 180.0, 125.0, 180.0, 180.0, 185.0, 145.0, 170.0, 180.0], [200.0, 190.0, 185.0, 185.0, 190.0, 195.0, 180.0, 200.0, 170.0, 185.0, 185.0, 180.0, 200.0], [205.0, 205.0, 190.0, 170.0, 185.0, 200.0, 195.0, 185.0, 165.0, 205.0, 200.0, 200.0, 200.0], [200.0, 195.0, 175.0, 195.0, 170.0, 185.0, 200.0, 190.0, 200.0, 185.0, 205.0, 205.0, 200.0]], "items_0": [[115.0, 115.0, 115.0, 115.0, 115.0, 115.0, 115.0, 115.0, 115.0, 115.0]], "items_1": [[115.0, 115.0, 115.0, 115.0, 115.0, 115.0, 115.0, 115.0, 115.0, 115.0]], "items_2": [[115.0, 115.0, 115.0, 115.0, 115.0, 115.0, 115.0, 115.0, 115.0, 115.0]], "items_3": [[115.0, 115.0, 115.0, 115.0, 115.0, 115.0, 115.0, 115.0, 115.0, 115.0]], "items_4": [[115.0, 115.0, 115.0, 115.0, 115.0, 115.0, 115.0, 115.0, 115.0, 115.0]], "items_5": [[115.0, 115.0, 115.0, 115.0, 115.0, 115.0, 115.0, 115.0, 115.0, 115.0]], "items_6": [[115.0, 115.0, 115.0, 115.0, 115.0, 115.0, 115.0, 115.0, 115.0, 115.0]], "items_7": [[115.0, 115.0, 115.0, 115.0, 115.0, 115.0, 115.0, 115.0, 115.0, 115.0]], "items_8": [[115.0, 115.0, 115.0, 115.0, 115.0, 115.0, 115.0, 115.0, 115.0, 115.0]], "items_9": [[115.0, 115.0, 115.0, 115.0, 115.0, 115.0, 115.0, 115.0, 115.0, 115.0]]}