{"solver": ["elitist", "elitist", "elitist", "elitist", "elitist", "elitist", "elitist", "elitist", "elitist", "elitist"], "size": [7779240, 7779240, 7779240, 7779240, 7779240, 7779240, 7779240, 7779240, 7779240, 7779240], "times": [12.884847640991211, 8.350541353225708, 14.396364450454712, 8.425071716308594, 9.345930099487305, 10.52979850769043, 11.900619745254517, 13.331629276275635, 11.753803014755249, 13.918474435806274], "bests": [359.0, 379.0, 360.0, 360.0, 359.0, 360.0, 370.0, 359.0, 369.0, 359.0], "avg_fits": [[NaN, NaN, NaN, NaN, NaN, NaN, NaN, NaN, NaN, NaN, NaN, NaN, NaN, NaN, NaN, NaN, NaN, NaN, NaN, NaN, NaN, NaN, NaN, NaN, NaN, NaN, NaN, NaN, NaN, NaN, NaN, NaN], [NaN, NaN, NaN, NaN, NaN, NaN, NaN, NaN, NaN, NaN, NaN, NaN, NaN, NaN, NaN, NaN, NaN, NaN, NaN, NaN, NaN], [NaN, NaN, NaN, NaN, NaN, NaN, NaN, NaN, NaN, NaN, NaN, NaN, NaN, NaN, NaN, NaN, NaN, NaN, NaN, NaN, NaN, NaN, NaN, NaN, NaN, NaN, NaN, NaN, NaN, NaN, NaN, NaN, NaN, NaN, NaN, NaN, NaN, NaN], [NaN, NaN, NaN, NaN, NaN, NaN, NaN, NaN, NaN, NaN, NaN, NaN, NaN, NaN, NaN, NaN, NaN, NaN, NaN, NaN, NaN], [NaN, NaN, NaN, NaN, NaN, NaN, NaN, NaN, NaN, NaN, NaN, NaN, NaN, NaN, NaN, NaN, NaN, NaN, NaN, NaN, NaN], [NaN, NaN, NaN, NaN, NaN, NaN, NaN, NaN, NaN, NaN, NaN, NaN, NaN, NaN, NaN, NaN, NaN, NaN, NaN, NaN, NaN, NaN, NaN, NaN, NaN, NaN, NaN, NaN, NaN, NaN, NaN], [NaN, NaN, NaN, NaN, NaN, NaN, NaN, NaN, NaN, NaN, NaN, NaN, NaN, NaN, NaN, NaN, NaN, NaN, NaN, NaN, NaN, NaN, NaN, NaN, NaN, NaN, NaN, NaN], [NaN, NaN, NaN, NaN, NaN, NaN, NaN, NaN, NaN, NaN, NaN, NaN, NaN, NaN, NaN, NaN, NaN, NaN, NaN, NaN, NaN, NaN, NaN, NaN, NaN, NaN, NaN, NaN, NaN], [NaN, NaN, NaN, NaN, NaN, NaN, NaN, NaN, NaN, NaN, NaN, NaN, NaN, NaN, NaN, NaN, NaN, NaN, NaN, NaN, NaN, NaN, NaN, NaN, NaN, NaN, NaN, NaN, NaN, NaN, NaN, NaN], [NaN, NaN, NaN, NaN, NaN, NaN, NaN, NaN, NaN, NaN, NaN, NaN, NaN, NaN, NaN, NaN, NaN, NaN, NaN, NaN, NaN, NaN, NaN, NaN, NaN, NaN, NaN, NaN, NaN, NaN, NaN, NaN, NaN, NaN, NaN]], "min_fits": [[NaN, 390.0, 390.0, 390.0, 378.0, 371.0, 371.0, 371.0, 371.0, 371.0, 371.0, 371.0, 370.0, 370.0, 370.0, 370.0, 370.0, 370.0, 370.0, 370.0, 370.0, 359.0, 359.0, 359.0, 359.0, 359.0, 359.0, 359.0, 359.0, 359.0, 359.0, 359.0], [NaN, 401.0, 391.0, 391.0, 391.0, 390.0, 390.0, 390.0, 390.0, 390.0, 379.0, 379.0, 379.0, 379.0, 379.0, 379.0, 379.0, 379.0, 379.0, 379.0, 379.0], [NaN, 418.0, 418.0, 418.0, 418.0, 418.0, 418.0, 418.0, 411.0, 411.0, 411.0, 380.0, 380.0, 380.0, 380.0, 380.0, 380.0, 380.0, 380.0, 380.0, 380.0, 378.0, 378.0, 378.0, 378.0, 371.0, 371.0, 360.0, 360.0, 360.0, 360.0, 360.0, 360.0, 360.0, 360.0, 360.0, 360.0, 360.0], [NaN, 437.0, 437.0, 437.0, 437.0, 437.0, 421.0, 382.0, 377.0, 377.0, 360.0, 360.0, 360.0, 360.0, 360.0, 360.0, 360.0, 360.0, 360.0, 360.0, 360.0], [NaN, 580.0, 580.0, 566.0, 483.0, 447.0, 366.0, 366.0, 366.0, 366.0, 359.0, 359.0, 359.0, 359.0, 359.0, 359.0, 359.0, 359.0, 359.0, 359.0, 359.0], [NaN, 515.0, 488.0, 448.0, 448.0, 430.0, 398.0, 398.0, 397.0, 397.0, 397.0, 397.0, 397.0, 397.0, 397.0, 397.0, 390.0, 390.0, 389.0, 389.0, 360.0, 360.0, 360.0, 360.0, 360.0, 360.0, 360.0, 360.0, 360.0, 360.0, 360.0], [NaN, 563.0, 513.0, 513.0, 513.0, 506.0, 424.0, 424.0, 424.0, 413.0, 413.0, 402.0, 401.0, 401.0, 401.0, 401.0, 401.0, 370.0, 370.0, 370.0, 370.0, 370.0, 370.0, 370.0, 370.0, 370.0, 370.0, 370.0], [NaN, 545.0, 456.0, 456.0, 456.0, 450.0, 397.0, 397.0, 389.0, 379.0, 377.0, 377.0, 377.0, 366.0, 366.0, 366.0, 366.0, 366.0, 359.0, 359.0, 359.0, 359.0, 359.0, 359.0, 359.0, 359.0, 359.0, 359.0, 359.0], [NaN, 511.0, 511.0, 511.0, 504.0, 500.0, 440.0, 438.0, 416.0, 416.0, 416.0, 410.0, 406.0, 394.0, 394.0, 377.0, 377.0, 376.0, 376.0, 376.0, 376.0, 369.0, 369.0, 369.0, 369.0, 369.0, 369.0, 369.0, 369.0, 369.0, 369.0, 369.0], [NaN, 523.0, 499.0, 466.0, 466.0, 464.0, 464.0, 464.0, 370.0, 370.0, 370.0, 370.0, 370.0, 370.0, 370.0, 370.0, 370.0, 366.0, 366.0, 366.0, 366.0, 366.0, 366.0, 366.0, 359.0, 359.0, 359.0, 359.0, 359.0, 359.0, 359.0, 359.0, 359.0, 359.0, 359.0]], "max_fits": [[NaN, 760.0, 828.0, 777.0, 642.0, 712.0, 616.0, 676.0, 604.0, 642.0, 655.0, 652.0, 600.0, 752.0, 582.0, 604.0, 555.0, 504.0, 589.0, 574.0, 674.0, 680.0, 511.0, 578.0, 704.0, 582.0, 612.0, 740.0, 645.0, 592.0, 541.0, 595.0], [NaN, 709.0, 676.0, 671.0, 572.0, 773.0, 579.0, 544.0, 614.0, 701.0, 647.0, 548.0, 646.0, 613.0, 520.0, 653.0, 785.0, 669.0, 665.0, 654.0, 779.0], [NaN, 681.0, 793.0, 842.0, 691.0, 655.0, 664.0, 731.0, 721.0, 590.0, 585.0, 585.0, 704.0, 654.0, 681.0, 710.0, 553.0, 596.0, 715.0, 655.0, 577.0, 680.0, 643.0, 582.0, 555.0, 569.0, 653.0, 660.0, 698.0, 677.0, 657.0, 581.0, 791.0, 649.0, 752.0, 596.0, 693.0, 669.0], [NaN, 695.0, 829.0, 719.0, 822.0, 812.0, 793.0, 693.0, 698.0, 529.0, 616.0, 767.0, 568.0, 678.0, 621.0, 687.0, 571.0, 754.0, 579.0, 647.0, 672.0], [NaN, 777.0, 811.0, 806.0, 783.0, 772.0, 732.0, 698.0, 709.0, 590.0, 739.0, 768.0, 813.0, 558.0, 625.0, 556.0, 671.0, 871.0, 511.0, 701.0, 672.0], [NaN, 832.0, 764.0, 878.0, 698.0, 644.0, 582.0, 672.0, 653.0, 715.0, 693.0, 766.0, 622.0, 660.0, 657.0, 716.0, 739.0, 734.0, 596.0, 661.0, 539.0, 697.0, 562.0, 559.0, 623.0, 589.0, 543.0, 763.0, 793.0, 648.0, 685.0], [NaN, 876.0, 893.0, 808.0, 718.0, 721.0, 740.0, 670.0, 615.0, 740.0, 727.0, 723.0, 758.0, 715.0, 662.0, 771.0, 622.0, 642.0, 650.0, 775.0, 529.0, 529.0, 707.0, 692.0, 645.0, 587.0, 685.0, 612.0], [NaN, 642.0, 806.0, 727.0, 810.0, 829.0, 810.0, 785.0, 718.0, 826.0, 649.0, 633.0, 677.0, 731.0, 735.0, 566.0, 717.0, 554.0, 646.0, 657.0, 547.0, 675.0, 628.0, 679.0, 645.0, 597.0, 594.0, 696.0, 672.0], [NaN, 589.0, 542.0, 766.0, 773.0, 666.0, 784.0, 761.0, 828.0, 643.0, 623.0, 704.0, 677.0, 679.0, 701.0, 584.0, 724.0, 733.0, 649.0, 581.0, 636.0, 510.0, 623.0, 690.0, 573.0, 695.0, 577.0, 564.0, 605.0, 621.0, 621.0, 581.0], [NaN, 665.0, 574.0, 793.0, 931.0, 881.0, 678.0, 678.0, 759.0, 699.0, 607.0, 642.0, 557.0, 673.0, 624.0, 632.0, 509.0, 628.0, 560.0, 660.0, 734.0, 557.0, 644.0, 645.0, 494.0, 605.0, 682.0, 617.0, 541.0, 507.0, 541.0, 671.0, 623.0, 822.0, 622.0]], "items_0": [[428.0, 425.0, 389.0, 387.0, 379.0, 367.0, 360.0, 359.0, 359.0, 359.0]], "best_final": [359.0, 379.0, 360.0, 360.0, 359.0, 360.0, 370.0, 359.0, 369.0, 359.0], "items_1": [[563.0, 533.0, 531.0, 524.0, 398.0, 388.0, 386.0, 379.0, 379.0, 379.0]], "items_2": [[463.0, 459.0, 446.0, 442.0, 429.0, 371.0, 371.0, 369.0, 360.0, 360.0]], "items_3": [[493.0, 486.0, 475.0, 453.0, 390.0, 369.0, 360.0, 360.0, 360.0, 360.0]], "items_4": [[437.0, 418.0, 380.0, 379.0, 366.0, 359.0, 359.0, 359.0, 359.0, 359.0]], "items_5": [[544.0, 541.0, 527.0, 511.0, 508.0, 450.0, 428.0, 369.0, 360.0, 360.0]], "items_6": [[475.0, 458.0, 429.0, 408.0, 398.0, 397.0, 381.0, 370.0, 370.0, 370.0]], "items_7": [[425.0, 419.0, 418.0, 386.0, 377.0, 370.0, 369.0, 368.0, 359.0, 359.0]], "items_8": [[438.0, 427.0, 418.0, 410.0, 405.0, 404.0, 398.0, 395.0, 369.0, 369.0]], "items_9": [[476.0, 475.0, 449.0, 439.0, 419.0, 416.0, 396.0, 369.0, 359.0, 359.0]]}