{"solver": ["plain", "plain", "plain", "plain", "plain", "plain", "plain", "plain", "plain", "plain"], "times": [10.635481595993042, 3.9716250896453857, 3.6166367530822754, 4.256059408187866, 3.9930367469787598, 4.734226942062378, 4.434672832489014, 4.839123010635376, 12.792852640151978, 4.248661041259766], "bests": [154.0, 154.0, 154.0, 154.0, 154.0, 154.0, 154.0, 154.0, 154.0, 154.0], "avg_fits": [[194.64, 181.04166666666666, 172.20833333333334, 173.20833333333334, 169.33333333333334, 168.5, 180.91666666666666, 175.75, 176.125, 175.41666666666666, 180.83333333333334, 169.91666666666666, 170.625, 169.375, 170.70833333333334, 169.41666666666666, 168.83333333333334, 165.95833333333334, 166.33333333333334, 167.20833333333334, 170.79166666666666, 166.04166666666666, 167.625, 170.16666666666666, 167.79166666666666, 168.45833333333334, 168.5, 170.16666666666666, 173.125, 167.95833333333334, 168.25, 169.29166666666666, 169.375, 167.54166666666666, 166.5, 167.16666666666666, 160.95833333333334, 168.41666666666666, 168.54166666666666, 163.375, 166.125, 167.33333333333334, 168.25, 170.54166666666666, 166.5, 166.58333333333334, 167.41666666666666, 165.54166666666666, 171.20833333333334, 172.29166666666666], [189.72, 180.58333333333334, 176.33333333333334, 173.45833333333334, 175.54166666666666, 172.45833333333334, 171.83333333333334, 168.58333333333334, 167.5, 169.29166666666666, 171.0, 165.875, 164.83333333333334, 168.79166666666666, 168.125, 168.5, 168.25, 166.70833333333334, 167.70833333333334, 170.29166666666666], [195.64, 188.25, 179.75, 174.54166666666666, 173.875, 174.54166666666666, 165.125, 165.125, 169.54166666666666, 166.83333333333334, 167.58333333333334, 168.125, 170.91666666666666, 168.04166666666666, 168.5, 171.58333333333334], [195.2, 184.45833333333334, 174.29166666666666, 168.20833333333334, 168.125, 166.54166666666666, 167.0, 167.58333333333334, 167.70833333333334, 172.08333333333334, 170.33333333333334, 167.0, 172.20833333333334, 165.75, 166.58333333333334, 165.70833333333334, 165.95833333333334, 167.41666666666666, 164.375, 166.58333333333334], [197.36, 188.75, 179.83333333333334, 179.45833333333334, 178.66666666666666, 174.95833333333334, 172.375, 173.70833333333334, 164.08333333333334, 165.04166666666666, 165.66666666666666, 165.04166666666666, 164.95833333333334, 167.79166666666666, 167.08333333333334, 164.75, 166.75, 168.70833333333334], [195.04, 186.20833333333334, 179.45833333333334, 173.66666666666666, 172.58333333333334, 172.83333333333334, 169.16666666666666, 167.70833333333334, 171.125, 170.20833333333334, 163.75, 165.41666666666666, 165.125, 165.75, 167.0, 165.41666666666666, 163.75, 166.91666666666666, 165.95833333333334, 166.58333333333334, 166.70833333333334, 167.08333333333334, 167.83333333333334, 162.66666666666666], [191.04, 187.375, 185.66666666666666, 179.04166666666666, 179.0, 175.79166666666666, 173.29166666666666, 174.58333333333334, 171.08333333333334, 173.79166666666666, 174.58333333333334, 169.20833333333334, 175.45833333333334, 172.70833333333334, 167.70833333333334, 165.04166666666666, 168.29166666666666, 166.83333333333334, 167.16666666666666, 165.75, 167.20833333333334], [198.12, 193.04166666666666, 186.91666666666666, 182.0, 177.625, 174.66666666666666, 175.125, 173.875, 170.83333333333334, 170.625, 171.79166666666666, 169.16666666666666, 165.91666666666666, 164.75, 161.04166666666666, 165.41666666666666, 163.79166666666666, 169.25, 167.5, 166.66666666666666, 168.33333333333334, 163.5, 166.25, 171.95833333333334], [201.76, 192.08333333333334, 184.45833333333334, 183.66666666666666, 179.54166666666666, 171.5, 175.41666666666666, 174.08333333333334, 165.95833333333334, 169.79166666666666, 174.91666666666666, 172.20833333333334, 171.91666666666666, 171.625, 174.95833333333334, 169.625, 166.41666666666666, 167.54166666666666, 171.16666666666666, 167.66666666666666, 168.29166666666666, 167.45833333333334, 169.29166666666666, 170.0, 169.875, 169.70833333333334, 171.04166666666666, 169.58333333333334, 173.625, 171.33333333333334, 170.41666666666666, 169.625, 170.25, 167.16666666666666, 167.91666666666666, 174.79166666666666, 168.91666666666666, 172.33333333333334, 173.75, 172.66666666666666, 172.33333333333334, 171.33333333333334, 167.41666666666666, 164.04166666666666, 168.75, 167.875, 169.29166666666666, 162.33333333333334, 166.70833333333334, 167.70833333333334, 169.0, 170.625, 171.95833333333334, 165.79166666666666, 166.0, 164.875, 166.75, 168.41666666666666, 165.41666666666666, 168.95833333333334, 167.66666666666666, 167.875, 168.58333333333334], [201.24, 192.95833333333334, 181.875, 175.91666666666666, 174.33333333333334, 171.29166666666666, 174.875, 173.41666666666666, 170.875, 170.16666666666666, 166.875, 168.70833333333334, 166.25, 164.70833333333334, 167.41666666666666, 166.375, 166.70833333333334, 169.66666666666666, 170.66666666666666, 168.70833333333334, 164.75]], "min_fits": [[160.0, 164.0, 155.0, 155.0, 155.0, 155.0, 163.0, 155.0, 155.0, 160.0, 155.0, 155.0, 154.0, 154.0, 155.0, 154.0, 154.0, 154.0, 154.0, 154.0, 154.0, 154.0, 154.0, 154.0, 154.0, 155.0, 154.0, 154.0, 154.0, 155.0, 155.0, 154.0, 155.0, 155.0, 155.0, 154.0, 154.0, 154.0, 155.0, 154.0, 154.0, 154.0, 154.0, 154.0, 154.0, 154.0, 154.0, 154.0, 154.0, 154.0], [165.0, 155.0, 154.0, 154.0, 155.0, 155.0, 155.0, 154.0, 155.0, 154.0, 154.0, 154.0, 154.0, 154.0, 154.0, 154.0, 154.0, 154.0, 154.0, 154.0], [174.0, 170.0, 160.0, 155.0, 159.0, 154.0, 154.0, 154.0, 154.0, 154.0, 154.0, 154.0, 154.0, 154.0, 154.0, 154.0], [169.0, 160.0, 155.0, 155.0, 155.0, 155.0, 155.0, 155.0, 155.0, 154.0, 154.0, 154.0, 154.0, 154.0, 154.0, 154.0, 154.0, 154.0, 154.0, 154.0], [160.0, 168.0, 160.0, 165.0, 165.0, 155.0, 155.0, 154.0, 154.0, 154.0, 154.0, 154.0, 154.0, 154.0, 154.0, 154.0, 154.0, 154.0], [172.0, 170.0, 160.0, 154.0, 154.0, 155.0, 155.0, 155.0, 155.0, 155.0, 155.0, 155.0, 155.0, 154.0, 154.0, 154.0, 154.0, 154.0, 154.0, 154.0, 154.0, 154.0, 154.0, 154.0], [173.0, 170.0, 169.0, 165.0, 159.0, 159.0, 159.0, 160.0, 159.0, 155.0, 154.0, 154.0, 154.0, 154.0, 154.0, 154.0, 154.0, 154.0, 154.0, 154.0, 154.0], [165.0, 155.0, 155.0, 154.0, 154.0, 159.0, 159.0, 163.0, 154.0, 154.0, 154.0, 155.0, 155.0, 154.0, 154.0, 154.0, 154.0, 154.0, 154.0, 154.0, 154.0, 154.0, 154.0, 154.0], [175.0, 160.0, 164.0, 160.0, 155.0, 155.0, 154.0, 155.0, 155.0, 155.0, 155.0, 155.0, 155.0, 155.0, 155.0, 154.0, 154.0, 154.0, 154.0, 154.0, 154.0, 154.0, 154.0, 154.0, 155.0, 155.0, 154.0, 155.0, 155.0, 159.0, 155.0, 155.0, 155.0, 154.0, 154.0, 154.0, 154.0, 154.0, 159.0, 154.0, 155.0, 154.0, 154.0, 154.0, 154.0, 154.0, 154.0, 154.0, 154.0, 154.0, 154.0, 155.0, 154.0, 154.0, 154.0, 154.0, 154.0, 154.0, 154.0, 154.0, 154.0, 154.0, 154.0], [174.0, 154.0, 155.0, 159.0, 164.0, 155.0, 160.0, 160.0, 155.0, 160.0, 154.0, 154.0, 154.0, 154.0, 154.0, 154.0, 154.0, 154.0, 154.0, 154.0, 154.0]],