{"solver": ["plain", "plain", "plain", "plain", "plain", "plain", "plain", "plain", "plain", "plain"], "size": [3600, 3600, 3600, 3600, 3600, 3600, 3600, 3600, 3600, 3600], "times": [9.670852422714233, 13.139955997467041, 21.64798903465271, 13.09900164604187, 20.305455446243286, 35.39940595626831, 24.533857822418213, 26.864398956298828, 11.820598363876343, 16.00420379638672], "bests": [93.0, 93.0, 93.0, 93.0, 93.0, 93.0, 93.0, 93.0, 93.0, 93.0], "avg_fits": [[NaN, NaN, NaN, NaN, NaN, NaN, NaN, NaN, NaN, NaN, NaN, NaN, NaN], [NaN, NaN, NaN, NaN, NaN, NaN, NaN, NaN, NaN, NaN, NaN, NaN, NaN, NaN, NaN, NaN, NaN, NaN], [NaN, NaN, NaN, NaN, NaN, NaN, NaN, NaN, NaN, NaN, NaN, NaN, NaN, NaN, NaN, NaN, 95.875, NaN, NaN, 96.875, NaN, NaN, NaN, NaN, NaN, NaN, NaN, NaN, NaN, NaN], [NaN, NaN, NaN, NaN, NaN, NaN, NaN, NaN, NaN, NaN, NaN, NaN, 98.0, NaN, NaN, NaN, NaN, NaN], [NaN, NaN, NaN, NaN, NaN, NaN, NaN, NaN, NaN, NaN, NaN, NaN, NaN, 100.375, NaN, NaN, NaN, NaN, NaN, NaN, NaN, NaN, NaN, NaN, NaN, NaN, NaN, NaN], [NaN, NaN, NaN, NaN, NaN, NaN, NaN, NaN, NaN, NaN, NaN, NaN, NaN, NaN, NaN, NaN, NaN, NaN, NaN, NaN, NaN, NaN, 96.125, NaN, NaN, NaN, NaN, NaN, NaN, NaN, NaN, NaN, NaN, NaN, NaN, NaN, NaN, NaN, NaN, NaN, NaN, NaN, NaN, NaN, NaN, NaN, NaN, NaN, NaN], [NaN, NaN, NaN, NaN, NaN, NaN, NaN, NaN, 97.91666666666667, NaN, NaN, NaN, NaN, NaN, NaN, NaN, NaN, NaN, NaN, NaN, NaN, NaN, NaN, NaN, 98.54166666666667, NaN, NaN, NaN, NaN, NaN, NaN, NaN, NaN, NaN], [NaN, NaN, NaN, NaN, NaN, NaN, NaN, NaN, NaN, NaN, NaN, 96.04166666666667, NaN, NaN, NaN, NaN, NaN, NaN, NaN, NaN, 99.125, NaN, NaN, NaN, NaN, NaN, NaN, 96.95833333333333, NaN, NaN, NaN, NaN, NaN, NaN, NaN, NaN, NaN], [NaN, NaN, NaN, NaN, NaN, NaN, NaN, NaN, 97.83333333333333, NaN, NaN, NaN, 99.125, NaN, NaN, NaN], [NaN, NaN, NaN, NaN, NaN, NaN, NaN, NaN, NaN, NaN, NaN, NaN, NaN, NaN, NaN, NaN, NaN, NaN, NaN, NaN, NaN, NaN]], "min_fits": [[NaN, 93.0, 93.0, 93.0, 93.0, 93.0, 93.0, 93.0, 93.0, 93.0, 93.0, 93.0, 93.0], [110.0, NaN, 94.0, NaN, 93.0, 93.0, NaN, 93.0, 93.0, 93.0, 93.0, 93.0, 93.0, 93.0, 93.0, 93.0, 93.0, 93.0], [NaN, NaN, 104.0, 104.0, 94.0, 93.0, NaN, NaN, 93.0, 93.0, 93.0, 93.0, NaN, 93.0, 93.0, 93.0, 93.0, 93.0, NaN, 93.0, 93.0, 93.0, 93.0, 93.0, 93.0, 93.0, 93.0, 93.0, 93.0, 93.0], [NaN, NaN, 93.0, 93.0, 93.0, 93.0, NaN, 93.0, 93.0, 93.0, 93.0, 93.0, 93.0, 93.0, 93.0, 93.0, 93.0, 93.0], [103.0, 93.0, 94.0, 93.0, 93.0, 93.0, 93.0, NaN, NaN, 93.0, NaN, 93.0, 93.0, 93.0, NaN, 93.0, NaN, 93.0, 93.0, 93.0, 93.0, 93.0, 93.0, 93.0, 93.0, 93.0, 93.0, 93.0], [NaN, NaN, 93.0, 93.0, 93.0, 93.0, 93.0, 93.0, NaN, 93.0, 93.0, 93.0, 93.0, NaN, 93.0, 93.0, 93.0, 93.0, 93.0, 93.0, 93.0, NaN, 93.0, 93.0, 93.0, 93.0, 93.0, NaN, 93.0, 93.0, 93.0, 93.0, 93.0, 93.0, 93.0, 93.0, NaN, NaN, 93.0, 93.0, 93.0, 93.0, 93.0, 93.0, 93.0, 93.0, 93.0, 93.0, 93.0], [NaN, NaN, 95.0, 94.0, 93.0, 93.0, 93.0, 93.0, 93.0, NaN, 93.0, 93.0, 93.0, 93.0, 93.0, 93.0, 93.0, 93.0, NaN, 93.0, 93.0, 93.0, NaN, 93.0, 93.0, 93.0, 93.0, 93.0, 93.0, 93.0, 93.0, 93.0, 93.0, 93.0], [NaN, 103.0, 103.0, 95.0, 93.0, 93.0, 93.0, 93.0, 93.0, 93.0, 93.0, 93.0, 93.0, 93.0, NaN, 93.0, NaN, 93.0, 93.0, 93.0, 93.0, 93.0, 93.0, 93.0, 93.0, NaN, 93.0, 93.0, 93.0, 93.0, 93.0, 93.0, 93.0, 93.0, 93.0, 93.0, 93.0], [NaN, 93.0, 93.0, 93.0, NaN, 93.0, 93.0, 93.0, 93.0, 93.0, 93.0, 93.0, 93.0, 93.0, 93.0, 93.0], [NaN, 94.0, 93.0, 93.0, 93.0, 93.0, 93.0, 93.0, 93.0, 93.0, NaN, 93.0, 93.0, 93.0, 93.0, 93.0, 93.0, 93.0, 93.0, 93.0, 93.0, 93.0]], "max_fits": [[NaN, 120.0, 120.0, 119.0, 120.0, 118.0, 118.0, 118.0, 118.0, 109.0, 109.0, 108.0, 118.0], [120.0, NaN, 120.0, NaN, 119.0, 119.0, NaN, 109.0, 108.0, 118.0, 110.0, 118.0, 118.0, 110.0, 108.0, 108.0, 118.0, 118.0], [NaN, NaN, 120.0, 120.0, 119.0, 120.0, NaN, NaN, 110.0, 110.0, 109.0, 108.0, NaN, 105.0, 110.0, 108.0, 108.0, 109.0, NaN, 110.0, 108.0, 120.0, 109.0, 108.0, 108.0, 118.0, 108.0, 110.0, 118.0, 108.0], [NaN, NaN, 120.0, 119.0, 118.0, 119.0, NaN, 119.0, 118.0, 120.0, 119.0, 118.0, 118.0, 110.0, 119.0, 110.0, 108.0, 108.0], [120.0, 120.0, 120.0, 120.0, 120.0, 120.0, 118.0, NaN, NaN, 118.0, NaN, 118.0, 120.0, 118.0, NaN, 118.0, NaN, 110.0, 118.0, 118.0, 118.0, 108.0, 119.0, 105.0, 109.0, 108.0, 105.0, 108.0], [NaN, NaN, 120.0, 120.0, 118.0, 108.0, 109.0, 120.0, NaN, 118.0, 118.0, 118.0, 95.0, NaN, 108.0, 120.0, 105.0, 110.0, 108.0, 118.0, 108.0, NaN, 118.0, 118.0, 108.0, 108.0, 108.0, NaN, 108.0, 118.0, 108.0, 118.0, 108.0, 118.0, 103.0, 108.0, NaN, NaN, 108.0, 118.0, 118.0, 108.0, 103.0, 118.0, 108.0, 118.0, 108.0, 108.0, 118.0], [NaN, NaN, 120.0, 120.0, 119.0, 120.0, 118.0, 120.0, 119.0, NaN, 119.0, 118.0, 118.0, 108.0, 108.0, 108.0, 109.0, 108.0, NaN, 118.0, 118.0, 118.0, NaN, 108.0, 118.0, 108.0, 108.0, 118.0, 118.0, 110.0, 118.0, 108.0, 118.0, 118.0], [NaN, 120.0, 120.0, 119.0, 120.0, 108.0, 109.0, 108.0, 110.0, 110.0, 118.0, 110.0, 118.0, 108.0, NaN, 110.0, NaN, 118.0, 108.0, 108.0, 110.0, 108.0, 118.0, 118.0, 118.0, NaN, 120.0, 120.0, 120.0, 118.0, 108.0, 118.0, 118.0, 108.0, 108.0, 118.0, 108.0], [NaN, 120.0, 120.0, 120.0, NaN, 118.0, 110.0, 108.0, 118.0, 110.0, 103.0, 118.0, 118.0, 118.0, 118.0, 108.0], [NaN, 120.0, 120.0, 119.0, 118.0, 109.0, 108.0, 105.0, 118.0, 108.0, NaN, 118.0, 118.0, 118.0, 118.0, 110.0, 110.0, 120.0, 118.0, 108.0, 103.0, 110.0]], "items_0": [[93.0, 93.0, 93.0, 93.0, 93.0, 93.0, 93.0, 93.0, 93.0, 93.0]], "best_final": [93.0, 93.0, 93.0, 93.0, 93.0, 93.0, 93.0, 93.0, 93.0, 93.0], "items_1": [[93.0, 93.0, 93.0, 93.0, 93.0, 93.0, 93.0, 93.0, 93.0, 93.0]], "items_2": [[93.0, 93.0, 93.0, 93.0, 93.0, 93.0, 93.0, 93.0, 93.0, 95.0]], "items_3": [[93.0, 93.0, 93.0, 93.0, 93.0, 93.0, 93.0, 93.0, 93.0, 93.0]], "items_4": [[95.0, 93.0, 93.0, 93.0, 93.0, 93.0, 93.0, 94.0, 93.0, 93.0]], "items_5": [[93.0, 93.0, 93.0, 93.0, 93.0, 93.0, 93.0, 93.0, 93.0, 94.0]], "items_6": [[93.0, 93.0, 93.0, 93.0, 93.0, 93.0, 93.0, 93.0, 93.0, 93.0]], "items_7": [[93.0, 93.0, 93.0, 93.0, 93.0, 93.0, 93.0, 93.0, 93.0, 93.0]], "items_8": [[94.0, 93.0, 93.0, 93.0, 93.0, 93.0, 93.0, 93.0, 93.0, 103.0]], "items_9": [[93.0, 93.0, 93.0, 93.0, 93.0, 93.0, 93.0, 93.0, 93.0, 93.0]]}