{"solver": ["plain", "plain", "plain", "plain", "plain", "plain", "plain", "plain", "plain", "plain"], "times": [3.820000410079956, 8.457017660140991, 2.8453071117401123, 7.294611692428589, 3.1656458377838135, 4.312925815582275, 3.8989367485046387, 3.3956565856933594, 5.893578052520752, 3.082064151763916], "bests": [172.0, 172.0, 172.0, 172.0, 172.0, 172.0, 172.0, 172.0, 172.0, 172.0], "avg_fits": [[208.36, 192.33333333333334, 192.04166666666666, 188.41666666666666, 186.875, 184.0, 186.16666666666666, 180.625, 180.79166666666666, 183.91666666666666, 177.125, 179.91666666666666, 180.83333333333334, 184.75, 184.75, 180.04166666666666, 180.58333333333334], [209.72, 203.79166666666666, 199.70833333333334, 187.58333333333334, 185.5, 183.45833333333334, 189.58333333333334, 182.375, 183.79166666666666, 183.29166666666666, 180.20833333333334, 182.375, 182.5, 185.75, 182.375, 181.08333333333334, 181.83333333333334, 183.33333333333334, 184.45833333333334, 185.29166666666666, 183.375, 181.58333333333334, 179.79166666666666, 183.20833333333334, 183.375, 179.125, 184.20833333333334, 179.45833333333334, 179.875, 187.58333333333334, 185.5, 186.5, 182.70833333333334, 181.95833333333334, 181.20833333333334, 178.375, 178.29166666666666, 181.29166666666666, 183.5, 183.45833333333334, 182.79166666666666, 179.83333333333334, 180.83333333333334, 178.79166666666666], [208.0, 196.625, 189.0, 188.45833333333334, 188.54166666666666, 182.66666666666666, 185.95833333333334, 181.41666666666666, 181.83333333333334, 184.83333333333334, 184.70833333333334, 182.54166666666666, 179.83333333333334], [205.4, 197.375, 189.41666666666666, 185.20833333333334, 186.375, 189.75, 184.66666666666666, 186.58333333333334, 187.25, 183.70833333333334, 182.75, 181.5, 183.625, 185.375, 182.0, 182.66666666666666, 184.5, 180.79166666666666, 186.58333333333334, 183.16666666666666, 180.41666666666666, 184.16666666666666, 187.91666666666666, 184.91666666666666, 182.79166666666666, 179.70833333333334, 179.625, 180.0, 181.0, 179.70833333333334, 182.625, 179.83333333333334, 180.70833333333334, 184.83333333333334, 182.54166666666666, 179.66666666666666, 181.70833333333334], [210.36, 200.91666666666666, 190.91666666666666, 187.04166666666666, 182.04166666666666, 182.45833333333334, 181.79166666666666, 180.45833333333334, 182.625, 179.5, 179.45833333333334, 182.08333333333334, 181.45833333333334, 182.08333333333334], [210.72, 201.29166666666666, 194.25, 190.45833333333334, 184.41666666666666, 185.625, 183.29166666666666, 186.33333333333334, 186.875, 186.41666666666666, 188.875, 186.16666666666666, 183.25, 183.41666666666666, 179.5, 177.5, 180.58333333333334, 179.04166666666666, 178.5, 184.08333333333334, 179.04166666666666, 183.20833333333334], [207.36, 197.125, 193.0, 182.66666666666666, 183.08333333333334, 184.91666666666666, 182.0, 179.54166666666666, 181.625, 183.58333333333334, 183.41666666666666, 179.41666666666666, 183.79166666666666, 181.54166666666666, 180.08333333333334, 182.41666666666666, 182.79166666666666, 180.83333333333334], [206.56, 197.25, 191.79166666666666, 185.375, 183.75, 182.08333333333334, 181.79166666666666, 175.04166666666666, 180.08333333333334, 181.83333333333334, 178.375, 179.04166666666666, 183.95833333333334, 182.41666666666666, 180.95833333333334, 180.25, 181.08333333333334], [204.24, 199.375, 193.08333333333334, 191.75, 188.75, 186.95833333333334, 184.66666666666666, 180.625, 183.83333333333334, 183.625, 180.33333333333334, 183.25, 181.125, 179.45833333333334, 179.95833333333334, 183.79166666666666, 183.875, 181.45833333333334, 184.79166666666666, 184.25, 180.625, 184.04166666666666, 188.29166666666666, 184.33333333333334, 182.625, 178.58333333333334, 181.04166666666666], [207.96, 201.125, 193.29166666666666, 187.41666666666666, 183.375, 181.375, 176.79166666666666, 178.04166666666666, 183.54166666666666, 182.95833333333334, 178.41666666666666, 181.5, 182.95833333333334, 183.20833333333334, 183.83333333333334]], "min_fits": [[180.0, 180.0, 180.0, 178.0, 173.0, 174.0, 172.0, 172.0, 172.0, 172.0, 172.0, 172.0, 172.0, 172.0, 172.0, 172.0, 172.0], [188.0, 173.0, 174.0, 174.0, 172.0, 172.0, 172.0, 172.0, 172.0, 172.0, 172.0, 172.0, 172.0, 172.0, 173.0, 173.0, 173.0, 173.0, 172.0, 172.0, 172.0, 172.0, 172.0, 172.0, 173.0, 173.0, 172.0, 172.0, 172.0, 172.0, 172.0, 172.0, 173.0, 172.0, 172.0, 172.0, 172.0, 172.0, 172.0, 172.0, 172.0, 172.0, 172.0, 172.0], [177.0, 178.0, 172.0, 172.0, 172.0, 172.0, 172.0, 172.0, 172.0, 172.0, 172.0, 172.0, 172.0], [185.0, 180.0, 178.0, 177.0, 177.0, 178.0, 177.0, 173.0, 173.0, 172.0, 173.0, 173.0, 172.0, 172.0, 172.0, 172.0, 172.0, 172.0, 172.0, 173.0, 173.0, 173.0, 173.0, 172.0, 173.0, 173.0, 172.0, 172.0, 172.0, 172.0, 172.0, 172.0, 172.0, 172.0, 172.0, 172.0, 172.0], [185.0, 180.0, 173.0, 172.0, 172.0, 172.0, 172.0, 172.0, 172.0, 172.0, 172.0, 172.0, 172.0, 172.0], [173.0, 175.0, 178.0, 178.0, 177.0, 177.0, 177.0, 177.0, 177.0, 177.0, 174.0, 172.0, 172.0, 172.0, 172.0, 172.0, 172.0, 172.0, 172.0, 172.0, 172.0, 172.0], [178.0, 174.0, 174.0, 173.0, 172.0, 173.0, 173.0, 172.0, 172.0, 172.0, 172.0, 172.0, 172.0, 172.0, 172.0, 172.0, 172.0, 172.0], [173.0, 178.0, 178.0, 173.0, 173.0, 173.0, 172.0, 172.0, 172.0, 172.0, 172.0, 172.0, 172.0, 172.0, 172.0, 172.0, 172.0], [178.0, 177.0, 177.0, 177.0, 173.0, 172.0, 172.0, 172.0, 172.0, 172.0, 172.0, 173.0, 173.0, 172.0, 173.0, 173.0, 172.0, 172.0, 172.0, 172.0, 172.0, 172.0, 172.0, 172.0, 172.0, 172.0, 172.0], [179.0, 173.0, 173.0, 173.0, 172.0, 172.0, 172.0, 172.0, 172.0, 172.0, 172.0, 172.0, 172.0, 172.0, 172.0]], "max_fits": [[230.0, 230.0, 220.0, 225.0, 213.0, 215.0, 225.0, 197.0, 209.0, 215.0, 193.0, 203.0, 203.0, 218.0, 212.0, 222.0, 204.0], [234.0, 235.0, 229.0, 218.0, 205.0, 213.0, 209.0, 204.0, 209.0, 222.0, 209.0, 212.0, 203.0, 213.0, 209.0, 223.0, 213.0, 205.0, 218.0, 228.0, 208.0, 210.0, 195.0, 212.0, 219.0, 193.0, 210.0, 217.0, 203.0, 213.0, 212.0, 223.0, 213.0, 218.0, 199.0, 203.0, 203.0, 204.0, 214.0, 208.0, 212.0, 204.0, 218.0, 208.0], [233.0, 214.0, 220.0, 214.0, 223.0, 208.0, 218.0, 203.0, 209.0, 218.0, 223.0, 209.0, 208.0], [230.0, 235.0, 215.0, 209.0, 223.0, 223.0, 198.0, 208.0, 214.0, 198.0, 209.0, 212.0, 214.0, 223.0, 220.0, 214.0, 223.0, 204.0, 223.0, 205.0, 207.0, 208.0, 219.0, 220.0, 213.0, 204.0, 220.0, 202.0, 210.0, 205.0, 220.0, 209.0, 202.0, 219.0, 199.0, 202.0, 198.0], [230.0, 228.0, 218.0, 215.0, 208.0, 203.0, 219.0, 215.0, 214.0, 208.0, 198.0, 209.0, 222.0, 215.0], [230.0, 225.0, 215.0, 214.0, 205.0, 214.0, 208.0, 212.0, 212.0, 208.0, 222.0, 207.0, 213.0, 218.0, 203.0, 202.0, 204.0, 208.0, 204.0, 210.0, 194.0, 217.0], [234.0, 215.0, 218.0, 215.0, 213.0, 219.0, 223.0, 208.0, 205.0, 208.0, 228.0, 202.0, 218.0, 202.0, 218.0, 224.0, 219.0, 213.0], [228.0, 219.0, 214.0, 212.0, 208.0, 208.0, 208.0, 193.0, 219.0, 208.0, 207.0, 199.0, 204.0, 218.0, 212.0, 214.0, 207.0], [230.0, 235.0, 214.0, 214.0, 214.0, 215.0, 204.0, 205.0, 213.0, 208.0, 197.0, 208.0, 209.0, 198.0, 220.0, 213.0, 210.0, 198.0, 214.0, 229.0, 208.0, 204.0, 218.0, 223.0, 203.0, 203.0, 208.0], [224.0, 220.0, 220.0, 208.0, 204.0, 218.0, 193.0, 209.0, 203.0, 202.0, 205.0, 204.0, 208.0, 205.0, 224.0]], "items_0": [[173.0, 173.0, 173.0, 173.0, 172.0, 172.0, 172.0, 172.0, 172.0, 172.0]], "items_1": [[174.0, 174.0, 173.0, 173.0, 173.0, 172.0, 172.0, 172.0, 172.0, 172.0]], "items_2": [[174.0, 174.0, 174.0, 173.0, 173.0, 173.0, 173.0, 173.0, 173.0, 173.0]], "items_3": [[178.0, 178.0, 177.0, 174.0, 173.0, 172.0, 172.0, 172.0, 172.0, 172.0]], "items_4": [[173.0, 173.0, 173.0, 173.0, 173.0, 172.0, 172.0, 172.0, 172.0, 172.0]], "items_5": [[175.0, 174.0, 173.0, 173.0, 173.0, 173.0, 173.0, 173.0, 172.0, 172.0]], "items_6": [[173.0, 173.0, 173.0, 173.0, 173.0, 172.0, 172.0, 172.0, 172.0, 172.0]], "items_7": [[174.0, 173.0, 173.0, 172.0, 172.0, 172.0, 172.0, 172.0, 172.0, 172.0]], "items_8": [[173.0, 173.0, 173.0, 173.0, 173.0, 172.0, 172.0, 172.0, 172.0, 172.0]],