{"solver": ["elitist", "elitist", "elitist", "elitist", "elitist", "elitist", "elitist", "elitist", "elitist", "elitist"], "size": [4147200, 4147200, 4147200, 4147200, 4147200, 4147200, 4147200, 4147200, 4147200, 4147200], "times": [31.394912004470825, 43.03282570838928, 37.93863391876221, 32.3311722278595, 38.52261972427368, 40.598684787750244, 39.18360924720764, 31.57196569442749, 38.26340627670288, 36.49295234680176], "bests": [172.0, 172.0, 172.0, 172.0, 172.0, 172.0, 172.0, 172.0, 172.0, 172.0], "avg_fits": [[211.52, 202.125, 191.25, 184.375, 181.29166666666666, 180.5, 178.125, 181.45833333333334, 183.0, 182.0, 175.54166666666666, 181.875, 175.875], [211.8, 204.91666666666666, 197.83333333333334, 195.66666666666666, 185.91666666666666, 186.25, 183.41666666666666, 182.0, 177.375, 178.08333333333334, 176.91666666666666, 178.95833333333334, 180.70833333333334, 177.58333333333334, 181.08333333333334, 185.70833333333334, 181.66666666666666, 179.16666666666666], [208.72, 198.66666666666666, 185.83333333333334, 181.70833333333334, 181.70833333333334, 180.375, 184.20833333333334, 182.16666666666666, 182.375, 181.95833333333334, 176.5, 184.83333333333334, 179.79166666666666, 178.0, 179.58333333333334, 180.83333333333334], [209.52, 195.91666666666666, 186.70833333333334, 181.125, 179.25, 185.125, 179.41666666666666, 178.83333333333334, 179.29166666666666, 179.29166666666666, 178.625, 182.04166666666666, 179.29166666666666], [209.96, 195.95833333333334, 189.95833333333334, 184.75, 185.20833333333334, 181.875, 178.58333333333334, 180.75, 184.45833333333334, 188.25, 187.0, 180.625, 179.5, 186.33333333333334, 182.54166666666666, 183.33333333333334], [204.72, 195.375, 190.04166666666666, 184.79166666666666, 178.54166666666666, 180.04166666666666, 177.875, 177.83333333333334, 179.625, 177.54166666666666, 177.75, 183.375, 183.375, 182.66666666666666, 181.45833333333334, 181.0, 177.70833333333334], [212.2, 202.54166666666666, 195.5, 187.83333333333334, 183.95833333333334, 182.25, 180.20833333333334, 180.875, 178.25, 177.20833333333334, 177.41666666666666, 178.58333333333334, 180.91666666666666, 180.45833333333334, 180.16666666666666, 178.58333333333334], [208.84, 197.91666666666666, 185.20833333333334, 180.75, 181.875, 180.625, 179.70833333333334, 177.83333333333334, 182.25, 184.58333333333334, 177.04166666666666, 180.29166666666666, 182.70833333333334], [202.24, 193.58333333333334, 192.79166666666666, 186.375, 182.16666666666666, 183.0, 177.41666666666666, 177.58333333333334, 176.95833333333334, 176.66666666666666, 178.95833333333334, 176.0, 183.375, 184.125, 179.66666666666666, 181.375], [208.32, 197.625, 190.29166666666666, 185.5, 182.25, 180.04166666666666, 181.625, 181.58333333333334, 182.25, 179.16666666666666, 182.29166666666666, 180.58333333333334, 178.58333333333334, 177.04166666666666, 181.58333333333334]], "min_fits": [[182.0, 172.0, 172.0, 172.0, 172.0, 172.0, 172.0, 172.0, 172.0, 172.0, 172.0, 172.0, 172.0], [193.0, 188.0, 182.0, 173.0, 173.0, 173.0, 173.0, 172.0, 172.0, 172.0, 172.0, 172.0, 172.0, 172.0, 172.0, 172.0, 172.0, 172.0], [174.0, 173.0, 173.0, 173.0, 173.0, 172.0, 172.0, 172.0, 172.0, 172.0, 172.0, 172.0, 172.0, 172.0, 172.0, 172.0], [172.0, 172.0, 172.0, 172.0, 172.0, 172.0, 172.0, 172.0, 172.0, 172.0, 172.0, 172.0, 172.0], [178.0, 178.0, 177.0, 173.0, 173.0, 172.0, 172.0, 172.0, 172.0, 172.0, 172.0, 172.0, 172.0, 172.0, 172.0, 172.0], [183.0, 178.0, 173.0, 173.0, 173.0, 173.0, 172.0, 172.0, 172.0, 172.0, 172.0, 172.0, 172.0, 172.0, 172.0, 172.0, 172.0], [180.0, 180.0, 178.0, 175.0, 173.0, 172.0, 172.0, 172.0, 172.0, 172.0, 172.0, 172.0, 172.0, 172.0, 172.0, 172.0], [173.0, 172.0, 172.0, 172.0, 172.0, 172.0, 172.0, 172.0, 172.0, 172.0, 172.0, 172.0, 172.0], [180.0, 174.0, 174.0, 173.0, 173.0, 172.0, 172.0, 172.0, 172.0, 172.0, 172.0, 172.0, 172.0, 172.0, 172.0, 172.0], [179.0, 179.0, 175.0, 175.0, 172.0, 172.0, 172.0, 172.0, 172.0, 172.0, 172.0, 172.0, 172.0, 172.0, 172.0]], "max_fits": [[233.0, 229.0, 208.0, 230.0, 204.0, 218.0, 220.0, 204.0, 220.0, 208.0, 203.0, 210.0, 197.0], [234.0, 230.0, 225.0, 225.0, 229.0, 220.0, 209.0, 208.0, 194.0, 208.0, 203.0, 207.0, 217.0, 208.0, 207.0, 217.0, 212.0, 218.0], [230.0, 228.0, 219.0, 213.0, 218.0, 218.0, 204.0, 208.0, 208.0, 208.0, 194.0, 214.0, 202.0, 203.0, 207.0, 207.0], [235.0, 223.0, 217.0, 212.0, 207.0, 217.0, 202.0, 207.0, 202.0, 202.0, 202.0, 217.0, 204.0], [230.0, 223.0, 228.0, 207.0, 225.0, 208.0, 212.0, 213.0, 203.0, 219.0, 217.0, 217.0, 203.0, 219.0, 208.0, 209.0], [235.0, 225.0, 229.0, 218.0, 195.0, 223.0, 208.0, 208.0, 213.0, 197.0, 208.0, 218.0, 219.0, 209.0, 207.0, 202.0, 202.0], [230.0, 225.0, 225.0, 215.0, 200.0, 200.0, 207.0, 205.0, 207.0, 208.0, 202.0, 207.0, 213.0, 212.0, 219.0, 208.0], [235.0, 222.0, 215.0, 212.0, 228.0, 217.0, 217.0, 197.0, 203.0, 210.0, 218.0, 202.0, 217.0], [228.0, 214.0, 215.0, 209.0, 223.0, 212.0, 208.0, 202.0, 202.0, 200.0, 205.0, 194.0, 207.0, 217.0, 208.0, 212.0], [229.0, 228.0, 225.0, 205.0, 204.0, 200.0, 197.0, 208.0, 204.0, 202.0, 209.0, 207.0, 219.0, 204.0, 202.0]], "items_0": [[172.0, 172.0, 172.0, 172.0, 172.0, 172.0, 172.0, 172.0, 172.0, 172.0]], "best_final": [172.0, 172.0, 172.0, 172.0, 172.0, 172.0, 172.0, 172.0, 172.0, 172.0], "items_1": [[173.0, 173.0, 173.0, 173.0, 173.0, 173.0, 172.0, 172.0, 172.0, 172.0]], "items_2": [[173.0, 172.0, 172.0, 172.0, 172.0, 172.0, 172.0, 172.0, 172.0, 172.0]], "items_3": [[174.0, 173.0, 173.0, 173.0, 173.0, 172.0, 172.0, 172.0, 172.0, 172.0]], "items_4": [[173.0, 173.0, 172.0, 172.0, 172.0, 172.0, 172.0, 172.0, 172.0, 172.0]], "items_5": [[174.0, 174.0, 172.0, 172.0, 172.0, 172.0, 172.0, 172.0, 172.0, 172.0]], "items_6": [[172.0, 172.0, 172.0, 172.0, 172.0, 172.0, 172.0, 172.0, 172.0, 172.0]], "items_7": [[172.0, 172.0, 172.0, 172.0, 172.0, 172.0, 172.0, 172.0, 172.0, 172.0]], "items_8": [[173.0, 173.0, 173.0, 172.0, 172.0, 172.0, 172.0, 172.0, 172.0, 172.0]], "items_9": [[182.0, 178.0, 178.0, 178.0, 173.0, 173.0, 172.0, 172.0, 172.0, 172.0]]}