{"solver": ["plain", "plain", "plain", "plain", "plain", "plain", "plain", "plain", "plain", "plain"], "size": [4147200, 4147200, 4147200, 4147200, 4147200, 4147200, 4147200, 4147200, 4147200, 4147200], "times": [12.533005237579346, 3.700458526611328, 7.589165687561035, 4.263458013534546, 8.724185466766357, 3.818922519683838, 6.649178981781006, 4.46812105178833, 8.396950483322144, 8.627490997314453], "bests": [172.0, 172.0, 172.0, 172.0, 172.0, 172.0, 172.0, 172.0, 172.0, 172.0], "avg_fits": [[207.84, 196.58333333333334, 193.79166666666666, 188.875, 185.875, 186.375, 183.29166666666666, 182.29166666666666, 184.5, 179.20833333333334, 182.625, 179.79166666666666, 181.75, 183.58333333333334, 183.625, 180.875, 179.04166666666666, 184.08333333333334, 184.54166666666666, 183.91666666666666, 188.0, 186.20833333333334, 179.91666666666666, 185.70833333333334, 181.04166666666666, 181.5, 181.66666666666666, 181.91666666666666, 187.0, 182.83333333333334, 183.79166666666666, 183.625, 179.91666666666666, 178.95833333333334, 180.04166666666666, 178.83333333333334, 184.66666666666666, 180.70833333333334, 183.5, 181.0, 183.08333333333334, 184.83333333333334, 178.95833333333334, 183.25, 184.91666666666666, 181.875, 182.04166666666666, 182.79166666666666, 178.20833333333334, 177.95833333333334, 180.54166666666666, 182.45833333333334, 181.20833333333334, 186.0, 182.875, 180.29166666666666], [204.0, 195.41666666666666, 188.83333333333334, 187.83333333333334, 184.41666666666666, 182.45833333333334, 183.125, 180.08333333333334, 183.70833333333334, 183.58333333333334, 181.79166666666666, 181.95833333333334, 178.125, 181.91666666666666, 184.20833333333334, 182.91666666666666], [211.4, 200.41666666666666, 184.91666666666666, 185.33333333333334, 178.25, 179.20833333333334, 179.29166666666666, 182.5, 185.04166666666666, 182.54166666666666, 184.66666666666666, 182.5, 181.45833333333334, 184.41666666666666, 183.75, 183.83333333333334, 185.20833333333334, 184.91666666666666, 184.45833333333334, 185.08333333333334, 183.91666666666666, 180.91666666666666, 178.375, 181.29166666666666, 182.54166666666666, 181.29166666666666, 180.58333333333334, 181.83333333333334, 183.66666666666666, 183.125, 179.70833333333334, 182.95833333333334, 185.95833333333334, 182.875], [210.76, 200.79166666666666, 195.41666666666666, 192.125, 184.33333333333334, 183.04166666666666, 190.0, 185.625, 179.33333333333334, 180.20833333333334, 176.91666666666666, 179.29166666666666, 184.95833333333334, 187.58333333333334, 182.41666666666666, 182.0, 179.0, 179.04166666666666], [203.08, 196.0, 195.125, 193.25, 187.25, 185.375, 185.58333333333334, 183.0, 183.91666666666666, 183.66666666666666, 183.83333333333334, 181.20833333333334, 184.91666666666666, 181.79166666666666, 180.83333333333334, 183.875, 183.33333333333334, 180.04166666666666, 185.58333333333334, 182.5, 185.58333333333334, 184.875, 182.75, 177.58333333333334, 184.25, 186.41666666666666, 181.83333333333334, 185.83333333333334, 184.16666666666666, 182.875, 184.16666666666666, 182.95833333333334, 179.54166666666666, 181.875, 181.91666666666666, 180.5, 178.20833333333334, 183.58333333333334, 183.04166666666666], [213.84, 202.375, 198.75, 192.20833333333334, 189.33333333333334, 182.79166666666666, 182.54166666666666, 181.58333333333334, 183.75, 180.625, 178.29166666666666, 180.70833333333334, 176.70833333333334, 176.08333333333334, 177.33333333333334, 178.75], [213.72, 205.91666666666666, 196.83333333333334, 187.5, 183.66666666666666, 181.375, 183.25, 182.25, 183.25, 184.20833333333334, 186.25, 179.83333333333334, 181.75, 180.29166666666666, 181.16666666666666, 183.16666666666666, 180.75, 182.25, 184.91666666666666, 179.0, 180.16666666666666, 184.91666666666666, 182.54166666666666, 183.04166666666666, 177.95833333333334, 184.08333333333334, 185.66666666666666, 180.04166666666666, 176.91666666666666, 180.04166666666666], [204.76, 201.95833333333334, 190.375, 187.5, 185.54166666666666, 182.08333333333334, 178.79166666666666, 181.625, 180.375, 182.16666666666666, 180.875, 186.0, 181.29166666666666, 180.29166666666666, 183.29166666666666, 182.83333333333334, 180.125, 180.375, 182.79166666666666, 178.66666666666666], [209.0, 199.66666666666666, 194.54166666666666, 189.45833333333334, 189.54166666666666, 187.04166666666666, 183.625, 188.66666666666666, 180.45833333333334, 180.54166666666666, 182.875, 184.25, 183.5, 180.33333333333334, 183.83333333333334, 178.91666666666666, 180.45833333333334, 182.04166666666666, 183.625, 186.95833333333334, 183.45833333333334, 185.0, 183.95833333333334, 186.625, 181.58333333333334, 178.25, 178.79166666666666, 178.91666666666666, 179.125, 184.41666666666666, 182.20833333333334, 181.75, 182.54166666666666, 183.91666666666666, 181.91666666666666, 181.95833333333334, 184.75], [204.84, 194.83333333333334, 187.70833333333334, 182.70833333333334, 180.95833333333334, 178.91666666666666, 180.29166666666666, 179.625, 184.5, 183.625, 179.625, 179.91666666666666, 183.58333333333334, 183.91666666666666, 184.66666666666666, 180.45833333333334, 182.20833333333334, 183.375, 182.45833333333334, 180.79166666666666, 179.625, 179.91666666666666, 186.125, 184.08333333333334, 183.20833333333334, 186.25, 182.83333333333334, 181.625, 178.04166666666666, 181.5, 183.375, 184.16666666666666, 180.04166666666666, 181.0, 178.54166666666666, 178.58333333333334, 181.41666666666666]], "min_fits": [[172.0, 172.0, 172.0, 172.0, 172.0, 172.0, 172.0, 172.0, 172.0, 172.0, 172.0, 173.0, 172.0, 172.0, 172.0, 172.0, 172.0, 172.0, 172.0, 172.0, 173.0, 173.0, 173.0, 173.0, 172.0, 173.0, 173.0, 173.0, 173.0, 173.0, 172.0, 172.0, 172.0, 172.0, 172.0, 172.0, 172.0, 172.0, 172.0, 173.0, 173.0, 173.0, 173.0, 172.0, 173.0, 172.0, 172.0, 172.0, 172.0, 172.0, 172.0, 172.0, 172.0, 172.0, 172.0, 172.0], [178.0, 175.0, 172.0, 173.0, 173.0, 172.0, 172.0, 172.0, 172.0, 172.0, 172.0, 172.0, 172.0, 172.0, 172.0, 172.0], [185.0, 177.0, 172.0, 172.0, 172.0, 172.0, 172.0, 172.0, 172.0, 172.0, 172.0, 172.0, 173.0, 172.0, 172.0, 172.0, 172.0, 173.0, 173.0, 173.0, 173.0, 173.0, 173.0, 172.0, 172.0, 172.0, 172.0, 172.0, 172.0, 172.0, 172.0, 172.0, 172.0, 172.0], [183.0, 178.0, 174.0, 178.0, 172.0, 173.0, 173.0, 172.0, 172.0, 172.0, 172.0, 172.0, 172.0, 172.0, 172.0, 172.0, 172.0, 172.0], [179.0, 178.0, 178.0, 178.0, 173.0, 172.0, 172.0, 172.0, 172.0, 172.0, 172.0, 172.0, 172.0, 172.0, 172.0, 173.0, 172.0, 172.0, 172.0, 172.0, 173.0, 172.0, 172.0, 172.0, 172.0, 172.0, 172.0, 173.0, 172.0, 172.0, 172.0, 172.0, 172.0, 172.0, 172.0, 172.0, 172.0, 172.0, 172.0], [183.0, 177.0, 178.0, 175.0, 173.0, 172.0, 172.0, 172.0, 172.0, 172.0, 172.0, 172.0, 172.0, 172.0, 172.0, 172.0], [179.0, 179.0, 178.0, 175.0, 174.0, 172.0, 172.0, 173.0, 173.0, 172.0, 173.0, 173.0, 173.0, 173.0, 173.0, 173.0, 172.0, 173.0, 173.0, 172.0, 172.0, 172.0, 172.0, 172.0, 172.0, 172.0, 172.0, 172.0, 172.0, 172.0], [180.0, 175.0, 173.0, 173.0, 173.0, 173.0, 173.0, 173.0, 173.0, 172.0, 172.0, 172.0, 172.0, 172.0, 172.0, 172.0, 172.0, 172.0, 172.0, 172.0], [183.0, 179.0, 179.0, 174.0, 173.0, 174.0, 174.0, 173.0, 172.0, 173.0, 172.0, 172.0, 172.0, 172.0, 172.0, 172.0, 172.0, 172.0, 172.0, 173.0, 172.0, 172.0, 172.0, 172.0, 173.0, 173.0, 172.0, 172.0, 172.0, 172.0, 172.0, 172.0, 172.0, 172.0, 172.0, 172.0, 172.0], [177.0, 173.0, 172.0, 172.0, 172.0, 172.0, 172.0, 172.0, 172.0, 172.0, 173.0, 173.0, 173.0, 172.0, 172.0, 172.0, 172.0, 172.0, 172.0, 172.0, 172.0, 173.0, 173.0, 173.0, 173.0, 173.0, 172.0, 172.0, 172.0, 172.0, 172.0, 172.0, 172.0, 172.0, 172.0, 172.0, 172.0]],