{"solver": ["elitist", "elitist", "elitist", "elitist", "elitist", "elitist", "elitist", "elitist", "elitist", "elitist"], "times": [3.641643524169922, 2.85377836227417, 3.9241256713867188, 2.9405558109283447, 3.8929288387298584, 2.9461634159088135, 3.567018747329712, 3.2430527210235596, 3.6107048988342285, 3.0567665100097656], "bests": [172.0, 172.0, 172.0, 172.0, 172.0, 172.0, 172.0, 172.0, 172.0, 172.0], "avg_fits": [[207.48, 198.5, 191.33333333333334, 183.625, 179.25, 181.08333333333334, 183.25, 181.25, 183.66666666666666, 180.625, 179.20833333333334, 185.95833333333334, 179.375, 178.83333333333334, 181.41666666666666, 184.91666666666666], [207.4, 191.79166666666666, 185.0, 182.25, 178.375, 181.08333333333334, 184.83333333333334, 179.33333333333334, 178.625, 185.66666666666666, 183.5, 180.75, 182.29166666666666], [211.4, 203.95833333333334, 194.91666666666666, 187.0, 181.41666666666666, 182.54166666666666, 180.5, 180.83333333333334, 179.16666666666666, 182.25, 181.04166666666666, 183.16666666666666, 183.70833333333334, 178.375, 182.875, 180.70833333333334, 179.83333333333334, 179.58333333333334], [207.92, 198.875, 191.125, 181.875, 184.125, 176.41666666666666, 177.70833333333334, 175.91666666666666, 177.54166666666666, 178.45833333333334, 181.08333333333334, 183.91666666666666, 185.16666666666666], [203.88, 193.08333333333334, 185.58333333333334, 186.16666666666666, 187.625, 185.0, 180.29166666666666, 178.0, 180.08333333333334, 183.20833333333334, 178.04166666666666, 176.625, 178.83333333333334, 178.0, 179.41666666666666, 178.58333333333334, 175.625, 178.375], [207.72, 196.58333333333334, 188.45833333333334, 179.95833333333334, 178.66666666666666, 178.875, 180.125, 178.875, 181.125, 178.5, 180.91666666666666, 180.58333333333334, 180.0], [208.4, 196.125, 188.41666666666666, 187.33333333333334, 185.54166666666666, 180.20833333333334, 181.625, 183.125, 181.16666666666666, 178.25, 179.375, 181.83333333333334, 177.16666666666666, 183.79166666666666, 185.125], [202.76, 194.75, 186.875, 182.0, 181.79166666666666, 177.83333333333334, 184.75, 183.66666666666666, 177.75, 179.125, 178.91666666666666, 181.29166666666666, 181.45833333333334, 177.33333333333334, 178.54166666666666], [206.8, 199.625, 194.29166666666666, 186.70833333333334, 185.20833333333334, 181.95833333333334, 179.58333333333334, 182.70833333333334, 182.25, 181.45833333333334, 180.79166666666666, 180.79166666666666, 177.0, 178.875, 178.79166666666666, 184.20833333333334], [208.4, 191.58333333333334, 185.45833333333334, 182.70833333333334, 180.625, 177.625, 179.625, 179.58333333333334, 185.08333333333334, 180.75, 187.0, 180.45833333333334, 178.04166666666666, 176.83333333333334]], "min_fits": [[183.0, 178.0, 178.0, 173.0, 173.0, 172.0, 172.0, 172.0, 172.0, 172.0, 172.0, 172.0, 172.0, 172.0, 172.0, 172.0], [179.0, 172.0, 172.0, 172.0, 172.0, 172.0, 172.0, 172.0, 172.0, 172.0, 172.0, 172.0, 172.0], [180.0, 174.0, 173.0, 173.0, 173.0, 173.0, 173.0, 172.0, 172.0, 172.0, 172.0, 172.0, 172.0, 172.0, 172.0, 172.0, 172.0, 172.0], [177.0, 172.0, 172.0, 172.0, 172.0, 172.0, 172.0, 172.0, 172.0, 172.0, 172.0, 172.0, 172.0], [173.0, 173.0, 173.0, 173.0, 173.0, 173.0, 173.0, 172.0, 172.0, 172.0, 172.0, 172.0, 172.0, 172.0, 172.0, 172.0, 172.0, 172.0], [175.0, 172.0, 172.0, 172.0, 172.0, 172.0, 172.0, 172.0, 172.0, 172.0, 172.0, 172.0, 172.0], [179.0, 173.0, 173.0, 173.0, 172.0, 172.0, 172.0, 172.0, 172.0, 172.0, 172.0, 172.0, 172.0, 172.0, 172.0], [174.0, 173.0, 173.0, 173.0, 172.0, 172.0, 172.0, 172.0, 172.0, 172.0, 172.0, 172.0, 172.0, 172.0, 172.0], [185.0, 180.0, 177.0, 174.0, 173.0, 172.0, 172.0, 172.0, 172.0, 172.0, 172.0, 172.0, 172.0, 172.0, 172.0, 172.0], [179.0, 174.0, 174.0, 172.0, 172.0, 172.0, 172.0, 172.0, 172.0, 172.0, 172.0, 172.0, 172.0, 172.0]], "max_fits": [[229.0, 223.0, 208.0, 203.0, 192.0, 208.0, 218.0, 207.0, 212.0, 203.0, 213.0, 209.0, 209.0, 202.0, 209.0, 212.0], [224.0, 224.0, 205.0, 219.0, 202.0, 207.0, 217.0, 202.0, 197.0, 224.0, 207.0, 213.0, 208.0], [235.0, 229.0, 227.0, 213.0, 210.0, 218.0, 195.0, 223.0, 208.0, 209.0, 213.0, 225.0, 212.0, 202.0, 222.0, 208.0, 223.0, 207.0], [230.0, 224.0, 223.0, 207.0, 218.0, 205.0, 203.0, 192.0, 193.0, 198.0, 208.0, 223.0, 218.0], [227.0, 214.0, 214.0, 225.0, 225.0, 213.0, 200.0, 204.0, 205.0, 212.0, 207.0, 192.0, 203.0, 193.0, 204.0, 208.0, 192.0, 217.0], [234.0, 223.0, 210.0, 195.0, 213.0, 209.0, 204.0, 204.0, 194.0, 203.0, 208.0, 204.0, 207.0], [235.0, 220.0, 224.0, 214.0, 208.0, 198.0, 205.0, 204.0, 209.0, 202.0, 212.0, 207.0, 209.0, 212.0, 209.0], [229.0, 228.0, 215.0, 204.0, 218.0, 208.0, 218.0, 208.0, 207.0, 203.0, 199.0, 213.0, 213.0, 209.0, 212.0], [229.0, 228.0, 225.0, 200.0, 207.0, 214.0, 205.0, 208.0, 212.0, 207.0, 207.0, 203.0, 197.0, 209.0, 202.0, 217.0], [228.0, 223.0, 214.0, 224.0, 208.0, 199.0, 207.0, 198.0, 214.0, 220.0, 224.0, 210.0, 225.0, 197.0]], "items_0": [[177.0, 174.0, 173.0, 172.0, 172.0, 172.0, 172.0, 172.0, 172.0, 172.0]], "items_1": [[177.0, 174.0, 174.0, 174.0, 173.0, 173.0, 172.0, 172.0, 172.0, 172.0]], "items_2": [[174.0, 174.0, 173.0, 173.0, 172.0, 172.0, 172.0, 172.0, 172.0, 172.0]], "items_3": [[172.0, 172.0, 172.0, 172.0, 172.0, 172.0, 172.0, 172.0, 172.0, 172.0]], "items_4": [[174.0, 173.0, 172.0, 172.0, 172.0, 172.0, 172.0, 172.0, 172.0, 172.0]], "items_5": [[174.0, 173.0, 173.0, 173.0, 172.0, 172.0, 172.0, 172.0, 172.0, 172.0]], "items_6": [[177.0, 174.0, 174.0, 174.0, 173.0, 173.0, 173.0, 173.0, 172.0, 172.0]], "items_7": [[173.0, 173.0, 173.0, 172.0, 172.0, 172.0, 172.0, 172.0, 172.0, 172.0]], "items_8": [[174.0, 173.0, 173.0, 173.0, 173.0, 172.0, 172.0, 172.0, 172.0, 172.0]], "items_9": [[173.0, 173.0, 172.0, 172.0, 172.0, 172.0, 172.0, 172.0, 172.0, 172.0]]}