{"solver": ["plain", "plain", "plain", "plain", "plain", "plain", "plain", "plain", "plain", "plain"], "size": [4147200, 4147200, 4147200, 4147200, 4147200, 4147200, 4147200, 4147200, 4147200, 4147200], "times": [5.89428186416626, 6.306278228759766, 4.686152458190918, 11.962279558181763, 13.146108388900757, 4.8728108406066895, 6.175890922546387, 6.661286354064941, 6.231232404708862, 4.579744815826416], "bests": [172.0, 172.0, 172.0, 172.0, 172.0, 172.0, 172.0, 172.0, 172.0, 172.0], "avg_fits": [[210.44, 202.0, 194.41666666666666, 190.125, 185.70833333333334, 185.70833333333334, 181.375, 181.5, 180.5, 183.5, 179.66666666666666, 179.625, 184.16666666666666, 178.45833333333334, 182.875, 183.58333333333334, 184.875, 181.04166666666666, 180.54166666666666], [206.36, 198.70833333333334, 192.33333333333334, 188.58333333333334, 189.75, 186.625, 178.45833333333334, 185.91666666666666, 183.79166666666666, 178.5, 180.625, 179.58333333333334, 182.375, 181.91666666666666, 179.625, 180.375, 182.75, 184.66666666666666, 180.45833333333334, 178.08333333333334, 183.125, 184.66666666666666, 179.04166666666666], [207.96, 201.45833333333334, 193.66666666666666, 191.70833333333334, 183.33333333333334, 182.625, 184.08333333333334, 184.58333333333334, 182.58333333333334, 181.83333333333334, 177.95833333333334, 180.125, 178.375, 180.125, 187.79166666666666, 185.41666666666666, 187.83333333333334], [207.28, 194.04166666666666, 187.20833333333334, 185.95833333333334, 185.54166666666666, 187.58333333333334, 183.75, 185.5, 184.58333333333334, 182.45833333333334, 183.79166666666666, 183.33333333333334, 177.16666666666666, 184.29166666666666, 180.08333333333334, 178.83333333333334, 178.20833333333334, 182.70833333333334, 179.58333333333334, 182.16666666666666, 181.54166666666666, 179.08333333333334, 180.0, 179.75, 185.33333333333334, 181.25, 185.66666666666666, 185.29166666666666, 182.70833333333334, 188.375, 186.625, 180.5, 179.25, 180.95833333333334, 180.79166666666666, 183.5, 183.16666666666666, 182.125, 180.95833333333334, 180.41666666666666, 180.0, 182.79166666666666, 190.125, 192.41666666666666, 186.875, 184.0, 180.79166666666666, 184.625, 181.66666666666666, 181.5, 179.29166666666666], [206.08, 201.58333333333334, 197.875, 194.20833333333334, 193.54166666666666, 183.54166666666666, 185.5, 184.29166666666666, 181.0, 185.20833333333334, 183.625, 181.66666666666666, 181.29166666666666, 177.75, 178.54166666666666, 182.20833333333334, 183.0, 181.75, 183.5, 180.29166666666666, 181.75, 184.16666666666666, 187.125, 191.41666666666666, 186.08333333333334, 182.45833333333334, 188.625, 183.45833333333334, 182.04166666666666, 182.625, 179.95833333333334, 181.79166666666666, 184.125, 182.20833333333334, 180.66666666666666, 184.91666666666666, 183.0, 181.875, 184.33333333333334, 183.83333333333334, 181.125, 177.375, 179.20833333333334, 179.625, 179.58333333333334, 176.95833333333334, 178.375, 179.79166666666666, 181.58333333333334, 179.625, 180.83333333333334, 182.95833333333334], [203.16, 191.0, 184.83333333333334, 186.04166666666666, 183.58333333333334, 186.41666666666666, 182.45833333333334, 186.95833333333334, 187.41666666666666, 186.58333333333334, 178.70833333333334, 180.33333333333334, 183.08333333333334, 181.25, 178.45833333333334, 182.95833333333334, 181.95833333333334, 178.58333333333334, 177.58333333333334, 181.91666666666666], [208.44, 202.41666666666666, 196.95833333333334, 196.125, 191.25, 188.95833333333334, 188.91666666666666, 185.20833333333334, 179.79166666666666, 181.79166666666666, 179.5, 181.625, 182.91666666666666, 183.79166666666666, 182.5, 180.41666666666666, 184.95833333333334, 183.33333333333334, 183.29166666666666, 182.20833333333334, 181.79166666666666, 180.83333333333334, 177.70833333333334, 177.375], [210.32, 203.125, 193.66666666666666, 186.45833333333334, 185.79166666666666, 184.875, 182.58333333333334, 184.66666666666666, 184.29166666666666, 181.70833333333334, 181.20833333333334, 182.79166666666666, 181.16666666666666, 177.54166666666666, 186.125, 187.70833333333334, 184.66666666666666, 186.125, 183.70833333333334, 184.04166666666666, 180.04166666666666, 181.83333333333334, 180.54166666666666, 179.04166666666666, 183.33333333333334, 178.875, 180.79166666666666], [204.8, 193.125, 189.16666666666666, 188.45833333333334, 186.91666666666666, 189.04166666666666, 188.25, 188.04166666666666, 183.33333333333334, 182.58333333333334, 182.79166666666666, 183.04166666666666, 178.70833333333334, 181.75, 182.58333333333334, 181.16666666666666, 178.375, 185.83333333333334, 183.83333333333334, 183.08333333333334, 178.5, 182.5, 180.29166666666666, 182.0], [207.0, 194.75, 185.95833333333334, 183.29166666666666, 186.0, 184.45833333333334, 182.16666666666666, 185.66666666666666, 180.125, 177.625, 183.16666666666666, 176.79166666666666, 179.41666666666666, 180.79166666666666, 182.16666666666666, 184.625, 180.08333333333334, 181.66666666666666]], "min_fits": [[178.0, 175.0, 175.0, 175.0, 173.0, 172.0, 173.0, 173.0, 172.0, 172.0, 172.0, 172.0, 172.0, 172.0, 172.0, 172.0, 172.0, 172.0, 172.0], [180.0, 178.0, 179.0, 178.0, 172.0, 172.0, 172.0, 172.0, 172.0, 172.0, 172.0, 173.0, 172.0, 172.0, 172.0, 172.0, 172.0, 172.0, 172.0, 172.0, 172.0, 172.0, 172.0], [189.0, 183.0, 178.0, 177.0, 173.0, 173.0, 172.0, 172.0, 172.0, 172.0, 172.0, 172.0, 172.0, 172.0, 172.0, 172.0, 172.0], [177.0, 172.0, 172.0, 177.0, 177.0, 173.0, 172.0, 172.0, 173.0, 172.0, 172.0, 172.0, 172.0, 172.0, 172.0, 172.0, 172.0, 172.0, 173.0, 173.0, 173.0, 173.0, 172.0, 172.0, 172.0, 172.0, 172.0, 172.0, 172.0, 173.0, 173.0, 173.0, 172.0, 172.0, 172.0, 172.0, 172.0, 173.0, 173.0, 173.0, 172.0, 172.0, 172.0, 172.0, 172.0, 172.0, 172.0, 172.0, 172.0, 172.0, 172.0], [173.0, 174.0, 173.0, 178.0, 174.0, 173.0, 175.0, 173.0, 172.0, 172.0, 172.0, 172.0, 173.0, 172.0, 172.0, 173.0, 173.0, 173.0, 172.0, 172.0, 172.0, 172.0, 173.0, 173.0, 174.0, 173.0, 173.0, 173.0, 172.0, 172.0, 172.0, 172.0, 172.0, 173.0, 172.0, 172.0, 173.0, 172.0, 173.0, 172.0, 173.0, 172.0, 172.0, 172.0, 172.0, 172.0, 172.0, 172.0, 172.0, 172.0, 172.0, 172.0], [178.0, 178.0, 173.0, 172.0, 173.0, 172.0, 173.0, 172.0, 173.0, 172.0, 172.0, 172.0, 172.0, 172.0, 172.0, 172.0, 172.0, 172.0, 172.0, 172.0], [180.0, 180.0, 175.0, 172.0, 173.0, 173.0, 173.0, 173.0, 172.0, 172.0, 172.0, 172.0, 173.0, 172.0, 172.0, 172.0, 172.0, 172.0, 172.0, 172.0, 172.0, 172.0, 172.0, 172.0], [187.0, 179.0, 174.0, 175.0, 175.0, 173.0, 172.0, 173.0, 173.0, 173.0, 173.0, 173.0, 172.0, 173.0, 173.0, 173.0, 172.0, 172.0, 172.0, 172.0, 172.0, 172.0, 172.0, 172.0, 172.0, 172.0, 172.0], [180.0, 178.0, 178.0, 173.0, 175.0, 175.0, 173.0, 173.0, 173.0, 172.0, 172.0, 173.0, 173.0, 172.0, 172.0, 172.0, 172.0, 172.0, 172.0, 172.0, 172.0, 172.0, 172.0, 172.0], [177.0, 177.0, 174.0, 174.0, 174.0, 173.0, 173.0, 172.0, 172.0, 172.0, 172.0, 172.0, 172.0, 172.0, 172.0, 172.0, 172.0, 172.0]],