{"solver": ["elitist", "elitist", "elitist", "elitist", "elitist", "elitist", "elitist", "elitist", "elitist", "elitist"], "times": [3.310202121734619, 4.4770684242248535, 3.529230833053589, 2.9789412021636963, 3.0919768810272217, 3.313215732574463, 3.1520750522613525, 2.961588144302368, 3.386514902114868, 3.482178211212158], "bests": [154.0, 154.0, 154.0, 154.0, 154.0, 154.0, 154.0, 154.0, 154.0, 159.0], "avg_fits": [[198.52, 186.54166666666666, 179.79166666666666, 172.75, 171.04166666666666, 170.375, 170.375, 167.25, 165.66666666666666, 170.79166666666666, 167.58333333333334, 161.08333333333334, 160.625, 164.41666666666666, 165.75], [198.92, 190.875, 184.625, 178.70833333333334, 176.125, 169.45833333333334, 172.5, 169.29166666666666, 168.83333333333334, 166.625, 164.54166666666666, 165.16666666666666, 167.45833333333334, 166.54166666666666, 168.16666666666666, 165.75, 168.08333333333334, 161.875, 162.125, 164.95833333333334, 166.75], [194.76, 183.54166666666666, 177.41666666666666, 173.91666666666666, 170.70833333333334, 171.83333333333334, 167.0, 163.29166666666666, 161.79166666666666, 164.375, 167.375, 164.375, 163.25, 162.95833333333334, 163.08333333333334], [199.48, 188.58333333333334, 176.45833333333334, 169.54166666666666, 171.16666666666666, 171.70833333333334, 165.58333333333334, 162.29166666666666, 165.29166666666666, 169.45833333333334, 166.04166666666666, 167.0, 169.04166666666666, 165.79166666666666], [200.0, 190.70833333333334, 179.54166666666666, 171.83333333333334, 169.79166666666666, 164.66666666666666, 164.08333333333334, 163.875, 165.20833333333334, 165.125, 166.70833333333334, 166.75, 165.79166666666666, 163.83333333333334], [199.84, 192.375, 185.625, 174.375, 171.875, 171.5, 171.04166666666666, 170.95833333333334, 164.875, 162.0, 162.54166666666666, 168.0, 164.5, 161.33333333333334, 164.375], [198.72, 187.0, 179.79166666666666, 172.54166666666666, 170.375, 167.0, 168.25, 165.83333333333334, 163.95833333333334, 164.54166666666666, 164.75, 160.58333333333334, 163.83333333333334, 166.54166666666666], [195.12, 183.66666666666666, 175.0, 168.54166666666666, 169.16666666666666, 170.95833333333334, 168.0, 162.75, 166.66666666666666, 164.83333333333334, 166.25, 161.75, 165.83333333333334], [192.04, 177.0, 172.20833333333334, 171.16666666666666, 168.16666666666666, 167.0, 168.79166666666666, 162.5, 164.04166666666666, 163.83333333333334, 166.625, 160.20833333333334, 162.41666666666666, 165.45833333333334, 163.95833333333334], [198.24, 188.33333333333334, 179.54166666666666, 175.25, 173.375, 171.79166666666666, 173.29166666666666, 168.91666666666666, 172.125, 169.0, 165.58333333333334, 166.08333333333334, 168.04166666666666, 170.5, 169.04166666666666]], "min_fits": [[163.0, 163.0, 163.0, 159.0, 154.0, 154.0, 154.0, 154.0, 154.0, 154.0, 154.0, 154.0, 154.0, 154.0, 154.0], [179.0, 169.0, 169.0, 160.0, 160.0, 160.0, 159.0, 159.0, 159.0, 159.0, 154.0, 154.0, 154.0, 154.0, 154.0, 154.0, 154.0, 154.0, 154.0, 154.0, 154.0], [170.0, 164.0, 159.0, 155.0, 154.0, 154.0, 154.0, 154.0, 154.0, 154.0, 154.0, 154.0, 154.0, 154.0, 154.0], [169.0, 160.0, 155.0, 154.0, 154.0, 154.0, 154.0, 154.0, 154.0, 154.0, 154.0, 154.0, 154.0, 154.0], [169.0, 169.0, 160.0, 154.0, 154.0, 154.0, 154.0, 154.0, 154.0, 154.0, 154.0, 154.0, 154.0, 154.0], [169.0, 160.0, 160.0, 160.0, 154.0, 154.0, 154.0, 154.0, 154.0, 154.0, 154.0, 154.0, 154.0, 154.0, 154.0], [175.0, 169.0, 160.0, 154.0, 154.0, 154.0, 154.0, 154.0, 154.0, 154.0, 154.0, 154.0, 154.0, 154.0], [174.0, 154.0, 154.0, 154.0, 154.0, 154.0, 154.0, 154.0, 154.0, 154.0, 154.0, 154.0, 154.0], [160.0, 160.0, 155.0, 155.0, 154.0, 154.0, 154.0, 154.0, 154.0, 154.0, 154.0, 154.0, 154.0, 154.0, 154.0], [174.0, 160.0, 160.0, 160.0, 159.0, 159.0, 159.0, 159.0, 159.0, 159.0, 159.0, 159.0, 159.0, 159.0, 159.0]], "max_fits": [[230.0, 210.0, 209.0, 199.0, 200.0, 210.0, 204.0, 195.0, 189.0, 209.0, 199.0, 184.0, 189.0, 190.0, 200.0], [220.0, 213.0, 210.0, 204.0, 214.0, 195.0, 194.0, 202.0, 184.0, 199.0, 194.0, 189.0, 195.0, 200.0, 198.0, 205.0, 195.0, 182.0, 195.0, 194.0, 209.0], [219.0, 204.0, 209.0, 193.0, 205.0, 199.0, 190.0, 185.0, 184.0, 194.0, 190.0, 195.0, 188.0, 205.0, 185.0], [229.0, 222.0, 200.0, 190.0, 193.0, 190.0, 199.0, 188.0, 194.0, 205.0, 198.0, 204.0, 203.0, 194.0], [219.0, 219.0, 200.0, 213.0, 193.0, 189.0, 185.0, 187.0, 194.0, 189.0, 194.0, 208.0, 180.0, 184.0], [220.0, 224.0, 225.0, 200.0, 205.0, 205.0, 190.0, 195.0, 189.0, 195.0, 177.0, 199.0, 195.0, 189.0, 204.0], [224.0, 205.0, 215.0, 200.0, 200.0, 205.0, 224.0, 197.0, 192.0, 189.0, 200.0, 184.0, 182.0, 190.0], [219.0, 213.0, 205.0, 195.0, 195.0, 195.0, 199.0, 195.0, 194.0, 194.0, 195.0, 175.0, 200.0], [220.0, 205.0, 203.0, 220.0, 200.0, 204.0, 199.0, 195.0, 184.0, 184.0, 209.0, 184.0, 183.0, 204.0, 209.0], [223.0, 228.0, 199.0, 194.0, 198.0, 194.0, 210.0, 183.0, 198.0, 195.0, 184.0, 195.0, 189.0, 199.0, 190.0]], "items_0": [[164.0, 159.0, 155.0, 155.0, 155.0, 155.0, 154.0, 154.0, 154.0, 154.0]], "items_1": [[159.0, 155.0, 155.0, 155.0, 154.0, 154.0, 154.0, 154.0, 154.0, 154.0]], "items_2": [[154.0, 154.0, 154.0, 154.0, 154.0, 154.0, 154.0, 154.0, 154.0, 154.0]], "items_3": [[159.0, 159.0, 155.0, 155.0, 154.0, 154.0, 154.0, 154.0, 154.0, 154.0]], "items_4": [[164.0, 164.0, 163.0, 160.0, 159.0, 155.0, 154.0, 154.0, 154.0, 154.0]], "items_5": [[155.0, 155.0, 155.0, 154.0, 154.0, 154.0, 154.0, 154.0, 154.0, 154.0]], "items_6": [[159.0, 159.0, 159.0, 155.0, 155.0, 154.0, 154.0, 154.0, 154.0, 154.0]], "items_7": [[165.0, 164.0, 159.0, 159.0, 155.0, 155.0, 154.0, 154.0, 154.0, 154.0]], "items_8": [[159.0, 155.0, 155.0, 154.0, 154.0, 154.0, 154.0, 154.0, 154.0, 154.0]], "items_9": [[168.0, 168.0, 165.0, 164.0, 164.0, 160.0, 159.0, 159.0, 159.0, 159.0]]}