{"solver": ["elitist", "elitist", "elitist", "elitist", "elitist", "elitist", "elitist", "elitist", "elitist", "elitist"], "size": [4147200, 4147200, 4147200, 4147200, 4147200, 4147200, 4147200, 4147200, 4147200, 4147200], "times": [3.353106737136841, 3.5293660163879395, 4.29228401184082, 3.5820889472961426, 3.877671480178833, 3.1097004413604736, 3.741820812225342, 3.4671576023101807, 4.026712656021118, 4.225276231765747], "bests": [172.0, 172.0, 172.0, 172.0, 172.0, 172.0, 172.0, 172.0, 172.0, 172.0], "avg_fits": [[204.92, 193.625, 188.29166666666666, 184.875, 179.29166666666666, 178.04166666666666, 177.83333333333334, 182.29166666666666, 182.125, 179.79166666666666, 183.125, 183.0, 184.70833333333334, 179.5], [205.72, 193.33333333333334, 184.75, 185.25, 179.16666666666666, 179.625, 181.16666666666666, 178.83333333333334, 176.79166666666666, 177.29166666666666, 180.54166666666666, 181.45833333333334, 184.29166666666666, 180.45833333333334, 184.375, 180.95833333333334], [209.56, 198.45833333333334, 191.875, 186.45833333333334, 182.66666666666666, 181.625, 180.875, 185.16666666666666, 184.79166666666666, 180.95833333333334, 183.0, 183.04166666666666, 180.29166666666666, 178.04166666666666, 180.70833333333334, 178.08333333333334, 176.79166666666666], [207.64, 196.25, 187.66666666666666, 184.625, 180.70833333333334, 184.08333333333334, 180.58333333333334, 181.41666666666666, 183.375, 181.08333333333334, 179.79166666666666, 180.16666666666666, 177.58333333333334, 179.83333333333334, 183.375, 185.54166666666666], [205.68, 192.29166666666666, 185.79166666666666, 184.20833333333334, 183.41666666666666, 181.29166666666666, 184.625, 181.25, 176.54166666666666, 184.20833333333334, 183.08333333333334, 183.125, 177.91666666666666, 183.66666666666666, 177.20833333333334, 181.45833333333334], [206.08, 190.79166666666666, 182.0, 182.75, 183.125, 183.16666666666666, 181.83333333333334, 183.75, 181.79166666666666, 184.5, 184.25, 180.54166666666666, 179.5], [210.68, 200.0, 190.875, 182.875, 181.66666666666666, 183.16666666666666, 183.70833333333334, 180.0, 179.91666666666666, 180.0, 185.58333333333334, 181.25, 181.5, 181.20833333333334, 179.58333333333334, 185.33333333333334], [205.48, 193.70833333333334, 186.41666666666666, 180.20833333333334, 185.0, 183.125, 180.29166666666666, 179.66666666666666, 179.66666666666666, 179.91666666666666, 181.58333333333334, 177.125, 181.91666666666666, 182.41666666666666, 180.29166666666666], [209.36, 196.41666666666666, 189.70833333333334, 186.54166666666666, 181.875, 181.45833333333334, 182.08333333333334, 180.625, 178.25, 179.75, 179.16666666666666, 184.04166666666666, 179.45833333333334, 179.875, 178.58333333333334, 176.66666666666666, 183.45833333333334], [210.04, 200.875, 189.625, 186.66666666666666, 184.83333333333334, 188.16666666666666, 185.45833333333334, 187.75, 189.25, 186.29166666666666, 183.25, 181.625, 181.45833333333334, 179.41666666666666, 179.20833333333334, 177.0, 181.125, 179.25, 181.20833333333334]], "min_fits": [[180.0, 173.0, 173.0, 172.0, 172.0, 172.0, 172.0, 172.0, 172.0, 172.0, 172.0, 172.0, 172.0, 172.0], [178.0, 173.0, 173.0, 173.0, 173.0, 172.0, 172.0, 172.0, 172.0, 172.0, 172.0, 172.0, 172.0, 172.0, 172.0, 172.0], [180.0, 180.0, 178.0, 178.0, 174.0, 173.0, 172.0, 172.0, 172.0, 172.0, 172.0, 172.0, 172.0, 172.0, 172.0, 172.0, 172.0], [178.0, 173.0, 173.0, 173.0, 173.0, 172.0, 172.0, 172.0, 172.0, 172.0, 172.0, 172.0, 172.0, 172.0, 172.0, 172.0], [179.0, 179.0, 174.0, 174.0, 174.0, 172.0, 172.0, 172.0, 172.0, 172.0, 172.0, 172.0, 172.0, 172.0, 172.0, 172.0], [182.0, 173.0, 172.0, 172.0, 172.0, 172.0, 172.0, 172.0, 172.0, 172.0, 172.0, 172.0, 172.0], [175.0, 175.0, 175.0, 173.0, 173.0, 172.0, 172.0, 172.0, 172.0, 172.0, 172.0, 172.0, 172.0, 172.0, 172.0, 172.0], [175.0, 174.0, 174.0, 173.0, 172.0, 172.0, 172.0, 172.0, 172.0, 172.0, 172.0, 172.0, 172.0, 172.0, 172.0], [184.0, 179.0, 177.0, 174.0, 173.0, 173.0, 172.0, 172.0, 172.0, 172.0, 172.0, 172.0, 172.0, 172.0, 172.0, 172.0, 172.0], [183.0, 178.0, 178.0, 178.0, 173.0, 173.0, 173.0, 173.0, 172.0, 172.0, 172.0, 172.0, 172.0, 172.0, 172.0, 172.0, 172.0, 172.0, 172.0]], "max_fits": [[229.0, 218.0, 213.0, 208.0, 203.0, 218.0, 203.0, 203.0, 208.0, 212.0, 208.0, 214.0, 218.0, 198.0], [229.0, 218.0, 213.0, 213.0, 208.0, 208.0, 218.0, 213.0, 204.0, 207.0, 209.0, 212.0, 220.0, 202.0, 218.0, 217.0], [225.0, 224.0, 225.0, 224.0, 209.0, 208.0, 203.0, 212.0, 207.0, 207.0, 208.0, 209.0, 208.0, 204.0, 208.0, 194.0, 199.0], [233.0, 228.0, 218.0, 213.0, 198.0, 208.0, 197.0, 218.0, 218.0, 208.0, 210.0, 207.0, 212.0, 212.0, 217.0, 219.0], [229.0, 230.0, 209.0, 227.0, 219.0, 214.0, 209.0, 205.0, 205.0, 212.0, 213.0, 213.0, 203.0, 218.0, 195.0, 208.0], [230.0, 229.0, 198.0, 208.0, 218.0, 213.0, 203.0, 205.0, 204.0, 203.0, 208.0, 209.0, 204.0], [235.0, 224.0, 210.0, 207.0, 210.0, 208.0, 222.0, 205.0, 203.0, 204.0, 218.0, 218.0, 207.0, 197.0, 204.0, 223.0], [230.0, 219.0, 214.0, 205.0, 220.0, 219.0, 204.0, 197.0, 203.0, 212.0, 218.0, 208.0, 213.0, 214.0, 212.0], [229.0, 229.0, 213.0, 215.0, 204.0, 208.0, 200.0, 209.0, 202.0, 203.0, 224.0, 208.0, 203.0, 219.0, 202.0, 192.0, 208.0], [229.0, 233.0, 218.0, 208.0, 208.0, 215.0, 224.0, 224.0, 213.0, 223.0, 209.0, 208.0, 224.0, 207.0, 203.0, 197.0, 217.0, 202.0, 210.0]], "items_0": [[174.0, 174.0, 174.0, 173.0, 173.0, 172.0, 172.0, 172.0, 172.0, 172.0]], "best_final": [172.0, 172.0, 172.0, 172.0, 172.0, 172.0, 172.0, 172.0, 172.0, 172.0], "items_1": [[173.0, 173.0, 172.0, 172.0, 172.0, 172.0, 172.0, 172.0, 172.0, 172.0]], "items_2": [[173.0, 173.0, 172.0, 172.0, 172.0, 172.0, 172.0, 172.0, 172.0, 172.0]], "items_3": [[173.0, 173.0, 173.0, 173.0, 172.0, 172.0, 172.0, 172.0, 172.0, 172.0]], "items_4": [[174.0, 173.0, 172.0, 172.0, 172.0, 172.0, 172.0, 172.0, 172.0, 172.0]], "items_5": [[172.0, 172.0, 172.0, 172.0, 172.0, 172.0, 172.0, 172.0, 172.0, 172.0]], "items_6": [[177.0, 174.0, 173.0, 173.0, 173.0, 172.0, 172.0, 172.0, 172.0, 172.0]], "items_7": [[172.0, 172.0, 172.0, 172.0, 172.0, 172.0, 172.0, 172.0, 172.0, 172.0]], "items_8": [[174.0, 173.0, 173.0, 172.0, 172.0, 172.0, 172.0, 172.0, 172.0, 172.0]], "items_9": [[173.0, 172.0, 172.0, 172.0, 172.0, 172.0, 172.0, 172.0, 172.0, 172.0]]}