{"solver": ["plain", "plain", "plain", "plain", "plain", "plain", "plain", "plain", "plain", "plain"], "size": [4147200, 4147200, 4147200, 4147200, 4147200, 4147200, 4147200, 4147200, 4147200, 4147200], "times": [53.61461091041565, 46.25860643386841, 45.62994718551636, 42.876163482666016, 55.91992402076721, 65.24137353897095, 95.9786126613617, 57.40003275871277, 43.92935919761658, 45.06655192375183], "bests": [172.0, 172.0, 172.0, 172.0, 172.0, 172.0, 172.0, 172.0, 172.0, 172.0], "avg_fits": [[209.64, 199.33333333333334, 188.95833333333334, 185.375, 183.25, 185.70833333333334, 186.29166666666666, 184.70833333333334, 184.08333333333334, 185.20833333333334, 183.625, 187.54166666666666, 183.375, 181.66666666666666, 181.95833333333334, 184.04166666666666, 183.5, 180.75, 178.79166666666666, 177.20833333333334, 181.20833333333334], [209.68, 203.41666666666666, 196.29166666666666, 192.95833333333334, 190.25, 186.04166666666666, 183.16666666666666, 182.25, 182.29166666666666, 183.29166666666666, 180.25, 184.25, 180.0, 179.66666666666666, 179.625, 178.58333333333334, 180.70833333333334, 183.91666666666666], [212.16, 204.70833333333334, 198.16666666666666, 195.08333333333334, 189.91666666666666, 185.41666666666666, 184.08333333333334, 182.54166666666666, 183.625, 178.70833333333334, 179.45833333333334, 180.33333333333334, 178.625, 180.5, 180.91666666666666, 175.79166666666666, 184.41666666666666, 182.625], [213.2, 204.25, 201.29166666666666, 191.0, 187.375, 183.20833333333334, 180.70833333333334, 179.625, 180.375, 179.5, 181.08333333333334, 180.0, 178.25, 185.45833333333334, 183.70833333333334, 182.625, 182.75], [208.52, 199.83333333333334, 195.20833333333334, 192.29166666666666, 192.66666666666666, 188.08333333333334, 184.25, 189.75, 182.0, 181.58333333333334, 181.91666666666666, 186.29166666666666, 184.16666666666666, 182.79166666666666, 181.29166666666666, 183.20833333333334, 180.41666666666666, 177.25, 176.25, 177.16666666666666, 182.45833333333334], [210.16, 202.875, 201.5, 196.91666666666666, 199.33333333333334, 192.41666666666666, 188.375, 183.91666666666666, 183.79166666666666, 181.5, 181.79166666666666, 181.20833333333334, 178.83333333333334, 181.45833333333334, 178.20833333333334, 179.79166666666666, 179.625, 180.95833333333334, 178.875, 183.66666666666666, 178.70833333333334, 181.625, 177.91666666666666, 182.875, 177.91666666666666], [213.0, 205.125, 201.41666666666666, 192.25, 190.41666666666666, 188.375, 187.5, 183.5, 183.79166666666666, 182.54166666666666, 185.29166666666666, 182.04166666666666, 183.625, 183.0, 179.41666666666666, 181.70833333333334, 181.04166666666666, 183.375, 181.5, 179.16666666666666, 182.95833333333334, 180.91666666666666, 181.08333333333334, 179.75, 185.625, 177.95833333333334, 180.41666666666666, 179.66666666666666, 181.66666666666666, 179.79166666666666, 179.45833333333334, 182.875, 183.54166666666666, 179.125, 181.91666666666666, 180.0, 184.375, 177.95833333333334, 181.0], [210.6, 201.20833333333334, 198.16666666666666, 188.25, 186.54166666666666, 183.33333333333334, 183.04166666666666, 182.54166666666666, 185.20833333333334, 184.75, 186.04166666666666, 184.79166666666666, 182.45833333333334, 181.29166666666666, 181.75, 180.70833333333334, 179.95833333333334, 182.41666666666666, 183.375, 182.0, 180.66666666666666, 177.20833333333334], [206.76, 197.0, 191.20833333333334, 190.0, 187.04166666666666, 181.0, 179.66666666666666, 179.83333333333334, 178.625, 181.33333333333334, 180.125, 183.125, 180.54166666666666, 178.20833333333334, 178.58333333333334, 185.16666666666666, 178.83333333333334], [204.8, 199.20833333333334, 199.45833333333334, 195.25, 194.83333333333334, 184.33333333333334, 186.25, 177.83333333333334, 186.125, 182.375, 186.66666666666666, 178.16666666666666, 181.33333333333334, 182.875, 180.70833333333334, 188.16666666666666, 184.5, 182.125]], "min_fits": [[179.0, 174.0, 174.0, 173.0, 173.0, 173.0, 172.0, 172.0, 172.0, 173.0, 172.0, 172.0, 172.0, 172.0, 172.0, 172.0, 172.0, 172.0, 172.0, 172.0, 172.0], [183.0, 183.0, 173.0, 174.0, 173.0, 172.0, 173.0, 172.0, 172.0, 172.0, 172.0, 172.0, 172.0, 172.0, 172.0, 172.0, 172.0, 172.0], [189.0, 174.0, 183.0, 178.0, 173.0, 173.0, 173.0, 172.0, 172.0, 172.0, 172.0, 172.0, 172.0, 172.0, 172.0, 172.0, 172.0, 172.0], [193.0, 177.0, 177.0, 174.0, 173.0, 173.0, 172.0, 172.0, 172.0, 172.0, 172.0, 172.0, 172.0, 172.0, 172.0, 172.0, 172.0], [180.0, 183.0, 178.0, 177.0, 177.0, 177.0, 177.0, 177.0, 173.0, 173.0, 172.0, 172.0, 172.0, 172.0, 172.0, 172.0, 172.0, 172.0, 172.0, 172.0, 172.0], [177.0, 187.0, 188.0, 188.0, 188.0, 178.0, 177.0, 173.0, 173.0, 173.0, 172.0, 173.0, 173.0, 173.0, 172.0, 172.0, 172.0, 172.0, 172.0, 172.0, 172.0, 172.0, 172.0, 172.0, 172.0], [198.0, 188.0, 174.0, 174.0, 174.0, 174.0, 173.0, 173.0, 173.0, 172.0, 173.0, 173.0, 173.0, 173.0, 173.0, 172.0, 172.0, 173.0, 173.0, 173.0, 173.0, 172.0, 173.0, 172.0, 173.0, 172.0, 172.0, 173.0, 172.0, 172.0, 172.0, 172.0, 172.0, 172.0, 172.0, 172.0, 172.0, 172.0, 172.0], [184.0, 185.0, 178.0, 177.0, 177.0, 177.0, 177.0, 177.0, 177.0, 177.0, 177.0, 172.0, 172.0, 172.0, 172.0, 172.0, 172.0, 172.0, 172.0, 172.0, 172.0, 172.0], [179.0, 178.0, 178.0, 173.0, 173.0, 173.0, 172.0, 172.0, 172.0, 172.0, 172.0, 172.0, 172.0, 172.0, 172.0, 172.0, 172.0], [178.0, 179.0, 183.0, 174.0, 173.0, 173.0, 173.0, 172.0, 172.0, 172.0, 172.0, 172.0, 172.0, 172.0, 172.0, 172.0, 172.0, 172.0]], "max_fits": [[235.0, 230.0, 217.0, 219.0, 213.0, 209.0, 209.0, 220.0, 215.0, 218.0, 204.0, 219.0, 207.0, 209.0, 208.0, 213.0, 223.0, 203.0, 207.0, 204.0, 222.0], [235.0, 229.0, 217.0, 224.0, 215.0, 223.0, 209.0, 209.0, 214.0, 213.0, 204.0, 218.0, 197.0, 213.0, 217.0, 202.0, 207.0, 227.0], [235.0, 219.0, 219.0, 217.0, 214.0, 214.0, 199.0, 213.0, 215.0, 214.0, 203.0, 218.0, 208.0, 208.0, 207.0, 203.0, 213.0, 220.0], [230.0, 228.0, 223.0, 214.0, 213.0, 208.0, 199.0, 203.0, 198.0, 193.0, 202.0, 208.0, 217.0, 208.0, 203.0, 214.0, 217.0], [233.0, 228.0, 214.0, 213.0, 208.0, 207.0, 209.0, 223.0, 208.0, 203.0, 212.0, 212.0, 208.0, 220.0, 218.0, 209.0, 203.0, 204.0, 195.0, 198.0, 208.0], [233.0, 218.0, 222.0, 215.0, 227.0, 214.0, 213.0, 209.0, 214.0, 198.0, 205.0, 208.0, 193.0, 210.0, 198.0, 217.0, 197.0, 217.0, 208.0, 207.0, 198.0, 212.0, 207.0, 222.0, 193.0], [229.0, 224.0, 229.0, 210.0, 208.0, 218.0, 224.0, 205.0, 208.0, 204.0, 223.0, 209.0, 223.0, 213.0, 198.0, 213.0, 202.0, 218.0, 198.0, 210.0, 215.0, 213.0, 203.0, 208.0, 205.0, 208.0, 213.0, 208.0, 205.0, 208.0, 213.0, 208.0, 224.0, 199.0, 210.0, 209.0, 217.0, 193.0, 203.0], [229.0, 220.0, 229.0, 210.0, 234.0, 227.0, 202.0, 212.0, 207.0, 212.0, 212.0, 213.0, 222.0, 202.0, 207.0, 217.0, 203.0, 207.0, 207.0, 218.0, 219.0, 208.0], [230.0, 218.0, 209.0, 213.0, 213.0, 202.0, 199.0, 202.0, 194.0, 217.0, 203.0, 207.0, 203.0, 202.0, 197.0, 217.0, 207.0], [230.0, 225.0, 223.0, 220.0, 220.0, 204.0, 219.0, 200.0, 219.0, 220.0, 228.0, 208.0, 208.0, 212.0, 198.0, 217.0, 215.0, 213.0]], "items_0": [[173.0, 172.0, 172.0, 172.0, 172.0, 172.0, 172.0, 172.0, 172.0, 172.0]], "best_final": [172.0, 172.0, 172.0, 172.0, 172.0, 172.0, 172.0, 172.0, 172.0, 172.0], "items_1": [[172.0, 172.0, 172.0, 172.0, 172.0, 172.0, 172.0, 172.0, 172.0, 172.0]], "items_2": [[173.0, 173.0, 173.0, 172.0, 172.0, 172.0, 172.0, 172.0, 172.0, 172.0]], "items_3": [[173.0, 173.0, 172.0, 172.0, 172.0, 172.0, 172.0, 172.0, 172.0, 172.0]], "items_4": [[175.0, 175.0, 174.0, 173.0, 173.0, 172.0, 172.0, 172.0, 172.0, 172.0]], "items_5": [[172.0, 172.0, 172.0, 172.0, 172.0, 172.0, 172.0, 172.0, 172.0, 172.0]], "items_6": [[173.0, 173.0, 173.0, 173.0, 173.0, 173.0, 172.0, 172.0, 172.0, 172.0]], "items_7": [[173.0, 172.0, 172.0, 172.0, 172.0, 172.0, 172.0, 172.0, 172.0, 172.0]], "items_8": [[173.0, 173.0, 173.0, 172.0, 172.0, 172.0, 172.0, 172.0, 172.0, 172.0]], "items_9": [[183.0, 177.0, 175.0, 175.0, 175.0, 174.0, 174.0, 173.0, 173.0, 172.0]]}