{"solver": ["elitist", "elitist", "elitist", "elitist", "elitist", "elitist", "elitist", "elitist", "elitist", "elitist"], "size": [4147200, 4147200, 4147200, 4147200, 4147200, 4147200, 4147200, 4147200, 4147200, 4147200], "times": [3.63352632522583, 3.379692554473877, 3.5078723430633545, 4.011981248855591, 3.7473785877227783, 3.6121468544006348, 4.3272545337677, 3.551279306411743, 4.138178110122681, 4.337430953979492], "bests": [172.0, 172.0, 172.0, 172.0, 172.0, 172.0, 172.0, 172.0, 172.0, 172.0], "avg_fits": [[205.72, 195.25, 181.0, 179.75, 178.58333333333334, 176.625, 181.125, 179.125, 182.70833333333334, 181.16666666666666, 183.66666666666666, 179.5, 180.25], [208.04, 201.04166666666666, 196.5, 187.70833333333334, 181.41666666666666, 179.66666666666666, 180.08333333333334, 179.875, 180.33333333333334, 182.0, 182.75, 178.08333333333334, 182.0], [207.84, 197.58333333333334, 191.66666666666666, 182.54166666666666, 185.75, 180.45833333333334, 180.08333333333334, 181.75, 179.58333333333334, 184.875, 182.41666666666666, 180.95833333333334, 180.16666666666666], [208.88, 202.41666666666666, 198.875, 188.04166666666666, 185.625, 184.54166666666666, 182.04166666666666, 177.5, 180.54166666666666, 181.25, 178.33333333333334, 178.95833333333334, 175.20833333333334, 178.54166666666666, 180.33333333333334, 177.625], [208.2, 198.41666666666666, 187.375, 188.625, 179.04166666666666, 180.66666666666666, 176.45833333333334, 182.20833333333334, 179.0, 180.16666666666666, 178.20833333333334, 178.625, 180.375], [206.28, 192.66666666666666, 187.25, 183.91666666666666, 184.25, 183.29166666666666, 179.33333333333334, 177.875, 181.20833333333334, 183.25, 178.16666666666666, 179.25, 182.41666666666666, 178.70833333333334], [211.28, 200.83333333333334, 189.5, 182.79166666666666, 184.625, 183.0, 183.20833333333334, 179.5, 179.75, 181.5, 178.95833333333334, 179.41666666666666, 179.125, 179.83333333333334, 181.16666666666666], [207.92, 193.25, 184.41666666666666, 179.625, 180.5, 182.5, 184.83333333333334, 182.0, 184.0, 181.625, 185.75, 180.70833333333334, 178.58333333333334, 178.66666666666666], [204.4, 194.83333333333334, 188.16666666666666, 183.54166666666666, 179.83333333333334, 181.08333333333334, 178.875, 183.75, 181.41666666666666, 182.125, 182.79166666666666, 179.45833333333334, 181.83333333333334, 180.91666666666666, 179.08333333333334], [207.0, 198.70833333333334, 195.41666666666666, 190.95833333333334, 181.95833333333334, 180.95833333333334, 181.83333333333334, 182.125, 180.41666666666666, 181.125, 179.33333333333334, 178.66666666666666, 180.79166666666666, 180.70833333333334, 179.33333333333334]], "min_fits": [[172.0, 172.0, 172.0, 172.0, 172.0, 172.0, 172.0, 172.0, 172.0, 172.0, 172.0, 172.0, 172.0], [189.0, 178.0, 172.0, 172.0, 172.0, 172.0, 172.0, 172.0, 172.0, 172.0, 172.0, 172.0, 172.0], [177.0, 177.0, 172.0, 172.0, 172.0, 172.0, 172.0, 172.0, 172.0, 172.0, 172.0, 172.0, 172.0], [183.0, 183.0, 178.0, 173.0, 173.0, 172.0, 172.0, 172.0, 172.0, 172.0, 172.0, 172.0, 172.0, 172.0, 172.0, 172.0], [177.0, 177.0, 172.0, 172.0, 172.0, 172.0, 172.0, 172.0, 172.0, 172.0, 172.0, 172.0, 172.0], [174.0, 173.0, 173.0, 172.0, 172.0, 172.0, 172.0, 172.0, 172.0, 172.0, 172.0, 172.0, 172.0, 172.0], [184.0, 177.0, 177.0, 177.0, 172.0, 172.0, 172.0, 172.0, 172.0, 172.0, 172.0, 172.0, 172.0, 172.0, 172.0], [175.0, 174.0, 173.0, 172.0, 172.0, 172.0, 172.0, 172.0, 172.0, 172.0, 172.0, 172.0, 172.0, 172.0], [174.0, 173.0, 173.0, 173.0, 172.0, 172.0, 172.0, 172.0, 172.0, 172.0, 172.0, 172.0, 172.0, 172.0, 172.0], [173.0, 173.0, 173.0, 173.0, 172.0, 172.0, 172.0, 172.0, 172.0, 172.0, 172.0, 172.0, 172.0, 172.0, 172.0]], "max_fits": [[229.0, 229.0, 202.0, 203.0, 198.0, 194.0, 204.0, 192.0, 214.0, 203.0, 222.0, 199.0, 193.0], [225.0, 229.0, 222.0, 217.0, 208.0, 213.0, 227.0, 230.0, 219.0, 203.0, 212.0, 203.0, 202.0], [230.0, 223.0, 214.0, 207.0, 207.0, 199.0, 217.0, 207.0, 195.0, 213.0, 207.0, 218.0, 208.0], [224.0, 219.0, 230.0, 223.0, 208.0, 203.0, 208.0, 204.0, 207.0, 203.0, 215.0, 217.0, 192.0, 202.0, 212.0, 207.0], [235.0, 229.0, 213.0, 220.0, 203.0, 203.0, 203.0, 219.0, 204.0, 224.0, 202.0, 203.0, 218.0], [228.0, 224.0, 214.0, 208.0, 205.0, 213.0, 199.0, 204.0, 209.0, 214.0, 204.0, 212.0, 218.0, 222.0], [234.0, 229.0, 218.0, 213.0, 204.0, 207.0, 215.0, 208.0, 208.0, 217.0, 198.0, 207.0, 203.0, 208.0, 202.0], [233.0, 229.0, 220.0, 218.0, 218.0, 204.0, 220.0, 214.0, 212.0, 223.0, 218.0, 224.0, 203.0, 203.0], [229.0, 230.0, 214.0, 230.0, 213.0, 214.0, 200.0, 203.0, 218.0, 217.0, 213.0, 204.0, 209.0, 208.0, 207.0], [229.0, 215.0, 217.0, 220.0, 214.0, 203.0, 213.0, 219.0, 208.0, 204.0, 208.0, 203.0, 208.0, 210.0, 203.0]], "items_0": [[174.0, 173.0, 173.0, 173.0, 173.0, 173.0, 172.0, 172.0, 172.0, 172.0]], "best_final": [172.0, 172.0, 172.0, 172.0, 172.0, 172.0, 172.0, 172.0, 172.0, 172.0], "items_1": [[173.0, 173.0, 173.0, 173.0, 172.0, 172.0, 172.0, 172.0, 172.0, 172.0]], "items_2": [[182.0, 177.0, 174.0, 174.0, 173.0, 172.0, 172.0, 172.0, 172.0, 172.0]], "items_3": [[173.0, 173.0, 173.0, 173.0, 173.0, 172.0, 172.0, 172.0, 172.0, 172.0]], "items_4": [[172.0, 172.0, 172.0, 172.0, 172.0, 172.0, 172.0, 172.0, 172.0, 172.0]], "items_5": [[177.0, 174.0, 173.0, 173.0, 172.0, 172.0, 172.0, 172.0, 172.0, 172.0]], "items_6": [[174.0, 173.0, 173.0, 172.0, 172.0, 172.0, 172.0, 172.0, 172.0, 172.0]], "items_7": [[177.0, 175.0, 175.0, 173.0, 173.0, 173.0, 172.0, 172.0, 172.0, 172.0]], "items_8": [[175.0, 174.0, 173.0, 173.0, 173.0, 172.0, 172.0, 172.0, 172.0, 172.0]], "items_9": [[172.0, 172.0, 172.0, 172.0, 172.0, 172.0, 172.0, 172.0, 172.0, 172.0]]}