{"solver": ["plain", "plain", "plain", "plain", "plain", "plain", "plain", "plain", "plain", "plain"], "size": [4147200, 4147200, 4147200, 4147200, 4147200, 4147200, 4147200, 4147200, 4147200, 4147200], "times": [55.88043928146362, 51.83779549598694, 48.58200764656067, 39.18334126472473, 55.95700645446777, 50.75627541542053, 41.936686992645264, 44.11793613433838, 52.8179829120636, 50.33787727355957], "bests": [172.0, 172.0, 172.0, 172.0, 172.0, 172.0, 172.0, 172.0, 172.0, 172.0], "avg_fits": [[213.6, 209.58333333333334, 199.66666666666666, 191.70833333333334, 190.33333333333334, 187.79166666666666, 182.5, 181.70833333333334, 181.75, 184.91666666666666, 179.04166666666666, 183.04166666666666, 177.25, 184.45833333333334, 182.5, 178.625, 180.33333333333334, 180.125], [209.32, 197.125, 192.0, 186.375, 188.20833333333334, 185.29166666666666, 186.58333333333334, 186.45833333333334, 182.70833333333334, 182.16666666666666, 180.375, 178.41666666666666, 180.66666666666666, 179.5, 179.58333333333334, 181.04166666666666, 180.91666666666666, 179.54166666666666, 180.79166666666666, 179.66666666666666], [209.2, 201.08333333333334, 196.79166666666666, 193.95833333333334, 192.70833333333334, 189.625, 191.70833333333334, 184.0, 185.29166666666666, 185.125, 183.375, 184.83333333333334, 183.45833333333334, 183.25, 182.83333333333334, 180.54166666666666, 183.20833333333334, 176.75, 183.875], [207.16, 196.29166666666666, 187.08333333333334, 185.70833333333334, 184.95833333333334, 178.95833333333334, 184.08333333333334, 179.20833333333334, 178.75, 180.16666666666666, 180.04166666666666, 184.54166666666666, 178.25, 183.45833333333334], [209.84, 201.33333333333334, 194.08333333333334, 191.95833333333334, 185.91666666666666, 183.70833333333334, 183.41666666666666, 182.25, 181.0, 183.16666666666666, 178.20833333333334, 178.5, 179.70833333333334, 181.33333333333334, 178.0, 180.70833333333334, 179.33333333333334, 184.25], [207.36, 197.29166666666666, 187.625, 184.91666666666666, 185.25, 183.875, 186.08333333333334, 184.70833333333334, 180.20833333333334, 181.75, 178.54166666666666, 178.875, 181.91666666666666, 176.625, 178.58333333333334, 178.375, 177.58333333333334, 179.95833333333334, 179.375], [205.48, 199.41666666666666, 192.91666666666666, 186.75, 190.54166666666666, 178.79166666666666, 178.70833333333334, 178.45833333333334, 181.33333333333334, 182.08333333333334, 181.5, 183.625, 177.33333333333334, 179.83333333333334, 180.625, 180.875], [212.12, 205.33333333333334, 197.875, 191.54166666666666, 189.375, 185.91666666666666, 181.0, 179.41666666666666, 183.83333333333334, 182.66666666666666, 179.91666666666666, 183.83333333333334, 180.29166666666666, 182.04166666666666, 179.29166666666666, 180.70833333333334], [205.2, 197.125, 194.75, 189.70833333333334, 184.33333333333334, 181.125, 187.75, 184.75, 181.75, 179.375, 181.08333333333334, 180.125, 180.0, 180.58333333333334, 186.20833333333334, 178.0, 180.20833333333334, 178.625], [210.88, 199.75, 192.45833333333334, 189.04166666666666, 188.54166666666666, 187.33333333333334, 183.625, 186.29166666666666, 182.08333333333334, 182.91666666666666, 181.66666666666666, 181.875, 181.25, 180.04166666666666, 181.875, 179.70833333333334, 177.375, 180.375, 180.875]], "min_fits": [[178.0, 183.0, 179.0, 174.0, 174.0, 174.0, 173.0, 172.0, 172.0, 172.0, 172.0, 172.0, 172.0, 172.0, 172.0, 172.0, 172.0, 172.0], [173.0, 172.0, 172.0, 174.0, 174.0, 174.0, 174.0, 174.0, 173.0, 172.0, 172.0, 172.0, 172.0, 172.0, 172.0, 172.0, 172.0, 172.0, 172.0, 172.0], [189.0, 184.0, 182.0, 182.0, 182.0, 182.0, 177.0, 174.0, 172.0, 172.0, 172.0, 172.0, 172.0, 172.0, 172.0, 172.0, 172.0, 172.0, 172.0], [173.0, 175.0, 173.0, 172.0, 172.0, 172.0, 172.0, 172.0, 172.0, 172.0, 172.0, 172.0, 172.0, 172.0], [183.0, 183.0, 178.0, 173.0, 173.0, 172.0, 173.0, 172.0, 172.0, 172.0, 172.0, 172.0, 172.0, 172.0, 172.0, 172.0, 172.0, 172.0], [173.0, 178.0, 173.0, 174.0, 173.0, 173.0, 173.0, 173.0, 172.0, 172.0, 172.0, 172.0, 172.0, 172.0, 172.0, 172.0, 172.0, 172.0, 172.0], [183.0, 178.0, 178.0, 173.0, 173.0, 172.0, 172.0, 172.0, 172.0, 172.0, 172.0, 172.0, 172.0, 172.0, 172.0, 172.0], [179.0, 174.0, 174.0, 172.0, 173.0, 172.0, 172.0, 172.0, 172.0, 172.0, 172.0, 172.0, 172.0, 172.0, 172.0, 172.0], [173.0, 173.0, 173.0, 177.0, 177.0, 173.0, 173.0, 172.0, 172.0, 172.0, 172.0, 172.0, 172.0, 172.0, 172.0, 172.0, 172.0, 172.0], [182.0, 177.0, 172.0, 174.0, 173.0, 173.0, 172.0, 173.0, 172.0, 172.0, 172.0, 172.0, 172.0, 172.0, 172.0, 172.0, 172.0, 172.0, 172.0]], "max_fits": [[230.0, 230.0, 224.0, 228.0, 228.0, 205.0, 218.0, 208.0, 227.0, 207.0, 202.0, 217.0, 203.0, 208.0, 210.0, 207.0, 208.0, 202.0], [234.0, 230.0, 209.0, 208.0, 218.0, 204.0, 209.0, 212.0, 214.0, 213.0, 212.0, 193.0, 204.0, 217.0, 217.0, 222.0, 204.0, 203.0, 217.0, 197.0], [229.0, 227.0, 213.0, 223.0, 217.0, 208.0, 207.0, 199.0, 205.0, 212.0, 207.0, 227.0, 204.0, 210.0, 208.0, 207.0, 205.0, 198.0, 208.0], [234.0, 225.0, 213.0, 208.0, 219.0, 193.0, 208.0, 209.0, 203.0, 212.0, 204.0, 203.0, 197.0, 218.0], [235.0, 228.0, 225.0, 228.0, 209.0, 213.0, 214.0, 218.0, 198.0, 207.0, 203.0, 207.0, 203.0, 217.0, 204.0, 208.0, 205.0, 213.0], [235.0, 223.0, 224.0, 210.0, 215.0, 223.0, 208.0, 213.0, 203.0, 204.0, 208.0, 205.0, 207.0, 205.0, 228.0, 205.0, 192.0, 203.0, 204.0], [230.0, 228.0, 215.0, 203.0, 209.0, 199.0, 205.0, 204.0, 207.0, 208.0, 213.0, 234.0, 193.0, 202.0, 217.0, 230.0], [228.0, 230.0, 220.0, 215.0, 218.0, 220.0, 208.0, 193.0, 213.0, 209.0, 207.0, 207.0, 227.0, 212.0, 217.0, 218.0], [234.0, 219.0, 215.0, 213.0, 195.0, 208.0, 214.0, 223.0, 213.0, 203.0, 214.0, 194.0, 194.0, 197.0, 234.0, 194.0, 207.0, 212.0], [234.0, 219.0, 218.0, 229.0, 208.0, 218.0, 214.0, 210.0, 190.0, 209.0, 204.0, 208.0, 203.0, 214.0, 213.0, 202.0, 210.0, 202.0, 212.0]], "items_0": [[177.0, 173.0, 172.0, 172.0, 172.0, 172.0, 172.0, 172.0, 172.0, 172.0]], "best_final": [172.0, 172.0, 172.0, 172.0, 172.0, 172.0, 172.0, 172.0, 172.0, 172.0], "items_1": [[173.0, 173.0, 173.0, 173.0, 173.0, 173.0, 172.0, 172.0, 172.0, 172.0]], "items_2": [[173.0, 173.0, 173.0, 173.0, 172.0, 172.0, 172.0, 172.0, 172.0, 172.0]], "items_3": [[177.0, 174.0, 173.0, 172.0, 172.0, 172.0, 172.0, 172.0, 172.0, 172.0]], "items_4": [[173.0, 173.0, 173.0, 173.0, 172.0, 172.0, 172.0, 172.0, 172.0, 172.0]], "items_5": [[174.0, 174.0, 173.0, 173.0, 172.0, 172.0, 172.0, 172.0, 172.0, 172.0]], "items_6": [[174.0, 173.0, 173.0, 172.0, 172.0, 172.0, 172.0, 172.0, 172.0, 172.0]], "items_7": [[173.0, 173.0, 173.0, 173.0, 173.0, 173.0, 172.0, 172.0, 172.0, 172.0]], "items_8": [[172.0, 172.0, 172.0, 172.0, 172.0, 172.0, 172.0, 172.0, 172.0, 172.0]], "items_9": [[173.0, 172.0, 172.0, 172.0, 172.0, 172.0, 172.0, 172.0, 172.0, 172.0]]}