{"solver": ["plain", "plain", "plain", "plain", "plain", "plain", "plain", "plain", "plain", "plain"], "size": [4147200, 4147200, 4147200, 4147200, 4147200, 4147200, 4147200, 4147200, 4147200, 4147200], "times": [6.454289674758911, 10.240210056304932, 6.156666040420532, 3.7447283267974854, 4.273181438446045, 4.102931261062622, 3.320403575897217, 3.54321026802063, 6.704608917236328, 9.03233289718628], "bests": [172.0, 172.0, 172.0, 172.0, 172.0, 172.0, 172.0, 172.0, 172.0, 172.0], "avg_fits": [[205.72, 191.70833333333334, 184.70833333333334, 182.70833333333334, 185.54166666666666, 185.0, 185.375, 187.75, 184.70833333333334, 183.95833333333334, 180.70833333333334, 180.25, 183.08333333333334, 182.45833333333334, 184.0, 180.04166666666666, 178.375, 180.16666666666666, 183.66666666666666, 181.79166666666666, 182.29166666666666, 183.20833333333334, 187.29166666666666, 179.66666666666666, 185.16666666666666], [208.8, 198.66666666666666, 189.54166666666666, 184.54166666666666, 183.91666666666666, 182.875, 183.08333333333334, 184.625, 179.0, 183.79166666666666, 184.45833333333334, 181.20833333333334, 179.70833333333334, 183.58333333333334, 181.66666666666666, 188.91666666666666, 189.29166666666666, 186.25, 183.875, 177.375, 183.83333333333334, 182.29166666666666, 182.33333333333334, 185.29166666666666, 182.58333333333334, 180.54166666666666, 188.5, 184.75, 182.70833333333334, 179.91666666666666, 185.33333333333334, 183.58333333333334, 182.5, 178.29166666666666, 178.75, 177.25, 182.79166666666666, 179.79166666666666, 182.95833333333334, 181.5, 184.16666666666666, 184.125], [206.88, 199.04166666666666, 192.70833333333334, 192.83333333333334, 188.0, 190.75, 183.5, 185.16666666666666, 183.33333333333334, 180.91666666666666, 182.0, 182.0, 180.95833333333334, 183.75, 184.66666666666666, 184.125, 182.375, 178.33333333333334, 179.125, 178.58333333333334, 182.70833333333334, 182.29166666666666, 184.95833333333334, 180.125, 184.83333333333334, 182.16666666666666], [202.24, 195.45833333333334, 191.875, 192.41666666666666, 186.70833333333334, 186.0, 184.75, 184.41666666666666, 182.75, 177.625, 181.375, 182.375, 185.70833333333334, 181.0, 178.83333333333334, 178.66666666666666, 183.875], [204.6, 192.5, 186.58333333333334, 181.70833333333334, 183.16666666666666, 180.33333333333334, 180.04166666666666, 179.875, 179.91666666666666, 183.41666666666666, 183.125, 178.41666666666666, 180.95833333333334, 176.29166666666666, 182.45833333333334, 180.33333333333334, 182.70833333333334, 181.91666666666666, 180.16666666666666], [211.0, 197.66666666666666, 195.70833333333334, 188.125, 186.95833333333334, 185.70833333333334, 183.83333333333334, 184.04166666666666, 180.375, 179.70833333333334, 186.45833333333334, 187.125, 183.0, 185.125, 183.125, 183.83333333333334, 178.70833333333334, 183.375], [212.72, 203.0, 198.58333333333334, 190.91666666666666, 188.91666666666666, 184.625, 180.5, 185.45833333333334, 182.29166666666666, 182.20833333333334, 182.875, 180.91666666666666, 184.95833333333334, 183.75, 186.58333333333334], [210.12, 204.45833333333334, 196.75, 197.79166666666666, 193.66666666666666, 190.875, 187.29166666666666, 182.54166666666666, 181.875, 187.58333333333334, 187.08333333333334, 182.79166666666666, 181.45833333333334, 178.45833333333334, 180.41666666666666, 178.91666666666666], [211.12, 208.25, 191.125, 186.75, 189.25, 186.125, 185.70833333333334, 181.58333333333334, 183.16666666666666, 181.79166666666666, 184.0, 180.83333333333334, 183.25, 181.20833333333334, 183.875, 181.66666666666666, 185.16666666666666, 184.33333333333334, 184.5, 181.375, 178.70833333333334, 180.41666666666666, 184.75, 184.45833333333334, 185.66666666666666, 183.875, 180.45833333333334, 180.16666666666666, 186.58333333333334], [205.68, 193.95833333333334, 188.95833333333334, 183.20833333333334, 181.08333333333334, 184.83333333333334, 183.875, 180.20833333333334, 183.83333333333334, 184.45833333333334, 183.875, 184.70833333333334, 185.45833333333334, 185.25, 181.08333333333334, 184.91666666666666, 181.83333333333334, 181.91666666666666, 183.375, 179.66666666666666, 179.75, 184.29166666666666, 181.33333333333334, 183.625, 184.0, 184.33333333333334, 185.75, 185.41666666666666, 181.0, 178.25, 181.25, 179.54166666666666, 184.33333333333334, 183.54166666666666, 181.29166666666666, 185.0, 180.75, 182.75, 184.75, 183.54166666666666]], "min_fits": [[179.0, 178.0, 178.0, 177.0, 177.0, 173.0, 173.0, 173.0, 172.0, 172.0, 173.0, 173.0, 173.0, 173.0, 172.0, 172.0, 172.0, 172.0, 172.0, 172.0, 172.0, 172.0, 172.0, 172.0, 172.0], [180.0, 174.0, 173.0, 172.0, 172.0, 172.0, 172.0, 173.0, 173.0, 173.0, 172.0, 172.0, 172.0, 173.0, 173.0, 172.0, 172.0, 173.0, 172.0, 172.0, 172.0, 172.0, 172.0, 172.0, 173.0, 173.0, 172.0, 172.0, 172.0, 173.0, 173.0, 172.0, 172.0, 172.0, 172.0, 172.0, 172.0, 172.0, 172.0, 172.0, 172.0, 172.0], [178.0, 178.0, 177.0, 177.0, 177.0, 177.0, 173.0, 172.0, 172.0, 172.0, 172.0, 172.0, 172.0, 172.0, 173.0, 172.0, 172.0, 172.0, 172.0, 172.0, 172.0, 172.0, 172.0, 172.0, 172.0, 172.0], [174.0, 175.0, 174.0, 174.0, 173.0, 174.0, 172.0, 172.0, 172.0, 172.0, 172.0, 172.0, 172.0, 172.0, 172.0, 172.0, 172.0], [180.0, 173.0, 173.0, 173.0, 173.0, 173.0, 173.0, 173.0, 172.0, 172.0, 172.0, 172.0, 172.0, 172.0, 172.0, 172.0, 172.0, 172.0, 172.0], [178.0, 174.0, 178.0, 177.0, 177.0, 175.0, 173.0, 172.0, 172.0, 172.0, 172.0, 172.0, 172.0, 172.0, 172.0, 172.0, 172.0, 172.0], [195.0, 180.0, 177.0, 177.0, 172.0, 172.0, 172.0, 172.0, 172.0, 172.0, 172.0, 172.0, 172.0, 172.0, 172.0], [178.0, 183.0, 179.0, 173.0, 175.0, 172.0, 172.0, 172.0, 172.0, 172.0, 172.0, 172.0, 172.0, 172.0, 172.0, 172.0], [179.0, 183.0, 178.0, 177.0, 174.0, 174.0, 174.0, 173.0, 172.0, 172.0, 172.0, 172.0, 173.0, 173.0, 173.0, 172.0, 172.0, 173.0, 172.0, 172.0, 172.0, 172.0, 172.0, 172.0, 172.0, 172.0, 172.0, 172.0, 172.0], [178.0, 178.0, 175.0, 172.0, 172.0, 172.0, 172.0, 173.0, 173.0, 173.0, 173.0, 172.0, 172.0, 172.0, 172.0, 172.0, 172.0, 173.0, 172.0, 172.0, 172.0, 172.0, 172.0, 172.0, 172.0, 173.0, 172.0, 172.0, 173.0, 172.0, 172.0, 172.0, 172.0, 172.0, 172.0, 172.0, 172.0, 172.0, 172.0, 172.0]], "max_fits": [[229.0, 223.0, 198.0, 199.0, 223.0, 210.0, 217.0, 214.0, 218.0, 208.0, 212.0, 204.0, 218.0, 205.0, 210.0, 199.0, 208.0, 210.0, 212.0, 218.0, 208.0, 219.0, 217.0, 197.0, 228.0], [234.0, 220.0, 207.0, 213.0, 215.0, 203.0, 212.0, 214.0, 207.0, 204.0, 218.0, 218.0, 208.0, 207.0, 204.0, 218.0, 210.0, 213.0, 213.0, 203.0, 208.0, 227.0, 204.0, 212.0, 208.0, 208.0, 219.0, 217.0, 203.0, 204.0, 218.0, 224.0, 205.0, 208.0, 202.0, 203.0, 207.0, 203.0, 207.0, 203.0, 218.0, 223.0], [227.0, 225.0, 214.0, 232.0, 204.0, 223.0, 202.0, 224.0, 213.0, 217.0, 208.0, 208.0, 199.0, 208.0, 219.0, 203.0, 204.0, 218.0, 202.0, 202.0, 207.0, 212.0, 218.0, 218.0, 218.0, 209.0], [230.0, 233.0, 223.0, 214.0, 225.0, 229.0, 215.0, 209.0, 215.0, 195.0, 213.0, 203.0, 208.0, 203.0, 204.0, 198.0, 223.0], [234.0, 224.0, 207.0, 209.0, 210.0, 199.0, 208.0, 198.0, 203.0, 220.0, 208.0, 194.0, 213.0, 198.0, 203.0, 207.0, 223.0, 217.0, 209.0], [234.0, 230.0, 223.0, 203.0, 214.0, 215.0, 200.0, 204.0, 207.0, 202.0, 212.0, 214.0, 209.0, 232.0, 218.0, 208.0, 207.0, 204.0], [233.0, 229.0, 223.0, 219.0, 217.0, 225.0, 228.0, 218.0, 220.0, 219.0, 209.0, 208.0, 212.0, 203.0, 212.0], [230.0, 234.0, 214.0, 233.0, 210.0, 209.0, 220.0, 215.0, 204.0, 218.0, 208.0, 209.0, 218.0, 198.0, 212.0, 199.0], [230.0, 230.0, 208.0, 213.0, 229.0, 208.0, 208.0, 198.0, 208.0, 212.0, 213.0, 197.0, 217.0, 203.0, 210.0, 213.0, 213.0, 204.0, 209.0, 209.0, 208.0, 208.0, 218.0, 208.0, 214.0, 229.0, 203.0, 203.0, 213.0], [235.0, 229.0, 227.0, 204.0, 203.0, 218.0, 214.0, 218.0, 213.0, 220.0, 219.0, 208.0, 207.0, 207.0, 223.0, 205.0, 217.0, 204.0, 214.0, 209.0, 199.0, 214.0, 194.0, 210.0, 213.0, 217.0, 224.0, 223.0, 233.0, 213.0, 213.0, 198.0, 207.0, 223.0, 199.0, 208.0, 198.0, 203.0, 222.0, 222.0]], "items_0": [[177.0, 177.0, 177.0, 175.0, 174.0, 174.0, 173.0, 173.0, 172.0, 172.0]],