{"solver": ["elitist", "elitist", "elitist", "elitist", "elitist", "elitist", "elitist", "elitist", "elitist", "elitist"], "size": [3600, 3600, 3600, 3600, 3600, 3600, 3600, 3600, 3600, 3600], "times": [8.970484972000122, 8.960602521896362, 9.573659181594849, 8.890849113464355, 8.949753284454346, 10.280609130859375, 10.895655632019043, 8.954378366470337, 10.291742086410522, 8.96230673789978], "bests": [93.0, 93.0, 93.0, 93.0, 93.0, 93.0, 93.0, 93.0, 93.0, 93.0], "avg_fits": [[NaN, NaN, NaN, NaN, NaN, NaN, NaN, NaN, NaN, NaN, NaN, NaN, NaN], [NaN, NaN, NaN, NaN, NaN, NaN, NaN, NaN, NaN, NaN, NaN, NaN, NaN], [NaN, NaN, NaN, NaN, NaN, NaN, NaN, NaN, 99.41666666666667, NaN, NaN, NaN, NaN, NaN], [NaN, NaN, NaN, NaN, NaN, NaN, NaN, NaN, NaN, NaN, NaN, NaN, NaN], [NaN, NaN, NaN, NaN, NaN, NaN, NaN, NaN, NaN, 95.70833333333333, NaN, NaN, NaN], [NaN, NaN, NaN, NaN, NaN, NaN, NaN, NaN, 95.66666666666667, NaN, NaN, NaN, NaN, NaN, NaN], [NaN, NaN, NaN, NaN, NaN, NaN, NaN, NaN, NaN, NaN, NaN, 98.29166666666667, NaN, NaN, NaN, NaN], [NaN, NaN, NaN, NaN, NaN, NaN, NaN, NaN, NaN, NaN, NaN, NaN, NaN], [NaN, NaN, NaN, NaN, NaN, NaN, NaN, NaN, NaN, NaN, NaN, NaN, NaN, NaN, 97.45833333333333], [NaN, NaN, NaN, NaN, NaN, NaN, NaN, NaN, NaN, NaN, NaN, NaN, NaN]], "min_fits": [[NaN, 94.0, 93.0, 93.0, 93.0, 93.0, 93.0, 93.0, 93.0, 93.0, 93.0, 93.0, 93.0], [93.0, 93.0, 93.0, 93.0, 93.0, 93.0, 93.0, 93.0, 93.0, 93.0, 93.0, 93.0, 93.0], [NaN, 94.0, 94.0, 93.0, 93.0, 93.0, 93.0, 93.0, 93.0, 93.0, 93.0, 93.0, 93.0, 93.0], [NaN, 93.0, 93.0, 93.0, 93.0, 93.0, 93.0, 93.0, 93.0, 93.0, 93.0, 93.0, 93.0], [94.0, 94.0, 93.0, 93.0, 93.0, 93.0, 93.0, 93.0, 93.0, 93.0, 93.0, 93.0, 93.0], [NaN, 94.0, 94.0, 94.0, 93.0, 93.0, 93.0, 93.0, 93.0, 93.0, 93.0, 93.0, 93.0, 93.0, 93.0], [NaN, 94.0, 94.0, 94.0, 94.0, 93.0, 93.0, 93.0, 93.0, 93.0, 93.0, 93.0, 93.0, 93.0, 93.0, 93.0], [NaN, 103.0, 93.0, 93.0, 93.0, 93.0, 93.0, 93.0, 93.0, 93.0, 93.0, 93.0, 93.0], [NaN, 103.0, 95.0, 95.0, 93.0, 93.0, 93.0, 93.0, 93.0, 93.0, 93.0, 93.0, 93.0, 93.0, 93.0], [NaN, 93.0, 93.0, 93.0, 93.0, 93.0, 93.0, 93.0, 93.0, 93.0, 93.0, 93.0, 93.0]], "max_fits": [[NaN, 119.0, 119.0, 120.0, 120.0, 110.0, 110.0, 118.0, 118.0, 118.0, 118.0, 110.0, 105.0], [120.0, 120.0, 120.0, 120.0, 110.0, 118.0, 118.0, 120.0, 118.0, 108.0, 108.0, 108.0, 109.0], [NaN, 120.0, 119.0, 120.0, 118.0, 118.0, 105.0, 108.0, 118.0, 108.0, 118.0, 118.0, 108.0, 103.0], [NaN, 120.0, 120.0, 118.0, 108.0, 108.0, 110.0, 120.0, 108.0, 118.0, 120.0, 110.0, 118.0], [120.0, 120.0, 120.0, 119.0, 120.0, 120.0, 109.0, 110.0, 118.0, 118.0, 108.0, 118.0, 108.0], [NaN, 118.0, 119.0, 119.0, 119.0, 105.0, 119.0, 119.0, 120.0, 108.0, 110.0, 110.0, 110.0, 108.0, 118.0], [NaN, 120.0, 120.0, 120.0, 120.0, 120.0, 118.0, 110.0, 118.0, 110.0, 110.0, 108.0, 118.0, 108.0, 108.0, 108.0], [NaN, 120.0, 120.0, 118.0, 109.0, 120.0, 103.0, 119.0, 119.0, 118.0, 118.0, 108.0, 108.0], [NaN, 119.0, 120.0, 120.0, 120.0, 110.0, 110.0, 110.0, 118.0, 118.0, 118.0, 108.0, 110.0, 108.0, 108.0], [NaN, 120.0, 120.0, 119.0, 110.0, 118.0, 108.0, 109.0, 118.0, 118.0, 120.0, 118.0, 118.0]], "items_0": [[93.0, 93.0, 93.0, 93.0, 93.0, 93.0, 93.0, 108.0, 93.0, 93.0]], "best_final": [93.0, 93.0, 93.0, 93.0, 93.0, 93.0, 93.0, 93.0, 93.0, 93.0], "items_1": [[93.0, 93.0, 93.0, 93.0, 93.0, 93.0, 93.0, 93.0, 93.0, 93.0]], "items_2": [[94.0, 94.0, 93.0, 93.0, 93.0, 93.0, 93.0, 93.0, 93.0, 93.0]], "items_3": [[93.0, 93.0, 93.0, 93.0, 93.0, 93.0, 93.0, 93.0, 93.0, 93.0]], "items_4": [[93.0, 93.0, 93.0, 93.0, 93.0, 93.0, 93.0, 93.0, 93.0, 93.0]], "items_5": [[93.0, 93.0, 93.0, 93.0, 93.0, 93.0, 93.0, 93.0, 93.0, 93.0]], "items_6": [[93.0, 93.0, 93.0, 93.0, 93.0, 93.0, 93.0, 93.0, 93.0, 93.0]], "items_7": [[93.0, 93.0, 93.0, 93.0, 93.0, 93.0, 93.0, 93.0, 93.0, 93.0]], "items_8": [[93.0, 93.0, 93.0, 93.0, 93.0, 93.0, 93.0, 93.0, 93.0, 93.0]], "items_9": [[93.0, 93.0, 93.0, 93.0, 93.0, 93.0, 93.0, 93.0, 93.0, 93.0]]}