{"solver": ["elitist", "elitist", "elitist", "elitist", "elitist", "elitist", "elitist", "elitist", "elitist", "elitist"], "size": [4147200, 4147200, 4147200, 4147200, 4147200, 4147200, 4147200, 4147200, 4147200, 4147200], "times": [3.9118988513946533, 3.579005002975464, 3.5393168926239014, 3.246755599975586, 3.661977767944336, 4.339972019195557, 3.506784200668335, 4.155593633651733, 4.59619927406311, 3.4209792613983154], "bests": [172.0, 172.0, 172.0, 172.0, 172.0, 172.0, 172.0, 172.0, 172.0, 172.0], "avg_fits": [[206.56, 196.625, 192.25, 182.95833333333334, 188.33333333333334, 185.625, 182.875, 182.625, 181.91666666666666, 181.54166666666666, 180.16666666666666, 180.29166666666666, 178.66666666666666, 178.625, 180.16666666666666, 178.04166666666666, 184.91666666666666], [209.04, 201.625, 199.0, 188.875, 185.625, 179.91666666666666, 176.75, 178.66666666666666, 177.875, 180.54166666666666, 180.83333333333334, 182.58333333333334, 179.04166666666666, 178.75, 182.08333333333334], [208.6, 200.66666666666666, 186.45833333333334, 185.54166666666666, 181.75, 182.5, 179.0, 180.16666666666666, 178.70833333333334, 181.20833333333334, 181.125, 175.75, 178.875, 176.79166666666666, 179.91666666666666], [206.28, 192.75, 187.0, 184.5, 183.875, 184.41666666666666, 181.375, 183.25, 181.41666666666666, 181.875, 180.29166666666666, 180.75, 181.25], [206.96, 199.08333333333334, 189.16666666666666, 184.16666666666666, 182.29166666666666, 181.58333333333334, 183.08333333333334, 183.45833333333334, 180.875, 179.08333333333334, 179.625, 182.83333333333334, 180.5, 183.0, 178.95833333333334], [209.44, 200.83333333333334, 192.70833333333334, 188.375, 186.79166666666666, 182.83333333333334, 180.125, 178.33333333333334, 179.79166666666666, 187.04166666666666, 182.875, 180.04166666666666, 176.41666666666666, 180.875, 176.75, 179.95833333333334, 179.70833333333334, 178.54166666666666, 179.83333333333334], [209.32, 199.91666666666666, 193.25, 186.375, 182.79166666666666, 181.29166666666666, 180.04166666666666, 183.375, 177.79166666666666, 178.625, 177.41666666666666, 178.66666666666666, 180.04166666666666, 179.75], [210.8, 200.04166666666666, 190.75, 187.08333333333334, 183.58333333333334, 188.95833333333334, 183.20833333333334, 180.5, 180.16666666666666, 182.16666666666666, 185.04166666666666, 182.75, 181.79166666666666, 177.875, 178.04166666666666, 181.16666666666666, 183.75], [210.48, 194.875, 182.125, 178.45833333333334, 180.25, 182.16666666666666, 179.70833333333334, 181.66666666666666, 178.79166666666666, 180.125, 184.66666666666666, 183.33333333333334, 176.625, 182.25, 180.75, 177.70833333333334, 183.79166666666666, 178.08333333333334, 181.375], [208.12, 195.16666666666666, 189.5, 191.25, 182.45833333333334, 180.83333333333334, 180.20833333333334, 178.875, 181.16666666666666, 182.5, 178.0, 181.25, 178.16666666666666, 178.91666666666666]], "min_fits": [[178.0, 178.0, 174.0, 173.0, 173.0, 173.0, 172.0, 172.0, 172.0, 172.0, 172.0, 172.0, 172.0, 172.0, 172.0, 172.0, 172.0], [193.0, 188.0, 178.0, 178.0, 172.0, 172.0, 172.0, 172.0, 172.0, 172.0, 172.0, 172.0, 172.0, 172.0, 172.0], [179.0, 179.0, 175.0, 175.0, 172.0, 172.0, 172.0, 172.0, 172.0, 172.0, 172.0, 172.0, 172.0, 172.0, 172.0], [178.0, 178.0, 172.0, 172.0, 172.0, 172.0, 172.0, 172.0, 172.0, 172.0, 172.0, 172.0, 172.0], [183.0, 174.0, 173.0, 173.0, 172.0, 172.0, 172.0, 172.0, 172.0, 172.0, 172.0, 172.0, 172.0, 172.0, 172.0], [189.0, 185.0, 180.0, 174.0, 174.0, 174.0, 173.0, 173.0, 172.0, 172.0, 172.0, 172.0, 172.0, 172.0, 172.0, 172.0, 172.0, 172.0, 172.0], [184.0, 177.0, 177.0, 172.0, 172.0, 172.0, 172.0, 172.0, 172.0, 172.0, 172.0, 172.0, 172.0, 172.0], [182.0, 178.0, 173.0, 173.0, 173.0, 173.0, 172.0, 172.0, 172.0, 172.0, 172.0, 172.0, 172.0, 172.0, 172.0, 172.0, 172.0], [173.0, 173.0, 173.0, 173.0, 173.0, 173.0, 173.0, 173.0, 172.0, 172.0, 172.0, 172.0, 172.0, 172.0, 172.0, 172.0, 172.0, 172.0, 172.0], [188.0, 174.0, 173.0, 172.0, 172.0, 172.0, 172.0, 172.0, 172.0, 172.0, 172.0, 172.0, 172.0, 172.0]], "max_fits": [[225.0, 220.0, 223.0, 215.0, 217.0, 213.0, 204.0, 224.0, 209.0, 218.0, 203.0, 208.0, 202.0, 203.0, 213.0, 212.0, 207.0], [234.0, 228.0, 228.0, 212.0, 208.0, 198.0, 193.0, 197.0, 198.0, 199.0, 217.0, 219.0, 208.0, 207.0, 208.0], [232.0, 229.0, 204.0, 214.0, 203.0, 208.0, 210.0, 208.0, 203.0, 204.0, 204.0, 194.0, 217.0, 198.0, 207.0], [229.0, 223.0, 213.0, 203.0, 224.0, 217.0, 202.0, 203.0, 208.0, 218.0, 208.0, 204.0, 208.0], [232.0, 219.0, 207.0, 219.0, 205.0, 213.0, 218.0, 207.0, 228.0, 209.0, 217.0, 222.0, 218.0, 224.0, 207.0], [232.0, 219.0, 230.0, 210.0, 220.0, 210.0, 223.0, 209.0, 204.0, 223.0, 204.0, 202.0, 193.0, 203.0, 197.0, 205.0, 212.0, 203.0, 193.0], [229.0, 225.0, 215.0, 212.0, 208.0, 207.0, 217.0, 212.0, 203.0, 208.0, 192.0, 198.0, 214.0, 227.0], [230.0, 234.0, 208.0, 217.0, 204.0, 213.0, 218.0, 205.0, 224.0, 218.0, 207.0, 227.0, 207.0, 198.0, 209.0, 213.0, 207.0], [234.0, 225.0, 200.0, 195.0, 214.0, 203.0, 204.0, 209.0, 194.0, 203.0, 213.0, 213.0, 195.0, 213.0, 203.0, 194.0, 208.0, 204.0, 209.0], [234.0, 215.0, 214.0, 233.0, 203.0, 203.0, 214.0, 213.0, 217.0, 204.0, 193.0, 222.0, 204.0, 207.0]], "items_0": [[174.0, 173.0, 173.0, 173.0, 172.0, 172.0, 172.0, 172.0, 172.0, 172.0]], "best_final": [172.0, 172.0, 172.0, 172.0, 172.0, 172.0, 172.0, 172.0, 172.0, 172.0], "items_1": [[178.0, 178.0, 175.0, 174.0, 173.0, 173.0, 173.0, 172.0, 172.0, 172.0]], "items_2": [[172.0, 172.0, 172.0, 172.0, 172.0, 172.0, 172.0, 172.0, 172.0, 172.0]], "items_3": [[173.0, 173.0, 173.0, 173.0, 172.0, 172.0, 172.0, 172.0, 172.0, 172.0]], "items_4": [[173.0, 172.0, 172.0, 172.0, 172.0, 172.0, 172.0, 172.0, 172.0, 172.0]], "items_5": [[174.0, 172.0, 172.0, 172.0, 172.0, 172.0, 172.0, 172.0, 172.0, 172.0]], "items_6": [[177.0, 173.0, 173.0, 172.0, 172.0, 172.0, 172.0, 172.0, 172.0, 172.0]], "items_7": [[177.0, 174.0, 173.0, 173.0, 172.0, 172.0, 172.0, 172.0, 172.0, 172.0]], "items_8": [[174.0, 173.0, 172.0, 172.0, 172.0, 172.0, 172.0, 172.0, 172.0, 172.0]], "items_9": [[172.0, 172.0, 172.0, 172.0, 172.0, 172.0, 172.0, 172.0, 172.0, 172.0]]}