{"solver": ["plain", "plain", "plain", "plain", "plain", "plain", "plain", "plain", "plain", "plain"], "size": [4147200, 4147200, 4147200, 4147200, 4147200, 4147200, 4147200, 4147200, 4147200, 4147200], "times": [6.2692835330963135, 4.878154754638672, 9.298179626464844, 8.4316885471344, 8.465242624282837, 16.54939031600952, 6.8719189167022705, 8.004516839981079, 8.352233648300171, 4.320200443267822], "bests": [172.0, 172.0, 172.0, 172.0, 172.0, 172.0, 172.0, 172.0, 172.0, 172.0], "avg_fits": [[211.28, 197.95833333333334, 186.20833333333334, 184.08333333333334, 182.33333333333334, 186.66666666666666, 186.375, 188.25, 185.29166666666666, 182.45833333333334, 181.875, 178.875, 181.45833333333334, 177.5, 177.45833333333334, 183.5, 183.33333333333334, 183.95833333333334, 180.29166666666666, 179.70833333333334], [207.44, 196.04166666666666, 196.0, 190.79166666666666, 192.70833333333334, 189.29166666666666, 184.83333333333334, 185.0, 184.375, 184.58333333333334, 182.625, 177.54166666666666, 180.66666666666666, 185.70833333333334, 187.29166666666666, 184.91666666666666, 180.625, 182.95833333333334], [209.68, 204.70833333333334, 195.95833333333334, 187.125, 183.04166666666666, 185.45833333333334, 187.0, 188.79166666666666, 189.66666666666666, 187.0, 189.41666666666666, 184.29166666666666, 186.91666666666666, 185.0, 185.70833333333334, 180.875, 185.91666666666666, 189.125, 186.33333333333334, 180.375, 179.20833333333334, 177.70833333333334, 182.0, 179.04166666666666, 182.29166666666666, 181.33333333333334, 178.91666666666666, 181.91666666666666, 181.83333333333334, 180.95833333333334, 181.75], [207.92, 200.70833333333334, 195.16666666666666, 188.95833333333334, 188.20833333333334, 186.75, 187.04166666666666, 184.58333333333334, 185.0, 184.125, 185.5, 183.79166666666666, 179.375, 181.08333333333334, 185.04166666666666, 178.41666666666666, 182.04166666666666, 186.54166666666666, 186.125, 187.20833333333334, 179.70833333333334, 180.33333333333334, 185.58333333333334, 182.75, 179.875, 181.79166666666666], [208.2, 200.95833333333334, 193.45833333333334, 191.75, 190.125, 189.83333333333334, 187.5, 183.75, 184.04166666666666, 180.16666666666666, 180.95833333333334, 179.5, 181.95833333333334, 178.79166666666666, 183.0, 186.41666666666666, 180.41666666666666, 178.75, 181.95833333333334, 183.66666666666666, 181.0, 182.20833333333334], [204.6, 195.5, 187.79166666666666, 184.25, 179.66666666666666, 184.91666666666666, 183.91666666666666, 181.04166666666666, 185.0, 185.70833333333334, 186.875, 185.95833333333334, 183.79166666666666, 186.5, 189.33333333333334, 185.58333333333334, 179.66666666666666, 181.79166666666666, 182.125, 179.875, 180.79166666666666, 184.58333333333334, 183.04166666666666, 181.5, 186.54166666666666, 176.625, 183.75, 183.16666666666666, 185.83333333333334, 184.70833333333334, 183.41666666666666, 180.625, 186.66666666666666, 185.625, 183.54166666666666, 183.29166666666666, 188.41666666666666, 183.41666666666666, 184.41666666666666, 185.375, 180.125, 179.0, 181.58333333333334, 182.0, 184.41666666666666, 186.125, 182.66666666666666, 180.20833333333334, 182.125, 183.41666666666666, 185.66666666666666, 183.125, 183.08333333333334, 183.95833333333334, 181.0, 185.25, 182.79166666666666], [204.24, 198.33333333333334, 195.625, 192.66666666666666, 183.91666666666666, 180.20833333333334, 182.83333333333334, 182.375, 181.875, 182.58333333333334, 183.58333333333334, 183.375, 181.375, 179.25, 180.54166666666666, 180.45833333333334, 184.75, 180.33333333333334, 183.875, 179.25, 181.33333333333334, 181.33333333333334], [209.92, 200.625, 188.45833333333334, 186.08333333333334, 187.0, 184.25, 182.33333333333334, 179.625, 183.04166666666666, 181.29166666666666, 181.29166666666666, 184.08333333333334, 180.83333333333334, 183.16666666666666, 184.58333333333334, 182.625, 185.29166666666666, 183.66666666666666, 186.875, 183.25, 179.45833333333334, 178.29166666666666, 179.125, 180.91666666666666, 184.625, 183.58333333333334, 183.20833333333334], [203.56, 191.5, 186.66666666666666, 184.375, 184.58333333333334, 185.08333333333334, 182.25, 185.91666666666666, 180.25, 178.16666666666666, 183.95833333333334, 183.66666666666666, 182.5, 181.45833333333334, 183.33333333333334, 181.54166666666666, 182.45833333333334, 182.29166666666666, 181.29166666666666, 182.33333333333334, 182.16666666666666, 180.95833333333334, 184.33333333333334, 178.91666666666666, 185.20833333333334, 183.16666666666666, 180.16666666666666, 178.75, 180.08333333333334, 180.33333333333334, 180.79166666666666, 180.41666666666666, 181.83333333333334, 180.75], [206.68, 195.08333333333334, 191.20833333333334, 187.29166666666666, 182.625, 183.41666666666666, 182.95833333333334, 181.58333333333334, 178.83333333333334, 179.95833333333334, 179.625, 180.95833333333334, 180.45833333333334, 182.625, 180.29166666666666, 184.45833333333334, 182.79166666666666, 180.875]], "min_fits": [[183.0, 173.0, 174.0, 173.0, 175.0, 172.0, 174.0, 172.0, 173.0, 172.0, 172.0, 172.0, 172.0, 172.0, 172.0, 172.0, 172.0, 172.0, 172.0, 172.0], [185.0, 178.0, 174.0, 174.0, 174.0, 172.0, 173.0, 172.0, 172.0, 172.0, 172.0, 172.0, 172.0, 172.0, 172.0, 172.0, 172.0, 172.0], [182.0, 182.0, 177.0, 174.0, 173.0, 173.0, 173.0, 173.0, 173.0, 173.0, 173.0, 174.0, 174.0, 173.0, 173.0, 172.0, 173.0, 173.0, 173.0, 173.0, 172.0, 172.0, 172.0, 172.0, 172.0, 172.0, 172.0, 172.0, 172.0, 172.0, 172.0], [185.0, 189.0, 179.0, 174.0, 173.0, 173.0, 174.0, 172.0, 172.0, 172.0, 173.0, 173.0, 172.0, 173.0, 173.0, 172.0, 172.0, 172.0, 172.0, 172.0, 172.0, 172.0, 172.0, 172.0, 172.0, 172.0], [174.0, 175.0, 177.0, 173.0, 173.0, 173.0, 173.0, 172.0, 172.0, 172.0, 173.0, 172.0, 172.0, 172.0, 172.0, 172.0, 172.0, 172.0, 172.0, 172.0, 172.0, 172.0], [173.0, 174.0, 174.0, 174.0, 174.0, 174.0, 173.0, 173.0, 173.0, 173.0, 172.0, 173.0, 173.0, 174.0, 173.0, 173.0, 173.0, 172.0, 172.0, 172.0, 173.0, 173.0, 172.0, 172.0, 172.0, 172.0, 172.0, 172.0, 173.0, 173.0, 173.0, 172.0, 173.0, 172.0, 173.0, 173.0, 173.0, 173.0, 172.0, 172.0, 173.0, 172.0, 173.0, 172.0, 172.0, 173.0, 172.0, 172.0, 172.0, 172.0, 172.0, 172.0, 172.0, 172.0, 172.0, 172.0, 172.0], [178.0, 180.0, 178.0, 173.0, 173.0, 173.0, 172.0, 172.0, 172.0, 172.0, 173.0, 172.0, 172.0, 172.0, 172.0, 172.0, 172.0, 172.0, 172.0, 172.0, 172.0, 172.0], [185.0, 174.0, 172.0, 172.0, 172.0, 172.0, 173.0, 172.0, 172.0, 172.0, 172.0, 172.0, 172.0, 173.0, 173.0, 173.0, 172.0, 172.0, 172.0, 172.0, 172.0, 172.0, 172.0, 172.0, 172.0, 172.0, 172.0], [178.0, 174.0, 174.0, 173.0, 173.0, 173.0, 173.0, 173.0, 173.0, 173.0, 173.0, 173.0, 173.0, 172.0, 173.0, 172.0, 173.0, 173.0, 173.0, 173.0, 173.0, 173.0, 173.0, 172.0, 172.0, 172.0, 172.0, 172.0, 172.0, 172.0, 172.0, 172.0, 172.0, 172.0], [178.0, 179.0, 174.0, 173.0, 173.0, 173.0, 173.0, 172.0, 172.0, 172.0, 172.0, 172.0, 172.0, 172.0, 172.0, 172.0, 172.0, 172.0]],