{"solver": ["plain", "plain", "plain", "plain", "plain", "plain", "plain", "plain", "plain", "plain"], "size": [4147200, 4147200, 4147200, 4147200, 4147200, 4147200, 4147200, 4147200, 4147200, 4147200], "times": [5.293133497238159, 10.082810878753662, 4.202260732650757, 5.758753538131714, 4.451910734176636, 5.779648303985596, 5.599069118499756, 4.89093279838562, 6.897220611572266, 3.9570746421813965], "bests": [172.0, 172.0, 172.0, 172.0, 172.0, 172.0, 172.0, 172.0, 172.0, 172.0], "avg_fits": [[209.84, 202.25, 193.58333333333334, 187.5, 185.875, 188.45833333333334, 187.91666666666666, 183.75, 186.125, 182.91666666666666, 179.41666666666666, 183.45833333333334, 186.375, 182.625, 180.125, 180.91666666666666, 178.125, 177.20833333333334, 180.375, 178.91666666666666, 179.625], [210.36, 203.125, 200.70833333333334, 198.25, 188.66666666666666, 187.25, 185.83333333333334, 185.125, 184.5, 186.33333333333334, 182.875, 183.54166666666666, 183.91666666666666, 185.25, 184.375, 184.54166666666666, 187.0, 187.25, 186.75, 184.41666666666666, 184.375, 182.875, 185.08333333333334, 182.75, 181.41666666666666, 183.25, 184.66666666666666, 181.20833333333334, 185.54166666666666, 187.79166666666666, 181.45833333333334, 182.5, 182.125, 180.16666666666666, 183.04166666666666, 179.875, 178.75, 187.20833333333334, 185.08333333333334, 182.79166666666666, 181.125, 180.95833333333334, 179.625, 181.54166666666666, 187.25, 188.91666666666666], [209.04, 202.20833333333334, 195.29166666666666, 188.79166666666666, 187.375, 185.41666666666666, 180.33333333333334, 185.79166666666666, 187.29166666666666, 183.66666666666666, 183.95833333333334, 177.70833333333334, 179.58333333333334, 187.29166666666666, 185.375, 185.75, 184.375, 182.0, 185.04166666666666, 182.58333333333334], [209.04, 203.41666666666666, 196.25, 192.45833333333334, 188.33333333333334, 186.625, 185.5, 186.70833333333334, 184.91666666666666, 185.45833333333334, 185.66666666666666, 180.95833333333334, 180.66666666666666, 178.5, 179.625, 178.54166666666666, 178.45833333333334, 178.79166666666666, 178.29166666666666, 180.08333333333334, 183.08333333333334, 181.95833333333334, 179.83333333333334, 178.16666666666666, 181.125], [209.68, 202.95833333333334, 198.95833333333334, 197.20833333333334, 192.83333333333334, 190.79166666666666, 190.25, 189.45833333333334, 182.45833333333334, 191.0, 185.08333333333334, 183.58333333333334, 183.79166666666666, 187.5, 181.70833333333334, 186.91666666666666, 180.70833333333334, 179.66666666666666, 179.58333333333334, 181.875], [209.0, 195.125, 190.58333333333334, 190.20833333333334, 182.45833333333334, 183.91666666666666, 178.125, 180.83333333333334, 184.375, 177.91666666666666, 179.04166666666666, 179.41666666666666, 181.33333333333334, 181.04166666666666, 187.45833333333334, 185.08333333333334, 182.75, 182.29166666666666, 185.20833333333334, 181.83333333333334, 183.33333333333334, 177.66666666666666, 179.54166666666666, 176.66666666666666, 181.08333333333334, 178.25], [208.08, 198.54166666666666, 192.66666666666666, 188.79166666666666, 184.75, 184.08333333333334, 183.91666666666666, 185.83333333333334, 183.5, 177.41666666666666, 182.08333333333334, 185.75, 182.08333333333334, 181.75, 182.625, 178.08333333333334, 179.08333333333334, 178.58333333333334, 181.5, 183.91666666666666, 181.125, 179.25, 181.33333333333334, 177.58333333333334], [205.04, 193.25, 191.45833333333334, 184.58333333333334, 179.5, 180.375, 182.04166666666666, 182.20833333333334, 180.20833333333334, 184.45833333333334, 182.04166666666666, 181.58333333333334, 180.58333333333334, 180.45833333333334, 179.29166666666666, 180.45833333333334, 178.66666666666666, 183.16666666666666, 180.20833333333334, 181.375, 179.95833333333334], [209.16, 198.04166666666666, 193.875, 188.45833333333334, 189.375, 183.125, 185.29166666666666, 187.54166666666666, 184.08333333333334, 181.20833333333334, 178.66666666666666, 179.91666666666666, 180.58333333333334, 182.0, 183.75, 185.79166666666666, 184.70833333333334, 184.20833333333334, 182.04166666666666, 184.25, 184.04166666666666, 179.95833333333334, 181.66666666666666, 182.875, 181.83333333333334, 183.04166666666666, 184.79166666666666, 182.66666666666666, 186.79166666666666, 180.625, 187.04166666666666], [206.96, 200.79166666666666, 192.625, 190.5, 184.66666666666666, 184.83333333333334, 185.79166666666666, 182.58333333333334, 178.70833333333334, 183.20833333333334, 182.66666666666666, 181.29166666666666, 183.91666666666666, 183.20833333333334, 182.54166666666666, 184.20833333333334, 179.45833333333334]], "min_fits": [[183.0, 179.0, 179.0, 175.0, 177.0, 174.0, 172.0, 172.0, 172.0, 173.0, 172.0, 172.0, 172.0, 172.0, 172.0, 172.0, 172.0, 172.0, 172.0, 172.0, 172.0], [180.0, 188.0, 178.0, 177.0, 172.0, 173.0, 173.0, 173.0, 173.0, 173.0, 172.0, 172.0, 172.0, 172.0, 172.0, 172.0, 172.0, 172.0, 173.0, 173.0, 173.0, 173.0, 172.0, 172.0, 172.0, 172.0, 172.0, 172.0, 172.0, 173.0, 172.0, 172.0, 172.0, 173.0, 173.0, 172.0, 172.0, 172.0, 172.0, 172.0, 172.0, 172.0, 172.0, 172.0, 172.0, 172.0], [184.0, 179.0, 174.0, 174.0, 173.0, 172.0, 173.0, 173.0, 173.0, 172.0, 172.0, 172.0, 172.0, 172.0, 172.0, 172.0, 172.0, 172.0, 172.0, 172.0], [179.0, 179.0, 179.0, 179.0, 177.0, 173.0, 175.0, 177.0, 173.0, 173.0, 173.0, 173.0, 173.0, 173.0, 172.0, 172.0, 172.0, 172.0, 172.0, 172.0, 172.0, 172.0, 172.0, 172.0, 172.0], [194.0, 189.0, 183.0, 183.0, 180.0, 175.0, 174.0, 174.0, 173.0, 172.0, 172.0, 172.0, 172.0, 172.0, 172.0, 172.0, 172.0, 172.0, 172.0, 172.0], [178.0, 173.0, 172.0, 172.0, 172.0, 173.0, 173.0, 173.0, 173.0, 173.0, 172.0, 172.0, 173.0, 172.0, 173.0, 172.0, 172.0, 172.0, 172.0, 172.0, 172.0, 172.0, 172.0, 172.0, 172.0, 172.0], [185.0, 179.0, 175.0, 174.0, 174.0, 174.0, 173.0, 172.0, 172.0, 172.0, 173.0, 172.0, 173.0, 172.0, 172.0, 172.0, 172.0, 172.0, 172.0, 172.0, 172.0, 172.0, 172.0, 172.0], [174.0, 174.0, 173.0, 173.0, 172.0, 172.0, 172.0, 172.0, 172.0, 173.0, 172.0, 172.0, 172.0, 172.0, 172.0, 172.0, 172.0, 172.0, 172.0, 172.0, 172.0], [178.0, 178.0, 177.0, 174.0, 174.0, 174.0, 173.0, 173.0, 173.0, 172.0, 173.0, 172.0, 172.0, 172.0, 173.0, 172.0, 172.0, 172.0, 172.0, 173.0, 172.0, 172.0, 172.0, 172.0, 172.0, 172.0, 172.0, 172.0, 172.0, 172.0, 172.0], [179.0, 172.0, 172.0, 173.0, 173.0, 173.0, 172.0, 172.0, 172.0, 172.0, 172.0, 172.0, 172.0, 172.0, 172.0, 172.0, 172.0]],