{"solver": ["elitist", "elitist", "elitist", "elitist", "elitist", "elitist", "elitist", "elitist", "elitist", "elitist"], "size": [4147200, 4147200, 4147200, 4147200, 4147200, 4147200, 4147200, 4147200, 4147200, 4147200], "times": [3.2078285217285156, 3.522402763366699, 3.4448466300964355, 3.092165231704712, 4.597398996353149, 3.227470636367798, 5.438114643096924, 4.277037620544434, 3.772643566131592, 3.9530715942382812], "bests": [172.0, 172.0, 172.0, 172.0, 172.0, 172.0, 172.0, 172.0, 172.0, 172.0], "avg_fits": [[212.16, 201.125, 187.41666666666666, 183.33333333333334, 183.875, 187.33333333333334, 186.33333333333334, 187.125, 188.08333333333334, 183.04166666666666, 180.08333333333334, 180.45833333333334, 177.79166666666666], [204.0, 192.04166666666666, 186.5, 180.75, 185.04166666666666, 181.45833333333334, 180.125, 181.125, 179.375, 178.0, 182.75, 183.70833333333334, 180.29166666666666, 179.95833333333334, 176.79166666666666], [206.6, 199.45833333333334, 192.16666666666666, 184.91666666666666, 188.125, 179.625, 177.91666666666666, 180.16666666666666, 177.95833333333334, 179.16666666666666, 176.45833333333334, 181.79166666666666, 179.25, 178.95833333333334], [205.6, 195.875, 183.58333333333334, 183.16666666666666, 179.41666666666666, 180.45833333333334, 179.33333333333334, 179.95833333333334, 180.875, 180.0, 179.16666666666666, 178.375, 183.29166666666666], [207.36, 195.41666666666666, 186.58333333333334, 182.45833333333334, 180.79166666666666, 178.16666666666666, 179.04166666666666, 179.83333333333334, 179.04166666666666, 179.70833333333334, 181.66666666666666, 182.41666666666666, 180.33333333333334, 182.5, 179.83333333333334, 179.125, 180.33333333333334, 184.625, 178.125], [207.72, 198.29166666666666, 188.0, 182.29166666666666, 180.95833333333334, 182.29166666666666, 183.41666666666666, 182.125, 179.70833333333334, 177.70833333333334, 181.16666666666666, 181.33333333333334, 180.41666666666666], [210.12, 198.625, 194.125, 187.08333333333334, 183.95833333333334, 181.125, 181.91666666666666, 179.20833333333334, 180.16666666666666, 180.29166666666666, 180.29166666666666, 177.91666666666666, 179.54166666666666, 179.45833333333334, 182.75, 182.625, 182.0, 176.54166666666666, 183.25, 179.66666666666666, 183.29166666666666, 184.16666666666666, 181.91666666666666, 179.58333333333334], [212.0, 207.29166666666666, 199.75, 191.95833333333334, 191.66666666666666, 184.125, 182.83333333333334, 178.75, 179.04166666666666, 180.58333333333334, 183.20833333333334, 180.33333333333334, 179.70833333333334, 179.33333333333334, 179.91666666666666, 181.0, 179.91666666666666, 177.79166666666666], [208.64, 202.875, 190.41666666666666, 184.66666666666666, 184.91666666666666, 181.45833333333334, 183.0, 177.08333333333334, 179.04166666666666, 179.0, 176.0, 178.16666666666666, 178.0, 181.125, 178.08333333333334], [206.48, 196.33333333333334, 183.33333333333334, 183.66666666666666, 181.54166666666666, 184.375, 181.79166666666666, 177.625, 179.79166666666666, 180.08333333333334, 176.83333333333334, 177.58333333333334, 176.25, 177.5, 176.25, 178.875]], "min_fits": [[182.0, 172.0, 172.0, 172.0, 172.0, 172.0, 172.0, 172.0, 172.0, 172.0, 172.0, 172.0, 172.0], [173.0, 173.0, 173.0, 173.0, 172.0, 172.0, 172.0, 172.0, 172.0, 172.0, 172.0, 172.0, 172.0, 172.0, 172.0], [185.0, 180.0, 177.0, 172.0, 172.0, 172.0, 172.0, 172.0, 172.0, 172.0, 172.0, 172.0, 172.0, 172.0], [179.0, 174.0, 172.0, 172.0, 172.0, 172.0, 172.0, 172.0, 172.0, 172.0, 172.0, 172.0, 172.0], [173.0, 173.0, 173.0, 173.0, 173.0, 173.0, 173.0, 173.0, 172.0, 172.0, 172.0, 172.0, 172.0, 172.0, 172.0, 172.0, 172.0, 172.0, 172.0], [178.0, 178.0, 172.0, 172.0, 172.0, 172.0, 172.0, 172.0, 172.0, 172.0, 172.0, 172.0, 172.0], [184.0, 175.0, 174.0, 174.0, 174.0, 173.0, 173.0, 173.0, 173.0, 173.0, 173.0, 173.0, 173.0, 172.0, 172.0, 172.0, 172.0, 172.0, 172.0, 172.0, 172.0, 172.0, 172.0, 172.0], [190.0, 187.0, 178.0, 173.0, 173.0, 173.0, 173.0, 172.0, 172.0, 172.0, 172.0, 172.0, 172.0, 172.0, 172.0, 172.0, 172.0, 172.0], [178.0, 178.0, 178.0, 174.0, 172.0, 172.0, 172.0, 172.0, 172.0, 172.0, 172.0, 172.0, 172.0, 172.0, 172.0], [178.0, 178.0, 173.0, 173.0, 173.0, 172.0, 172.0, 172.0, 172.0, 172.0, 172.0, 172.0, 172.0, 172.0, 172.0, 172.0]], "max_fits": [[234.0, 229.0, 208.0, 207.0, 210.0, 217.0, 218.0, 223.0, 219.0, 212.0, 203.0, 208.0, 199.0], [228.0, 222.0, 213.0, 204.0, 214.0, 203.0, 200.0, 210.0, 203.0, 202.0, 202.0, 218.0, 213.0, 215.0, 192.0], [228.0, 225.0, 220.0, 213.0, 214.0, 198.0, 197.0, 219.0, 212.0, 207.0, 188.0, 208.0, 210.0, 207.0], [229.0, 224.0, 208.0, 219.0, 214.0, 213.0, 203.0, 209.0, 210.0, 215.0, 205.0, 207.0, 213.0], [228.0, 224.0, 213.0, 208.0, 209.0, 193.0, 203.0, 208.0, 203.0, 217.0, 208.0, 218.0, 199.0, 212.0, 219.0, 202.0, 208.0, 232.0, 207.0], [229.0, 218.0, 212.0, 218.0, 203.0, 217.0, 222.0, 218.0, 203.0, 199.0, 208.0, 218.0, 204.0], [234.0, 228.0, 228.0, 209.0, 214.0, 209.0, 209.0, 193.0, 198.0, 194.0, 203.0, 193.0, 193.0, 199.0, 205.0, 208.0, 217.0, 190.0, 217.0, 200.0, 228.0, 213.0, 203.0, 200.0], [229.0, 224.0, 217.0, 209.0, 217.0, 213.0, 208.0, 218.0, 214.0, 208.0, 213.0, 207.0, 207.0, 219.0, 207.0, 212.0, 212.0, 202.0], [228.0, 232.0, 214.0, 199.0, 214.0, 210.0, 203.0, 198.0, 202.0, 202.0, 193.0, 202.0, 204.0, 207.0, 203.0], [229.0, 220.0, 204.0, 199.0, 203.0, 213.0, 207.0, 193.0, 197.0, 207.0, 195.0, 212.0, 197.0, 197.0, 198.0, 208.0]], "items_0": [[173.0, 173.0, 172.0, 172.0, 172.0, 172.0, 172.0, 172.0, 172.0, 172.0]], "best_final": [172.0, 172.0, 172.0, 172.0, 172.0, 172.0, 172.0, 172.0, 172.0, 172.0], "items_1": [[174.0, 173.0, 173.0, 173.0, 172.0, 172.0, 172.0, 172.0, 172.0, 172.0]], "items_2": [[172.0, 172.0, 172.0, 172.0, 172.0, 172.0, 172.0, 172.0, 172.0, 172.0]], "items_3": [[173.0, 173.0, 173.0, 173.0, 172.0, 172.0, 172.0, 172.0, 172.0, 172.0]], "items_4": [[173.0, 173.0, 173.0, 172.0, 172.0, 172.0, 172.0, 172.0, 172.0, 172.0]], "items_5": [[173.0, 173.0, 172.0, 172.0, 172.0, 172.0, 172.0, 172.0, 172.0, 172.0]], "items_6": [[172.0, 172.0, 172.0, 172.0, 172.0, 172.0, 172.0, 172.0, 172.0, 172.0]], "items_7": [[173.0, 172.0, 172.0, 172.0, 172.0, 172.0, 172.0, 172.0, 172.0, 172.0]], "items_8": [[174.0, 173.0, 173.0, 172.0, 172.0, 172.0, 172.0, 172.0, 172.0, 172.0]], "items_9": [[173.0, 172.0, 172.0, 172.0, 172.0, 172.0, 172.0, 172.0, 172.0, 172.0]]}