{"solver": ["elitist", "elitist", "elitist", "elitist", "elitist", "elitist", "elitist", "elitist", "elitist", "elitist"], "size": [4147200, 4147200, 4147200, 4147200, 4147200, 4147200, 4147200, 4147200, 4147200, 4147200], "times": [51.717063665390015, 43.15662741661072, 36.29434084892273, 53.205631256103516, 59.62793803215027, 44.980151653289795, 51.38734436035156, 46.665074825286865, 40.256595611572266, 36.57788586616516], "bests": [172.0, 172.0, 172.0, 172.0, 172.0, 172.0, 172.0, 172.0, 172.0, 172.0], "avg_fits": [[208.92, 205.08333333333334, 200.375, 197.95833333333334, 193.75, 190.29166666666666, 187.91666666666666, 182.125, 182.16666666666666, 180.58333333333334, 180.16666666666666, 182.875, 183.20833333333334, 177.66666666666666, 175.75, 175.66666666666666, 181.16666666666666, 177.25, 178.5, 180.125], [210.4, 198.58333333333334, 190.41666666666666, 183.33333333333334, 182.5, 185.16666666666666, 184.375, 184.91666666666666, 185.16666666666666, 185.58333333333334, 185.375, 187.66666666666666, 181.41666666666666, 181.91666666666666, 176.91666666666666, 182.66666666666666], [201.96, 194.54166666666666, 183.83333333333334, 182.125, 178.41666666666666, 179.54166666666666, 180.91666666666666, 178.25, 180.45833333333334, 179.04166666666666, 182.66666666666666, 182.375, 178.125, 184.125, 180.29166666666666], [211.2, 200.54166666666666, 193.5, 190.16666666666666, 188.0, 185.0, 182.625, 185.33333333333334, 183.20833333333334, 182.91666666666666, 178.375, 184.08333333333334, 178.58333333333334, 179.70833333333334, 179.08333333333334, 179.20833333333334, 177.66666666666666], [210.32, 199.08333333333334, 192.04166666666666, 185.16666666666666, 186.08333333333334, 184.29166666666666, 182.33333333333334, 183.20833333333334, 181.5, 180.91666666666666, 178.375, 176.79166666666666, 178.75, 179.41666666666666, 180.95833333333334, 180.08333333333334, 180.16666666666666, 183.375], [206.24, 198.33333333333334, 190.5, 188.58333333333334, 179.70833333333334, 178.70833333333334, 177.79166666666666, 177.66666666666666, 185.625, 182.66666666666666, 178.91666666666666, 176.625, 177.75], [210.44, 199.04166666666666, 189.70833333333334, 184.66666666666666, 179.125, 184.45833333333334, 183.33333333333334, 182.20833333333334, 186.45833333333334, 178.875, 177.875, 179.29166666666666, 181.45833333333334, 183.16666666666666, 178.58333333333334, 178.04166666666666, 177.66666666666666], [207.76, 194.70833333333334, 186.20833333333334, 182.0, 182.5, 178.625, 180.41666666666666, 182.375, 182.66666666666666, 177.45833333333334, 178.125, 184.45833333333334, 186.66666666666666, 181.375, 183.54166666666666, 184.91666666666666, 180.625, 179.625, 178.79166666666666], [207.48, 193.875, 191.33333333333334, 188.625, 184.70833333333334, 180.375, 182.54166666666666, 179.875, 177.20833333333334, 176.08333333333334, 181.5, 180.54166666666666, 179.58333333333334, 179.0, 182.20833333333334], [206.8, 196.83333333333334, 191.33333333333334, 182.70833333333334, 184.41666666666666, 185.5, 178.70833333333334, 182.04166666666666, 179.70833333333334, 178.16666666666666, 178.95833333333334, 181.625, 179.95833333333334]], "min_fits": [[189.0, 188.0, 185.0, 180.0, 179.0, 178.0, 175.0, 173.0, 173.0, 172.0, 172.0, 172.0, 172.0, 172.0, 172.0, 172.0, 172.0, 172.0, 172.0, 172.0], [178.0, 178.0, 177.0, 177.0, 177.0, 172.0, 172.0, 172.0, 172.0, 172.0, 172.0, 172.0, 172.0, 172.0, 172.0, 172.0], [178.0, 174.0, 173.0, 173.0, 172.0, 172.0, 172.0, 172.0, 172.0, 172.0, 172.0, 172.0, 172.0, 172.0, 172.0], [184.0, 183.0, 179.0, 173.0, 173.0, 173.0, 172.0, 172.0, 172.0, 172.0, 172.0, 172.0, 172.0, 172.0, 172.0, 172.0, 172.0], [184.0, 177.0, 177.0, 177.0, 177.0, 177.0, 173.0, 172.0, 172.0, 172.0, 172.0, 172.0, 172.0, 172.0, 172.0, 172.0, 172.0, 172.0], [172.0, 172.0, 172.0, 172.0, 172.0, 172.0, 172.0, 172.0, 172.0, 172.0, 172.0, 172.0, 172.0], [178.0, 177.0, 177.0, 177.0, 177.0, 177.0, 172.0, 172.0, 172.0, 172.0, 172.0, 172.0, 172.0, 172.0, 172.0, 172.0, 172.0], [173.0, 173.0, 173.0, 173.0, 173.0, 173.0, 173.0, 173.0, 172.0, 172.0, 172.0, 172.0, 172.0, 172.0, 172.0, 172.0, 172.0, 172.0, 172.0], [178.0, 178.0, 173.0, 173.0, 172.0, 172.0, 172.0, 172.0, 172.0, 172.0, 172.0, 172.0, 172.0, 172.0, 172.0], [178.0, 173.0, 172.0, 172.0, 172.0, 172.0, 172.0, 172.0, 172.0, 172.0, 172.0, 172.0, 172.0]], "max_fits": [[230.0, 230.0, 224.0, 220.0, 215.0, 219.0, 213.0, 212.0, 215.0, 200.0, 197.0, 223.0, 207.0, 208.0, 188.0, 197.0, 217.0, 194.0, 217.0, 204.0], [234.0, 230.0, 225.0, 209.0, 224.0, 209.0, 209.0, 212.0, 212.0, 207.0, 217.0, 217.0, 209.0, 223.0, 207.0, 217.0], [230.0, 224.0, 203.0, 213.0, 210.0, 210.0, 205.0, 194.0, 203.0, 202.0, 207.0, 209.0, 194.0, 209.0, 220.0], [234.0, 219.0, 218.0, 215.0, 209.0, 214.0, 212.0, 228.0, 218.0, 207.0, 214.0, 222.0, 208.0, 202.0, 203.0, 227.0, 212.0], [230.0, 224.0, 222.0, 209.0, 208.0, 208.0, 213.0, 200.0, 203.0, 212.0, 203.0, 207.0, 219.0, 203.0, 218.0, 202.0, 207.0, 217.0], [230.0, 223.0, 229.0, 217.0, 204.0, 217.0, 203.0, 207.0, 218.0, 220.0, 207.0, 203.0, 217.0], [229.0, 229.0, 212.0, 217.0, 207.0, 222.0, 223.0, 203.0, 227.0, 214.0, 199.0, 194.0, 209.0, 212.0, 212.0, 204.0, 202.0], [234.0, 228.0, 203.0, 212.0, 203.0, 203.0, 208.0, 209.0, 223.0, 202.0, 208.0, 217.0, 219.0, 213.0, 207.0, 220.0, 217.0, 202.0, 197.0], [230.0, 224.0, 218.0, 218.0, 210.0, 203.0, 218.0, 217.0, 208.0, 192.0, 208.0, 209.0, 213.0, 214.0, 212.0], [230.0, 228.0, 219.0, 229.0, 212.0, 208.0, 193.0, 202.0, 202.0, 202.0, 202.0, 217.0, 197.0]], "items_0": [[173.0, 173.0, 173.0, 173.0, 173.0, 172.0, 172.0, 172.0, 172.0, 172.0]], "best_final": [172.0, 172.0, 172.0, 172.0, 172.0, 172.0, 172.0, 172.0, 172.0, 172.0], "items_1": [[178.0, 177.0, 173.0, 173.0, 173.0, 172.0, 172.0, 172.0, 172.0, 172.0]], "items_2": [[172.0, 172.0, 172.0, 172.0, 172.0, 172.0, 172.0, 172.0, 172.0, 172.0]], "items_3": [[173.0, 173.0, 173.0, 172.0, 172.0, 172.0, 172.0, 172.0, 172.0, 172.0]], "items_4": [[177.0, 177.0, 174.0, 172.0, 172.0, 172.0, 172.0, 172.0, 172.0, 172.0]], "items_5": [[172.0, 172.0, 172.0, 172.0, 172.0, 172.0, 172.0, 172.0, 172.0, 172.0]], "items_6": [[172.0, 172.0, 172.0, 172.0, 172.0, 172.0, 172.0, 172.0, 172.0, 172.0]], "items_7": [[172.0, 172.0, 172.0, 172.0, 172.0, 172.0, 172.0, 172.0, 172.0, 172.0]], "items_8": [[173.0, 173.0, 173.0, 173.0, 172.0, 172.0, 172.0, 172.0, 172.0, 172.0]], "items_9": [[172.0, 172.0, 172.0, 172.0, 172.0, 172.0, 172.0, 172.0, 172.0, 172.0]]}