{"solver": ["elitist", "elitist", "elitist", "elitist", "elitist", "elitist", "elitist", "elitist", "elitist", "elitist"], "size": [4147200, 4147200, 4147200, 4147200, 4147200, 4147200, 4147200, 4147200, 4147200, 4147200], "times": [3.6201236248016357, 3.7929511070251465, 3.694465398788452, 3.615521192550659, 3.230372667312622, 4.451979875564575, 4.202916145324707, 3.6020994186401367, 3.6162850856781006, 3.1179940700531006], "bests": [172.0, 172.0, 172.0, 172.0, 172.0, 172.0, 172.0, 172.0, 172.0, 172.0], "avg_fits": [[205.44, 200.20833333333334, 194.375, 194.625, 185.20833333333334, 182.875, 182.625, 179.70833333333334, 181.95833333333334, 178.33333333333334, 182.58333333333334, 183.41666666666666, 179.83333333333334, 179.04166666666666, 181.66666666666666], [207.84, 194.16666666666666, 192.79166666666666, 187.54166666666666, 181.75, 179.04166666666666, 184.66666666666666, 182.625, 182.70833333333334, 183.25, 182.29166666666666, 177.83333333333334, 178.29166666666666, 182.16666666666666, 182.16666666666666, 177.625], [209.92, 201.625, 193.04166666666666, 190.83333333333334, 186.91666666666666, 181.5, 185.04166666666666, 180.54166666666666, 179.04166666666666, 181.66666666666666, 181.41666666666666, 183.79166666666666, 182.75, 178.83333333333334, 180.54166666666666, 181.08333333333334], [208.88, 199.625, 193.375, 184.83333333333334, 184.875, 180.95833333333334, 186.16666666666666, 182.5, 179.95833333333334, 180.5, 183.5, 181.95833333333334, 180.20833333333334, 181.29166666666666, 184.375, 183.0], [208.16, 195.20833333333334, 188.66666666666666, 183.04166666666666, 181.625, 177.79166666666666, 178.70833333333334, 180.375, 180.54166666666666, 181.91666666666666, 178.54166666666666, 179.75, 179.83333333333334], [211.48, 197.875, 190.29166666666666, 188.625, 187.29166666666666, 187.41666666666666, 182.29166666666666, 183.29166666666666, 181.08333333333334, 181.75, 181.66666666666666, 182.41666666666666, 176.66666666666666, 178.16666666666666, 182.5, 178.58333333333334, 178.41666666666666, 179.5, 180.29166666666666, 186.41666666666666], [203.8, 191.91666666666666, 186.125, 187.79166666666666, 183.875, 184.58333333333334, 181.58333333333334, 179.75, 180.25, 180.83333333333334, 177.25, 182.20833333333334, 179.83333333333334, 177.5, 179.75, 178.83333333333334, 177.66666666666666, 181.70833333333334], [208.24, 199.375, 191.54166666666666, 184.29166666666666, 183.79166666666666, 179.29166666666666, 182.875, 183.04166666666666, 181.33333333333334, 180.70833333333334, 178.625, 179.58333333333334, 182.5, 178.29166666666666, 180.54166666666666], [206.12, 191.70833333333334, 185.20833333333334, 183.125, 178.25, 177.875, 180.45833333333334, 182.95833333333334, 182.91666666666666, 185.375, 184.04166666666666, 180.125, 182.125, 179.5, 177.20833333333334], [208.0, 197.375, 191.91666666666666, 189.20833333333334, 180.41666666666666, 177.79166666666666, 183.5, 179.33333333333334, 181.25, 180.66666666666666, 179.375, 180.79166666666666, 179.75]], "min_fits": [[173.0, 173.0, 173.0, 173.0, 172.0, 172.0, 172.0, 172.0, 172.0, 172.0, 172.0, 172.0, 172.0, 172.0, 172.0], [180.0, 174.0, 174.0, 173.0, 173.0, 172.0, 172.0, 172.0, 172.0, 172.0, 172.0, 172.0, 172.0, 172.0, 172.0, 172.0], [179.0, 179.0, 173.0, 173.0, 173.0, 172.0, 172.0, 172.0, 172.0, 172.0, 172.0, 172.0, 172.0, 172.0, 172.0, 172.0], [189.0, 173.0, 173.0, 173.0, 173.0, 172.0, 172.0, 172.0, 172.0, 172.0, 172.0, 172.0, 172.0, 172.0, 172.0, 172.0], [184.0, 177.0, 172.0, 172.0, 172.0, 172.0, 172.0, 172.0, 172.0, 172.0, 172.0, 172.0, 172.0], [185.0, 174.0, 174.0, 174.0, 173.0, 173.0, 173.0, 173.0, 173.0, 172.0, 172.0, 172.0, 172.0, 172.0, 172.0, 172.0, 172.0, 172.0, 172.0, 172.0], [179.0, 179.0, 178.0, 174.0, 174.0, 174.0, 173.0, 172.0, 172.0, 172.0, 172.0, 172.0, 172.0, 172.0, 172.0, 172.0, 172.0, 172.0], [173.0, 173.0, 173.0, 173.0, 172.0, 172.0, 172.0, 172.0, 172.0, 172.0, 172.0, 172.0, 172.0, 172.0, 172.0], [174.0, 173.0, 173.0, 173.0, 172.0, 172.0, 172.0, 172.0, 172.0, 172.0, 172.0, 172.0, 172.0, 172.0, 172.0], [173.0, 173.0, 172.0, 172.0, 172.0, 172.0, 172.0, 172.0, 172.0, 172.0, 172.0, 172.0, 172.0]], "max_fits": [[230.0, 223.0, 213.0, 229.0, 218.0, 219.0, 213.0, 218.0, 207.0, 208.0, 208.0, 215.0, 193.0, 203.0, 208.0], [225.0, 220.0, 229.0, 208.0, 218.0, 204.0, 210.0, 218.0, 212.0, 222.0, 209.0, 202.0, 207.0, 203.0, 222.0, 204.0], [228.0, 230.0, 223.0, 214.0, 234.0, 223.0, 207.0, 210.0, 208.0, 212.0, 218.0, 222.0, 203.0, 192.0, 207.0, 203.0], [234.0, 220.0, 218.0, 205.0, 219.0, 208.0, 218.0, 208.0, 217.0, 210.0, 207.0, 220.0, 217.0, 203.0, 207.0, 217.0], [230.0, 223.0, 223.0, 210.0, 225.0, 205.0, 217.0, 207.0, 207.0, 205.0, 207.0, 199.0, 213.0], [235.0, 228.0, 224.0, 215.0, 215.0, 233.0, 214.0, 210.0, 208.0, 209.0, 213.0, 219.0, 217.0, 217.0, 222.0, 202.0, 209.0, 207.0, 203.0, 209.0], [224.0, 210.0, 202.0, 224.0, 199.0, 209.0, 209.0, 205.0, 209.0, 229.0, 204.0, 217.0, 208.0, 207.0, 197.0, 203.0, 202.0, 208.0], [233.0, 218.0, 215.0, 213.0, 210.0, 203.0, 218.0, 213.0, 218.0, 203.0, 210.0, 207.0, 218.0, 202.0, 208.0], [235.0, 213.0, 219.0, 213.0, 193.0, 209.0, 202.0, 205.0, 205.0, 212.0, 209.0, 209.0, 213.0, 202.0, 192.0], [229.0, 232.0, 218.0, 218.0, 193.0, 193.0, 213.0, 205.0, 204.0, 198.0, 217.0, 207.0, 208.0]], "items_0": [[177.0, 177.0, 174.0, 174.0, 173.0, 173.0, 172.0, 172.0, 172.0, 172.0]], "best_final": [172.0, 172.0, 172.0, 172.0, 172.0, 172.0, 172.0, 172.0, 172.0, 172.0], "items_1": [[172.0, 172.0, 172.0, 172.0, 172.0, 172.0, 172.0, 172.0, 172.0, 172.0]], "items_2": [[173.0, 172.0, 172.0, 172.0, 172.0, 172.0, 172.0, 172.0, 172.0, 172.0]], "items_3": [[173.0, 172.0, 172.0, 172.0, 172.0, 172.0, 172.0, 172.0, 172.0, 172.0]], "items_4": [[173.0, 173.0, 172.0, 172.0, 172.0, 172.0, 172.0, 172.0, 172.0, 172.0]], "items_5": [[174.0, 174.0, 174.0, 173.0, 172.0, 172.0, 172.0, 172.0, 172.0, 172.0]], "items_6": [[174.0, 173.0, 173.0, 173.0, 173.0, 173.0, 172.0, 172.0, 172.0, 172.0]], "items_7": [[172.0, 172.0, 172.0, 172.0, 172.0, 172.0, 172.0, 172.0, 172.0, 172.0]], "items_8": [[173.0, 173.0, 173.0, 173.0, 173.0, 172.0, 172.0, 172.0, 172.0, 172.0]], "items_9": [[173.0, 173.0, 173.0, 173.0, 172.0, 172.0, 172.0, 172.0, 172.0, 172.0]]}