{"solver": ["elitist", "elitist", "elitist", "elitist", "elitist", "elitist", "elitist", "elitist", "elitist", "elitist"], "size": [1658880, 1658880, 1658880, 1658880, 1658880, 1658880, 1658880, 1658880, 1658880, 1658880], "times": [47.523606300354004, 40.81794548034668, 44.886260986328125, 72.27020645141602, 38.882282733917236, 47.77534079551697, 44.10531282424927, 40.26330065727234, 36.718061447143555, 47.72014045715332], "bests": [187.0, 187.0, 187.0, 187.0, 187.0, 187.0, 187.0, 187.0, 187.0, 187.0], "avg_fits": [[NaN, NaN, NaN, NaN, NaN, NaN, NaN, NaN, NaN, NaN, NaN, NaN, NaN, NaN, NaN, NaN, NaN, NaN, NaN, NaN], [NaN, NaN, NaN, NaN, NaN, NaN, NaN, NaN, NaN, NaN, NaN, NaN, NaN, NaN, NaN, NaN, NaN, NaN], [NaN, NaN, NaN, NaN, NaN, NaN, NaN, NaN, NaN, NaN, NaN, NaN, NaN, NaN, NaN, NaN, NaN, NaN, NaN, NaN], [NaN, NaN, NaN, NaN, NaN, NaN, NaN, NaN, NaN, NaN, NaN, NaN, NaN, NaN, NaN, NaN, NaN, NaN, NaN, NaN, NaN, NaN, NaN, NaN, NaN, NaN, NaN, NaN, NaN, NaN], [NaN, NaN, NaN, NaN, NaN, NaN, NaN, NaN, NaN, NaN, NaN, NaN, NaN, NaN, NaN, NaN], [NaN, NaN, NaN, NaN, NaN, NaN, NaN, NaN, NaN, NaN, NaN, NaN, NaN, NaN, NaN, NaN, NaN, NaN, NaN, NaN], [NaN, NaN, NaN, NaN, NaN, NaN, NaN, NaN, NaN, NaN, NaN, NaN, NaN, NaN, NaN, NaN, NaN, NaN, NaN], [NaN, NaN, NaN, NaN, NaN, NaN, NaN, NaN, NaN, NaN, NaN, NaN, NaN, NaN, NaN, NaN, NaN, NaN], [NaN, NaN, NaN, NaN, NaN, NaN, NaN, NaN, NaN, NaN, NaN, NaN, NaN, NaN, NaN, NaN], [NaN, NaN, NaN, NaN, NaN, NaN, NaN, NaN, NaN, NaN, NaN, NaN, NaN, NaN, NaN, NaN, NaN, NaN, NaN, NaN]], "min_fits": [[NaN, 239.0, 239.0, 238.0, 229.0, 189.0, 189.0, 188.0, 188.0, 187.0, 187.0, 187.0, 187.0, 187.0, 187.0, 187.0, 187.0, 187.0, 187.0, 187.0], [NaN, 237.0, 197.0, 197.0, 192.0, 192.0, 192.0, 187.0, 187.0, 187.0, 187.0, 187.0, 187.0, 187.0, 187.0, 187.0, 187.0, 187.0], [NaN, 252.0, 247.0, 237.0, 237.0, 237.0, 213.0, 203.0, 188.0, 187.0, 187.0, 187.0, 187.0, 187.0, 187.0, 187.0, 187.0, 187.0, 187.0, 187.0], [NaN, NaN, NaN, NaN, NaN, 288.0, 274.0, 252.0, 224.0, 224.0, 224.0, 224.0, 224.0, 224.0, 214.0, 213.0, 213.0, 213.0, 213.0, 187.0, 187.0, 187.0, 187.0, 187.0, 187.0, 187.0, 187.0, 187.0, 187.0, 187.0], [NaN, 198.0, 198.0, 192.0, 192.0, 187.0, 187.0, 187.0, 187.0, 187.0, 187.0, 187.0, 187.0, 187.0, 187.0, 187.0], [NaN, NaN, 229.0, 229.0, 229.0, 193.0, 193.0, 188.0, 188.0, 187.0, 187.0, 187.0, 187.0, 187.0, 187.0, 187.0, 187.0, 187.0, 187.0, 187.0], [NaN, NaN, 209.0, 209.0, 198.0, 198.0, 198.0, 198.0, 187.0, 187.0, 187.0, 187.0, 187.0, 187.0, 187.0, 187.0, 187.0, 187.0, 187.0], [NaN, 203.0, 203.0, 203.0, 198.0, 193.0, 193.0, 187.0, 187.0, 187.0, 187.0, 187.0, 187.0, 187.0, 187.0, 187.0, 187.0, 187.0], [NaN, 197.0, 192.0, 192.0, 192.0, 187.0, 187.0, 187.0, 187.0, 187.0, 187.0, 187.0, 187.0, 187.0, 187.0, 187.0], [NaN, 254.0, 249.0, 238.0, 192.0, 192.0, 192.0, 192.0, 192.0, 187.0, 187.0, 187.0, 187.0, 187.0, 187.0, 187.0, 187.0, 187.0, 187.0, 187.0]], "max_fits": [[NaN, 263.0, 263.0, 263.0, 268.0, 247.0, 248.0, 247.0, 243.0, 269.0, 249.0, 243.0, 253.0, 238.0, 247.0, 238.0, 238.0, 237.0, 237.0, 243.0], [NaN, 244.0, 259.0, 273.0, 247.0, 264.0, 264.0, 274.0, 243.0, 238.0, 247.0, 227.0, 247.0, 242.0, 237.0, 242.0, 249.0, 237.0], [NaN, 289.0, 289.0, 284.0, 289.0, 273.0, 278.0, 253.0, 249.0, 254.0, 263.0, 249.0, 247.0, 253.0, 253.0, 243.0, 237.0, 253.0, 253.0, 253.0], [NaN, NaN, NaN, NaN, NaN, 294.0, 294.0, 294.0, 289.0, 284.0, 293.0, 293.0, 273.0, 269.0, 254.0, 247.0, 274.0, 263.0, 269.0, 263.0, 283.0, 268.0, 243.0, 247.0, 238.0, 247.0, 247.0, 242.0, 242.0, 242.0], [NaN, 284.0, 268.0, 258.0, 258.0, 259.0, 253.0, 253.0, 248.0, 242.0, 242.0, 248.0, 252.0, 243.0, 243.0, 247.0], [NaN, NaN, 248.0, 254.0, 248.0, 247.0, 249.0, 253.0, 264.0, 247.0, 243.0, 242.0, 249.0, 248.0, 253.0, 243.0, 243.0, 242.0, 248.0, 248.0], [NaN, NaN, 269.0, 273.0, 274.0, 273.0, 259.0, 248.0, 258.0, 247.0, 247.0, 244.0, 243.0, 248.0, 274.0, 273.0, 242.0, 247.0, 242.0], [NaN, 284.0, 278.0, 293.0, 283.0, 273.0, 259.0, 259.0, 253.0, 253.0, 258.0, 248.0, 243.0, 233.0, 242.0, 237.0, 243.0, 243.0], [NaN, 288.0, 294.0, 259.0, 258.0, 253.0, 242.0, 247.0, 263.0, 242.0, 248.0, 237.0, 232.0, 237.0, 238.0, 248.0], [NaN, 288.0, 288.0, 289.0, 279.0, 259.0, 253.0, 238.0, 243.0, 248.0, 242.0, 237.0, 258.0, 233.0, 238.0, 237.0, 199.0, 237.0, 247.0, 238.0]], "items_0": [[192.0, 197.0, 192.0, 192.0, 187.0, 187.0, 192.0, 187.0, 187.0, 197.0]], "best_final": [187.0, 187.0, 187.0, 187.0, 187.0, 187.0, 187.0, 187.0, 187.0, 187.0], "items_1": [[193.0, 193.0, 192.0, 192.0, 192.0, 187.0, 187.0, 187.0, 187.0, 187.0]], "items_2": [[227.0, 198.0, 227.0, 242.0, 238.0, 192.0, 192.0, 187.0, 187.0, 187.0]], "items_3": [[188.0, 187.0, 187.0, 187.0, 187.0, 187.0, 187.0, 187.0, 198.0, 192.0]], "items_4": [[192.0, 188.0, 188.0, 187.0, 187.0, 187.0, 204.0, 193.0, 188.0, 188.0]], "items_5": [[192.0, 187.0, 187.0, 187.0, 187.0, 187.0, 187.0, 187.0, 187.0, 233.0]], "items_6": [[197.0, 192.0, 192.0, 187.0, 187.0, 187.0, 232.0, 214.0, 192.0, 187.0]], "items_7": [[188.0, 187.0, 187.0, 187.0, 187.0, 187.0, 187.0, 187.0, 187.0, 187.0]], "items_8": [[187.0, 187.0, 187.0, 187.0, 187.0, 187.0, 223.0, 198.0, 188.0, 188.0]], "items_9": [[203.0, 192.0, 192.0, 187.0, 187.0, 187.0, 187.0, 187.0, 187.0, 187.0]]}