{"solver": ["elitist", "elitist", "elitist", "elitist", "elitist", "elitist", "elitist", "elitist", "elitist", "elitist"], "size": [1658880, 1658880, 1658880, 1658880, 1658880, 1658880, 1658880, 1658880, 1658880, 1658880], "times": [4.142899751663208, 5.393908739089966, 6.2419891357421875, 6.056036472320557, 4.176187038421631, 6.0685875415802, 5.3136351108551025, 6.6914966106414795, 4.843008756637573, 5.12372612953186], "bests": [187.0, 187.0, 187.0, 187.0, 187.0, 187.0, 187.0, 187.0, 187.0, 187.0], "avg_fits": [[NaN, NaN, NaN, NaN, NaN, NaN, NaN, NaN, NaN, NaN, NaN, NaN, NaN, NaN], [NaN, NaN, NaN, NaN, NaN, NaN, NaN, NaN, NaN, NaN, NaN, NaN, NaN, NaN, NaN, NaN, NaN], [NaN, NaN, NaN, NaN, NaN, NaN, NaN, NaN, NaN, NaN, NaN, NaN, NaN, NaN, NaN, NaN, NaN, NaN, NaN, NaN], [NaN, NaN, NaN, NaN, NaN, NaN, NaN, NaN, NaN, NaN, NaN, NaN, NaN, NaN, NaN, NaN, NaN, NaN, NaN], [NaN, NaN, NaN, NaN, NaN, NaN, NaN, NaN, NaN, NaN, NaN, NaN, NaN], [NaN, NaN, NaN, NaN, NaN, NaN, NaN, NaN, NaN, NaN, NaN, NaN, NaN, NaN, NaN, NaN, NaN, NaN, NaN, NaN], [NaN, NaN, NaN, NaN, NaN, NaN, NaN, NaN, NaN, NaN, NaN, NaN, NaN, NaN, NaN, NaN, NaN], [NaN, NaN, NaN, NaN, NaN, NaN, NaN, NaN, NaN, NaN, NaN, NaN, NaN, NaN, NaN, NaN, NaN, NaN, NaN, NaN], [NaN, NaN, NaN, NaN, NaN, NaN, NaN, NaN, NaN, NaN, NaN, NaN, NaN, NaN, NaN, NaN], [NaN, NaN, NaN, NaN, NaN, NaN, NaN, NaN, NaN, NaN, NaN, NaN, NaN, NaN, NaN, NaN]], "min_fits": [[NaN, 188.0, 188.0, 187.0, 187.0, 187.0, 187.0, 187.0, 187.0, 187.0, 187.0, 187.0, 187.0, 187.0], [NaN, 188.0, 188.0, 188.0, 188.0, 188.0, 187.0, 187.0, 187.0, 187.0, 187.0, 187.0, 187.0, 187.0, 187.0, 187.0, 187.0], [NaN, 238.0, 229.0, 188.0, 188.0, 188.0, 188.0, 188.0, 188.0, 187.0, 187.0, 187.0, 187.0, 187.0, 187.0, 187.0, 187.0, 187.0, 187.0, 187.0], [NaN, 209.0, 199.0, 194.0, 193.0, 189.0, 188.0, 188.0, 187.0, 187.0, 187.0, 187.0, 187.0, 187.0, 187.0, 187.0, 187.0, 187.0, 187.0], [189.0, 189.0, 187.0, 187.0, 187.0, 187.0, 187.0, 187.0, 187.0, 187.0, 187.0, 187.0, 187.0], [NaN, 204.0, 194.0, 188.0, 188.0, 188.0, 188.0, 188.0, 188.0, 187.0, 187.0, 187.0, 187.0, 187.0, 187.0, 187.0, 187.0, 187.0, 187.0, 187.0], [NaN, 193.0, 192.0, 192.0, 192.0, 192.0, 187.0, 187.0, 187.0, 187.0, 187.0, 187.0, 187.0, 187.0, 187.0, 187.0, 187.0], [NaN, 193.0, 192.0, 192.0, 192.0, 192.0, 192.0, 192.0, 192.0, 187.0, 187.0, 187.0, 187.0, 187.0, 187.0, 187.0, 187.0, 187.0, 187.0, 187.0], [197.0, 197.0, 192.0, 192.0, 192.0, 187.0, 187.0, 187.0, 187.0, 187.0, 187.0, 187.0, 187.0, 187.0, 187.0, 187.0], [NaN, 189.0, 189.0, 188.0, 188.0, 187.0, 187.0, 187.0, 187.0, 187.0, 187.0, 187.0, 187.0, 187.0, 187.0, 187.0]], "max_fits": [[NaN, 248.0, 249.0, 244.0, 243.0, 238.0, 238.0, 247.0, 247.0, 242.0, 238.0, 233.0, 247.0, 249.0], [NaN, 244.0, 239.0, 244.0, 243.0, 234.0, 243.0, 234.0, 233.0, 233.0, 234.0, 263.0, 242.0, 234.0, 242.0, 208.0, 238.0], [NaN, 249.0, 259.0, 248.0, 253.0, 239.0, 204.0, 238.0, 199.0, 203.0, 238.0, 198.0, 198.0, 244.0, 243.0, 237.0, 238.0, 242.0, 237.0, 238.0], [NaN, 264.0, 259.0, 239.0, 243.0, 249.0, 263.0, 238.0, 243.0, 248.0, 198.0, 247.0, 249.0, 233.0, 209.0, 199.0, 204.0, 243.0, 243.0], [239.0, 279.0, 268.0, 238.0, 242.0, 244.0, 237.0, 238.0, 228.0, 238.0, 233.0, 238.0, 247.0], [NaN, 289.0, 249.0, 253.0, 204.0, 244.0, 254.0, 238.0, 248.0, 248.0, 248.0, 228.0, 239.0, 238.0, 248.0, 228.0, 248.0, 238.0, 242.0, 242.0], [NaN, 243.0, 248.0, 253.0, 253.0, 238.0, 252.0, 249.0, 238.0, 204.0, 248.0, 243.0, 238.0, 283.0, 202.0, 234.0, 242.0], [NaN, 283.0, 243.0, 269.0, 244.0, 238.0, 243.0, 233.0, 243.0, 243.0, 203.0, 258.0, 208.0, 243.0, 238.0, 188.0, 208.0, 244.0, 238.0, 203.0], [274.0, 278.0, 284.0, 289.0, 269.0, 239.0, 248.0, 274.0, 242.0, 253.0, 244.0, 237.0, 243.0, 244.0, 237.0, 243.0], [NaN, 238.0, 259.0, 244.0, 239.0, 239.0, 243.0, 238.0, 243.0, 234.0, 239.0, 203.0, 238.0, 268.0, 238.0, 208.0]], "items_0": [[187.0, 187.0, 187.0, 187.0, 187.0, 187.0, 187.0, 187.0, 187.0, 187.0]], "best_final": [187.0, 187.0, 187.0, 187.0, 187.0, 187.0, 187.0, 187.0, 187.0, 187.0], "items_1": [[198.0, 197.0, 192.0, 188.0, 187.0, 187.0, 187.0, 187.0, 187.0, 187.0]], "items_2": [[188.0, 188.0, 187.0, 187.0, 187.0, 187.0, 187.0, 187.0, 187.0, 187.0]], "items_3": [[192.0, 188.0, 188.0, 187.0, 187.0, 187.0, 187.0, 187.0, 187.0, 187.0]], "items_4": [[187.0, 187.0, 187.0, 187.0, 187.0, 187.0, 187.0, 187.0, 187.0, 187.0]], "items_5": [[187.0, 187.0, 187.0, 187.0, 187.0, 187.0, 187.0, 187.0, 187.0, 187.0]], "items_6": [[188.0, 188.0, 188.0, 187.0, 187.0, 187.0, 187.0, 187.0, 187.0, 187.0]], "items_7": [[188.0, 188.0, 188.0, 187.0, 187.0, 187.0, 187.0, 187.0, 187.0, 187.0]], "items_8": [[193.0, 188.0, 187.0, 187.0, 187.0, 187.0, 187.0, 187.0, 187.0, 187.0]], "items_9": [[188.0, 188.0, 188.0, 187.0, 187.0, 187.0, 187.0, 187.0, 187.0, 187.0]]}