{"solver": ["elitist", "elitist", "elitist", "elitist", "elitist", "elitist", "elitist", "elitist", "elitist", "elitist"], "size": [1440, 1440, 1440, 1440, 1440, 1440, 1440, 1440, 1440, 1440], "times": [7.12282395362854, 7.701050043106079, 7.1252641677856445, 7.086636066436768, 7.086235046386719, 7.1457743644714355, 7.104568004608154, 7.127068758010864, 7.720099449157715, 7.266006946563721], "bests": [108.0, 108.0, 108.0, 108.0, 108.0, 108.0, 108.0, 108.0, 108.0, 118.0], "avg_fits": [[NaN, NaN, NaN, NaN, NaN, NaN, NaN, NaN, NaN, NaN, NaN, NaN, NaN], [NaN, NaN, NaN, NaN, NaN, NaN, NaN, NaN, NaN, NaN, NaN, NaN, NaN, NaN], [NaN, NaN, NaN, NaN, NaN, NaN, NaN, NaN, NaN, NaN, NaN, NaN, NaN], [NaN, NaN, NaN, NaN, NaN, NaN, NaN, NaN, NaN, NaN, NaN, NaN, NaN], [NaN, NaN, NaN, NaN, NaN, NaN, NaN, NaN, NaN, NaN, NaN, NaN, NaN], [NaN, NaN, NaN, NaN, NaN, NaN, NaN, NaN, NaN, NaN, NaN, NaN, NaN], [NaN, NaN, NaN, NaN, NaN, NaN, NaN, NaN, NaN, NaN, NaN, NaN, NaN], [NaN, NaN, NaN, NaN, NaN, NaN, NaN, NaN, NaN, NaN, NaN, NaN, NaN], [NaN, NaN, NaN, NaN, NaN, NaN, NaN, NaN, NaN, NaN, NaN, NaN, NaN, NaN], [NaN, NaN, NaN, NaN, NaN, NaN, NaN, NaN, NaN, NaN, NaN, NaN, NaN]], "min_fits": [[NaN, 108.0, 108.0, 108.0, 108.0, 108.0, 108.0, 108.0, 108.0, 108.0, 108.0, 108.0, 108.0], [NaN, NaN, NaN, 108.0, 108.0, 108.0, 108.0, 108.0, 108.0, 108.0, 108.0, 108.0, 108.0, 108.0], [NaN, 108.0, 108.0, 108.0, 108.0, 108.0, 108.0, 108.0, 108.0, 108.0, 108.0, 108.0, 108.0], [NaN, 108.0, 108.0, 108.0, 108.0, 108.0, 108.0, 108.0, 108.0, 108.0, 108.0, 108.0, 108.0], [NaN, 109.0, 108.0, 108.0, 108.0, 108.0, 108.0, 108.0, 108.0, 108.0, 108.0, 108.0, 108.0], [NaN, 108.0, 108.0, 108.0, 108.0, 108.0, 108.0, 108.0, 108.0, 108.0, 108.0, 108.0, 108.0], [NaN, 108.0, 108.0, 108.0, 108.0, 108.0, 108.0, 108.0, 108.0, 108.0, 108.0, 108.0, 108.0], [NaN, 109.0, 108.0, 108.0, 108.0, 108.0, 108.0, 108.0, 108.0, 108.0, 108.0, 108.0, 108.0], [NaN, NaN, 118.0, 108.0, 108.0, 108.0, 108.0, 108.0, 108.0, 108.0, 108.0, 108.0, 108.0, 108.0], [NaN, 118.0, 118.0, 118.0, 118.0, 118.0, 118.0, 118.0, 118.0, 118.0, 118.0, 118.0, 118.0]], "max_fits": [[NaN, 119.0, 119.0, 118.0, 118.0, 119.0, 118.0, 108.0, 119.0, 119.0, 118.0, 118.0, 118.0], [NaN, NaN, NaN, 109.0, 119.0, 119.0, 119.0, 119.0, 119.0, 118.0, 119.0, 118.0, 118.0, 119.0], [NaN, 119.0, 119.0, 119.0, 118.0, 118.0, 118.0, 109.0, 118.0, 118.0, 118.0, 118.0, 118.0], [NaN, 119.0, 119.0, 119.0, 118.0, 118.0, 118.0, 118.0, 118.0, 108.0, 118.0, 118.0, 118.0], [NaN, 119.0, 119.0, 119.0, 119.0, 118.0, 118.0, 118.0, 119.0, 118.0, 118.0, 118.0, 118.0], [NaN, 119.0, 119.0, 119.0, 118.0, 118.0, 118.0, 118.0, 118.0, 118.0, 118.0, 118.0, 108.0], [NaN, 119.0, 119.0, 119.0, 119.0, 119.0, 118.0, 118.0, 118.0, 119.0, 118.0, 118.0, 118.0], [NaN, 119.0, 119.0, 119.0, 119.0, 119.0, 118.0, 118.0, 118.0, 118.0, 118.0, 118.0, 118.0], [NaN, NaN, 119.0, 119.0, 119.0, 119.0, 119.0, 119.0, 119.0, 118.0, 118.0, 118.0, 119.0, 118.0], [NaN, 119.0, 119.0, 119.0, 119.0, 119.0, 118.0, 119.0, 119.0, 118.0, 118.0, 119.0, 119.0]], "items_0": [[108.0, 108.0, 108.0, 108.0, 108.0, 108.0, 108.0, 108.0, 108.0, 108.0]], "best_final": [108.0, 108.0, 108.0, 108.0, 108.0, 108.0, 108.0, 108.0, 108.0, 108.0], "items_1": [[108.0, 108.0, 108.0, 108.0, 108.0, 108.0, 108.0, 108.0, 108.0, 108.0]], "items_2": [[108.0, 108.0, 108.0, 108.0, 108.0, 108.0, 108.0, 108.0, 108.0, 119.0]], "items_3": [[108.0, 108.0, 108.0, 108.0, 108.0, 108.0, 108.0, 108.0, 108.0, 108.0]], "items_4": [[108.0, 108.0, 108.0, 108.0, 108.0, 108.0, 108.0, 108.0, 108.0, 108.0]], "items_5": [[108.0, 108.0, 108.0, 108.0, 108.0, 108.0, 108.0, 108.0, 108.0, 108.0]], "items_6": [[108.0, 108.0, 108.0, 108.0, 108.0, 108.0, 108.0, 118.0, 118.0, 108.0]], "items_7": [[108.0, 108.0, 108.0, 108.0, 108.0, 108.0, 108.0, 108.0, 108.0, 108.0]], "items_8": [[108.0, 108.0, 108.0, 108.0, 108.0, 108.0, 108.0, 108.0, 108.0, 108.0]], "items_9": [[118.0, 118.0, 118.0, 118.0, 118.0, 108.0, 118.0, 118.0, 118.0, 118.0]]}