{"solver": ["elitist", "elitist", "elitist", "elitist", "elitist", "elitist", "elitist", "elitist", "elitist", "elitist"], "size": [1658880, 1658880, 1658880, 1658880, 1658880, 1658880, 1658880, 1658880, 1658880, 1658880], "times": [38.3619704246521, 57.60759902000427, 61.06165814399719, 47.99237418174744, 50.531232833862305, 46.36899471282959, 40.52800679206848, 52.506142139434814, 38.187071800231934, 55.23433709144592], "bests": [187.0, 187.0, 187.0, 187.0, 187.0, 187.0, 187.0, 187.0, 187.0, 187.0], "avg_fits": [[NaN, NaN, NaN, NaN, NaN, NaN, NaN, NaN, NaN, NaN, NaN, NaN, NaN], [NaN, NaN, NaN, NaN, NaN, NaN, NaN, NaN, NaN, NaN, NaN, NaN, NaN, NaN, NaN, NaN, NaN, NaN, NaN, NaN], [NaN, NaN, NaN, NaN, NaN, NaN, NaN, NaN, NaN, NaN, NaN, NaN, NaN, NaN, NaN, NaN, NaN, NaN, NaN, NaN, NaN, NaN, NaN, NaN, NaN, NaN, NaN], [NaN, NaN, NaN, NaN, NaN, NaN, NaN, NaN, NaN, NaN, NaN, NaN, NaN, NaN, NaN, NaN, NaN], [NaN, NaN, NaN, NaN, NaN, NaN, NaN, NaN, NaN, NaN, NaN, NaN, NaN, NaN, NaN, NaN, NaN, NaN], [NaN, NaN, NaN, NaN, NaN, NaN, NaN, NaN, NaN, NaN, NaN, NaN, NaN, NaN, NaN, NaN, NaN, NaN, NaN, NaN], [NaN, NaN, NaN, NaN, NaN, NaN, NaN, NaN, NaN, NaN, NaN, NaN, NaN, NaN], [NaN, NaN, NaN, NaN, NaN, NaN, NaN, NaN, NaN, NaN, NaN, NaN, NaN, NaN, NaN, NaN, NaN, NaN, NaN], [NaN, NaN, NaN, NaN, NaN, NaN, NaN, NaN, NaN, NaN, NaN, NaN, NaN, NaN, NaN], [NaN, NaN, NaN, NaN, NaN, NaN, NaN, NaN, NaN, NaN, NaN, NaN, NaN, NaN, NaN, NaN, NaN, NaN, NaN, NaN, NaN]], "min_fits": [[NaN, 192.0, 187.0, 187.0, 187.0, 187.0, 187.0, 187.0, 187.0, 187.0, 187.0, 187.0, 187.0], [NaN, 204.0, 197.0, 192.0, 192.0, 192.0, 192.0, 192.0, 188.0, 187.0, 187.0, 187.0, 187.0, 187.0, 187.0, 187.0, 187.0, 187.0, 187.0, 187.0], [NaN, 254.0, 254.0, 249.0, 237.0, 237.0, 233.0, 228.0, 227.0, 227.0, 227.0, 227.0, 227.0, 227.0, 227.0, 227.0, 187.0, 187.0, 187.0, 187.0, 187.0, 187.0, 187.0, 187.0, 187.0, 187.0, 187.0], [NaN, 199.0, 198.0, 193.0, 192.0, 192.0, 187.0, 187.0, 187.0, 187.0, 187.0, 187.0, 187.0, 187.0, 187.0, 187.0, 187.0], [NaN, 234.0, 234.0, 198.0, 198.0, 193.0, 188.0, 187.0, 187.0, 187.0, 187.0, 187.0, 187.0, 187.0, 187.0, 187.0, 187.0, 187.0], [NaN, 197.0, 197.0, 197.0, 197.0, 197.0, 192.0, 192.0, 188.0, 187.0, 187.0, 187.0, 187.0, 187.0, 187.0, 187.0, 187.0, 187.0, 187.0, 187.0], [NaN, 192.0, 192.0, 187.0, 187.0, 187.0, 187.0, 187.0, 187.0, 187.0, 187.0, 187.0, 187.0, 187.0], [NaN, 254.0, 208.0, 208.0, 193.0, 193.0, 188.0, 188.0, 187.0, 187.0, 187.0, 187.0, 187.0, 187.0, 187.0, 187.0, 187.0, 187.0, 187.0], [NaN, NaN, NaN, NaN, 187.0, 187.0, 187.0, 187.0, 187.0, 187.0, 187.0, 187.0, 187.0, 187.0, 187.0], [NaN, NaN, 243.0, 194.0, 194.0, 189.0, 188.0, 188.0, 188.0, 188.0, 187.0, 187.0, 187.0, 187.0, 187.0, 187.0, 187.0, 187.0, 187.0, 187.0, 187.0]], "max_fits": [[NaN, 273.0, 254.0, 253.0, 258.0, 248.0, 242.0, 242.0, 254.0, 238.0, 239.0, 252.0, 237.0], [NaN, 268.0, 289.0, 278.0, 254.0, 259.0, 258.0, 248.0, 247.0, 243.0, 253.0, 242.0, 247.0, 242.0, 242.0, 242.0, 242.0, 242.0, 243.0, 243.0], [NaN, 254.0, 254.0, 259.0, 259.0, 259.0, 259.0, 264.0, 248.0, 248.0, 243.0, 248.0, 242.0, 253.0, 253.0, 238.0, 247.0, 242.0, 247.0, 237.0, 233.0, 247.0, 242.0, 248.0, 248.0, 263.0, 258.0], [NaN, 288.0, 288.0, 249.0, 253.0, 248.0, 243.0, 238.0, 237.0, 203.0, 242.0, 253.0, 283.0, 248.0, 249.0, 247.0, 237.0], [NaN, 239.0, 239.0, 284.0, 289.0, 294.0, 273.0, 283.0, 244.0, 239.0, 242.0, 238.0, 197.0, 238.0, 238.0, 242.0, 248.0, 237.0], [NaN, 248.0, 259.0, 289.0, 289.0, 258.0, 247.0, 252.0, 248.0, 247.0, 248.0, 264.0, 239.0, 243.0, 239.0, 242.0, 239.0, 242.0, 242.0, 263.0], [NaN, 243.0, 243.0, 253.0, 253.0, 242.0, 258.0, 258.0, 253.0, 237.0, 253.0, 252.0, 242.0, 237.0], [NaN, 254.0, 259.0, 259.0, 259.0, 249.0, 258.0, 248.0, 253.0, 243.0, 238.0, 263.0, 243.0, 248.0, 238.0, 288.0, 279.0, 248.0, 237.0], [NaN, NaN, NaN, NaN, 237.0, 253.0, 247.0, 247.0, 247.0, 247.0, 263.0, 238.0, 247.0, 278.0, 247.0], [NaN, NaN, 274.0, 274.0, 259.0, 258.0, 259.0, 249.0, 254.0, 244.0, 239.0, 248.0, 238.0, 234.0, 237.0, 243.0, 242.0, 242.0, 248.0, 247.0, 239.0]], "items_0": [[227.0, 197.0, 192.0, 192.0, 188.0, 187.0, 187.0, 187.0, 187.0, 187.0]], "best_final": [187.0, 187.0, 187.0, 187.0, 187.0, 187.0, 187.0, 187.0, 187.0, 187.0], "items_1": [[193.0, 192.0, 192.0, 192.0, 192.0, 187.0, 187.0, 187.0, 187.0, 187.0]], "items_2": [[192.0, 188.0, 187.0, 187.0, 187.0, 187.0, 187.0, 187.0, 187.0, 188.0]], "items_3": [[188.0, 187.0, 187.0, 187.0, 187.0, 187.0, 187.0, 187.0, 187.0, 209.0]], "items_4": [[188.0, 187.0, 187.0, 187.0, 187.0, 187.0, 187.0, 187.0, 187.0, 187.0]], "items_5": [[187.0, 187.0, 187.0, 187.0, 187.0, 187.0, 187.0, 187.0, 243.0, 198.0]], "items_6": [[188.0, 187.0, 188.0, 237.0, 202.0, 188.0, 187.0, 187.0, 187.0, 187.0]], "items_7": [[187.0, 187.0, 187.0, 187.0, 187.0, 187.0, 187.0, 187.0, 238.0, 187.0]], "items_8": [[192.0, 192.0, 192.0, 187.0, 187.0, 187.0, 187.0, 187.0, 187.0, 187.0]], "items_9": [[204.0, 202.0, 198.0, 197.0, 197.0, 193.0, 192.0, 187.0, 187.0, 187.0]]}