{"solver": ["elitist", "elitist", "elitist", "elitist", "elitist", "elitist", "elitist", "elitist", "elitist", "elitist"], "size": [1658880, 1658880, 1658880, 1658880, 1658880, 1658880, 1658880, 1658880, 1658880, 1658880], "times": [3.7701990604400635, 5.248685121536255, 4.3674304485321045, 4.9477527141571045, 5.285582780838013, 3.8599283695220947, 5.306427955627441, 4.154476881027222, 4.69867467880249, 4.185352087020874], "bests": [187.0, 187.0, 187.0, 187.0, 187.0, 187.0, 187.0, 187.0, 187.0, 187.0], "avg_fits": [[NaN, NaN, NaN, NaN, NaN, NaN, NaN, NaN, NaN, NaN, NaN, NaN, NaN], [NaN, NaN, NaN, NaN, NaN, NaN, NaN, NaN, NaN, NaN, NaN, NaN, NaN, NaN, NaN, NaN, NaN, NaN], [NaN, NaN, NaN, NaN, NaN, NaN, NaN, NaN, NaN, NaN, NaN, NaN, NaN, NaN, NaN, NaN], [NaN, NaN, NaN, NaN, NaN, NaN, NaN, NaN, NaN, NaN, NaN, NaN, NaN, NaN, NaN, NaN, NaN], [NaN, NaN, NaN, NaN, NaN, NaN, NaN, NaN, NaN, NaN, NaN, NaN, NaN, NaN, NaN, NaN, NaN, NaN], [NaN, NaN, NaN, NaN, NaN, NaN, NaN, NaN, NaN, NaN, NaN, NaN, NaN], [NaN, NaN, NaN, NaN, NaN, NaN, NaN, NaN, NaN, NaN, NaN, NaN, NaN, NaN, NaN, NaN, NaN], [NaN, NaN, NaN, NaN, NaN, NaN, NaN, NaN, NaN, NaN, NaN, NaN, NaN, NaN], [NaN, NaN, NaN, NaN, NaN, NaN, NaN, NaN, NaN, NaN, NaN, NaN, NaN, NaN, NaN, NaN, NaN], [NaN, NaN, NaN, NaN, NaN, NaN, NaN, NaN, NaN, NaN, NaN, NaN, NaN, NaN]], "min_fits": [[NaN, 197.0, 187.0, 187.0, 187.0, 187.0, 187.0, 187.0, 187.0, 187.0, 187.0, 187.0, 187.0], [NaN, 193.0, 192.0, 188.0, 188.0, 188.0, 188.0, 187.0, 187.0, 187.0, 187.0, 187.0, 187.0, 187.0, 187.0, 187.0, 187.0, 187.0], [NaN, 228.0, 198.0, 188.0, 188.0, 187.0, 187.0, 187.0, 187.0, 187.0, 187.0, 187.0, 187.0, 187.0, 187.0, 187.0], [NaN, 193.0, 193.0, 193.0, 192.0, 189.0, 187.0, 187.0, 187.0, 187.0, 187.0, 187.0, 187.0, 187.0, 187.0, 187.0, 187.0], [198.0, 197.0, 192.0, 192.0, 188.0, 188.0, 188.0, 187.0, 187.0, 187.0, 187.0, 187.0, 187.0, 187.0, 187.0, 187.0, 187.0, 187.0], [NaN, 189.0, 187.0, 187.0, 187.0, 187.0, 187.0, 187.0, 187.0, 187.0, 187.0, 187.0, 187.0], [NaN, 193.0, 193.0, 192.0, 189.0, 189.0, 187.0, 187.0, 187.0, 187.0, 187.0, 187.0, 187.0, 187.0, 187.0, 187.0, 187.0], [NaN, 198.0, 197.0, 187.0, 187.0, 187.0, 187.0, 187.0, 187.0, 187.0, 187.0, 187.0, 187.0, 187.0], [NaN, 199.0, 193.0, 189.0, 189.0, 189.0, 187.0, 187.0, 187.0, 187.0, 187.0, 187.0, 187.0, 187.0, 187.0, 187.0, 187.0], [NaN, 192.0, 192.0, 187.0, 187.0, 187.0, 187.0, 187.0, 187.0, 187.0, 187.0, 187.0, 187.0, 187.0]], "max_fits": [[NaN, 273.0, 273.0, 274.0, 248.0, 244.0, 243.0, 239.0, 242.0, 234.0, 234.0, 238.0, 248.0], [NaN, 248.0, 247.0, 288.0, 234.0, 209.0, 252.0, 253.0, 233.0, 238.0, 244.0, 248.0, 248.0, 238.0, 253.0, 228.0, 254.0, 248.0], [NaN, 258.0, 293.0, 289.0, 253.0, 204.0, 243.0, 238.0, 243.0, 233.0, 238.0, 243.0, 237.0, 238.0, 234.0, 237.0], [NaN, 234.0, 243.0, 224.0, 289.0, 243.0, 247.0, 244.0, 243.0, 198.0, 234.0, 239.0, 233.0, 254.0, 239.0, 238.0, 283.0], [289.0, 294.0, 248.0, 239.0, 244.0, 239.0, 243.0, 243.0, 247.0, 244.0, 238.0, 239.0, 198.0, 208.0, 243.0, 203.0, 237.0, 289.0], [NaN, 279.0, 239.0, 269.0, 239.0, 228.0, 243.0, 213.0, 233.0, 238.0, 244.0, 228.0, 242.0], [NaN, 283.0, 258.0, 258.0, 239.0, 233.0, 224.0, 239.0, 243.0, 233.0, 203.0, 234.0, 233.0, 288.0, 233.0, 233.0, 234.0], [NaN, 268.0, 268.0, 283.0, 239.0, 249.0, 248.0, 239.0, 233.0, 244.0, 238.0, 233.0, 233.0, 228.0], [NaN, 248.0, 294.0, 239.0, 254.0, 249.0, 244.0, 248.0, 283.0, 254.0, 239.0, 247.0, 243.0, 238.0, 239.0, 254.0, 232.0], [NaN, 284.0, 243.0, 199.0, 224.0, 203.0, 243.0, 218.0, 234.0, 233.0, 233.0, 244.0, 243.0, 233.0]], "items_0": [[192.0, 189.0, 187.0, 187.0, 187.0, 187.0, 187.0, 187.0, 187.0, 187.0]], "best_final": [187.0, 187.0, 187.0, 187.0, 187.0, 187.0, 187.0, 187.0, 187.0, 187.0], "items_1": [[187.0, 187.0, 187.0, 187.0, 187.0, 187.0, 187.0, 187.0, 187.0, 187.0]], "items_2": [[188.0, 187.0, 187.0, 187.0, 187.0, 187.0, 187.0, 187.0, 187.0, 187.0]], "items_3": [[192.0, 187.0, 187.0, 187.0, 187.0, 187.0, 187.0, 187.0, 187.0, 187.0]], "items_4": [[187.0, 187.0, 187.0, 187.0, 187.0, 187.0, 187.0, 187.0, 187.0, 187.0]], "items_5": [[188.0, 188.0, 188.0, 187.0, 187.0, 187.0, 187.0, 187.0, 187.0, 187.0]], "items_6": [[192.0, 188.0, 188.0, 188.0, 187.0, 187.0, 187.0, 187.0, 187.0, 187.0]], "items_7": [[188.0, 187.0, 187.0, 187.0, 187.0, 187.0, 187.0, 187.0, 187.0, 187.0]], "items_8": [[198.0, 193.0, 193.0, 192.0, 188.0, 188.0, 187.0, 187.0, 187.0, 187.0]], "items_9": [[188.0, 187.0, 187.0, 187.0, 187.0, 187.0, 187.0, 187.0, 187.0, 187.0]]}