{"solver": ["elitist", "elitist", "elitist", "elitist", "elitist", "elitist", "elitist", "elitist", "elitist", "elitist"], "times": [3.2534427642822266, 3.0758957862854004, 3.75829815864563, 3.3349058628082275, 3.8073718547821045, 3.0059738159179688, 3.698984384536743, 3.096571445465088, 3.021160364151001, 4.325845003128052], "bests": [187.0, 187.0, 187.0, 187.0, 187.0, 187.0, 187.0, 187.0, 187.0, 187.0], "avg_fits": [[NaN, NaN, NaN, NaN, NaN, NaN, NaN, NaN, NaN, NaN, NaN, NaN, NaN, NaN, NaN], [NaN, NaN, NaN, NaN, NaN, NaN, NaN, NaN, NaN, NaN, NaN, NaN, NaN, NaN, NaN], [NaN, NaN, NaN, NaN, NaN, NaN, NaN, NaN, NaN, NaN, NaN, NaN, NaN, NaN, NaN, NaN, NaN], [NaN, NaN, NaN, NaN, NaN, NaN, NaN, NaN, NaN, NaN, NaN, NaN, NaN, NaN, NaN, NaN], [NaN, NaN, NaN, NaN, NaN, NaN, NaN, NaN, NaN, NaN, NaN, NaN, NaN, NaN, NaN, NaN, NaN, NaN], [NaN, NaN, NaN, NaN, NaN, NaN, NaN, NaN, NaN, NaN, NaN, NaN, NaN, NaN], [NaN, NaN, NaN, NaN, NaN, NaN, NaN, NaN, NaN, NaN, NaN, NaN, NaN, NaN, NaN, NaN, NaN], [NaN, NaN, NaN, NaN, NaN, NaN, NaN, NaN, NaN, NaN, NaN, NaN, NaN, NaN, NaN], [NaN, NaN, NaN, NaN, NaN, NaN, NaN, NaN, NaN, NaN, NaN, NaN, NaN, NaN], [NaN, NaN, NaN, NaN, NaN, NaN, NaN, NaN, NaN, NaN, NaN, NaN, NaN, NaN, NaN, NaN, NaN, NaN, NaN, NaN, NaN]], "min_fits": [[NaN, 229.0, 199.0, 188.0, 187.0, 187.0, 187.0, 187.0, 187.0, 187.0, 187.0, 187.0, 187.0, 187.0, 187.0], [NaN, 188.0, 188.0, 188.0, 187.0, 187.0, 187.0, 187.0, 187.0, 187.0, 187.0, 187.0, 187.0, 187.0, 187.0], [NaN, 198.0, 193.0, 193.0, 193.0, 192.0, 187.0, 187.0, 187.0, 187.0, 187.0, 187.0, 187.0, 187.0, 187.0, 187.0, 187.0], [NaN, 204.0, 189.0, 189.0, 188.0, 187.0, 187.0, 187.0, 187.0, 187.0, 187.0, 187.0, 187.0, 187.0, 187.0, 187.0], [NaN, 194.0, 193.0, 193.0, 193.0, 193.0, 189.0, 187.0, 187.0, 187.0, 187.0, 187.0, 187.0, 187.0, 187.0, 187.0, 187.0, 187.0], [NaN, 192.0, 192.0, 187.0, 187.0, 187.0, 187.0, 187.0, 187.0, 187.0, 187.0, 187.0, 187.0, 187.0], [NaN, 199.0, 198.0, 194.0, 188.0, 188.0, 187.0, 187.0, 187.0, 187.0, 187.0, 187.0, 187.0, 187.0, 187.0, 187.0, 187.0], [NaN, 189.0, 189.0, 188.0, 187.0, 187.0, 187.0, 187.0, 187.0, 187.0, 187.0, 187.0, 187.0, 187.0, 187.0], [NaN, 188.0, 188.0, 187.0, 187.0, 187.0, 187.0, 187.0, 187.0, 187.0, 187.0, 187.0, 187.0, 187.0], [NaN, 193.0, 192.0, 192.0, 192.0, 192.0, 192.0, 192.0, 192.0, 192.0, 187.0, 187.0, 187.0, 187.0, 187.0, 187.0, 187.0, 187.0, 187.0, 187.0, 187.0]], "max_fits": [[NaN, 289.0, 289.0, 289.0, 264.0, 254.0, 242.0, 268.0, 239.0, 243.0, 239.0, 288.0, 248.0, 198.0, 239.0], [NaN, 289.0, 294.0, 243.0, 233.0, 248.0, 249.0, 284.0, 239.0, 233.0, 242.0, 239.0, 283.0, 238.0, 237.0], [NaN, 269.0, 288.0, 289.0, 263.0, 248.0, 244.0, 283.0, 274.0, 243.0, 237.0, 243.0, 244.0, 243.0, 238.0, 233.0, 238.0], [NaN, 249.0, 299.0, 289.0, 209.0, 238.0, 214.0, 233.0, 199.0, 238.0, 288.0, 213.0, 283.0, 198.0, 234.0, 233.0], [NaN, 294.0, 274.0, 248.0, 253.0, 248.0, 209.0, 244.0, 243.0, 238.0, 239.0, 202.0, 239.0, 198.0, 243.0, 199.0, 203.0, 233.0], [NaN, 294.0, 294.0, 244.0, 243.0, 288.0, 244.0, 229.0, 238.0, 233.0, 243.0, 243.0, 234.0, 243.0], [NaN, 278.0, 288.0, 289.0, 253.0, 294.0, 243.0, 238.0, 283.0, 248.0, 248.0, 237.0, 233.0, 233.0, 238.0, 237.0, 243.0], [NaN, 248.0, 243.0, 242.0, 244.0, 198.0, 198.0, 239.0, 238.0, 239.0, 233.0, 233.0, 233.0, 233.0, 238.0], [NaN, 293.0, 259.0, 243.0, 239.0, 283.0, 288.0, 237.0, 237.0, 208.0, 233.0, 238.0, 218.0, 273.0], [NaN, 258.0, 258.0, 248.0, 279.0, 238.0, 243.0, 243.0, 243.0, 238.0, 239.0, 243.0, 244.0, 233.0, 233.0, 258.0, 239.0, 218.0, 233.0, 198.0, 233.0]], "items_0": [[187.0, 187.0, 187.0, 187.0, 187.0, 187.0, 182.0, 182.0, 169.0, 167.0]], "items_1": [[188.0, 188.0, 188.0, 188.0, 187.0, 187.0, 187.0, 187.0, 187.0, 187.0]], "items_2": [[187.0, 187.0, 187.0, 187.0, 187.0, 187.0, 187.0, 187.0, 183.0, 167.0]], "items_3": [[187.0, 187.0, 187.0, 187.0, 187.0, 187.0, 187.0, 187.0, 187.0, 187.0]], "items_4": [[188.0, 188.0, 187.0, 187.0, 187.0, 187.0, 187.0, 187.0, 182.0, 167.0]], "items_5": [[188.0, 187.0, 187.0, 187.0, 187.0, 187.0, 187.0, 187.0, 187.0, 167.0]], "items_6": [[188.0, 188.0, 187.0, 187.0, 187.0, 187.0, 187.0, 183.0, 182.0, 172.0]], "items_7": [[187.0, 187.0, 187.0, 187.0, 187.0, 187.0, 187.0, 183.0, 179.0, 167.0]], "items_8": [[187.0, 187.0, 187.0, 187.0, 187.0, 187.0, 187.0, 187.0, 187.0, 187.0]], "items_9": [[188.0, 188.0, 187.0, 187.0, 187.0, 187.0, 187.0, 187.0, 187.0, 183.0]]}