{"solver": ["elitist", "elitist", "elitist", "elitist", "elitist", "elitist", "elitist", "elitist", "elitist", "elitist"], "times": [3.427750587463379, 3.849337100982666, 3.374100685119629, 3.7287237644195557, 4.145130157470703, 3.7772088050842285, 4.028218746185303, 4.246773958206177, 4.170515298843384, 3.5008461475372314], "bests": [187.0, 187.0, 187.0, 187.0, 187.0, 187.0, 187.0, 187.0, 187.0, 187.0], "avg_fits": [[NaN, NaN, NaN, NaN, NaN, NaN, NaN, NaN, NaN, NaN, NaN, NaN, NaN], [NaN, NaN, NaN, NaN, NaN, NaN, NaN, NaN, NaN, NaN, NaN, NaN, NaN, NaN, NaN, NaN], [NaN, NaN, NaN, NaN, NaN, NaN, NaN, NaN, NaN, NaN, NaN, NaN, NaN], [NaN, NaN, NaN, NaN, NaN, NaN, NaN, NaN, NaN, NaN, NaN, NaN, NaN, NaN, NaN], [NaN, NaN, NaN, NaN, NaN, NaN, NaN, NaN, NaN, NaN, NaN, NaN, NaN, NaN, NaN, NaN], [NaN, NaN, NaN, NaN, NaN, NaN, NaN, NaN, NaN, NaN, NaN, NaN, NaN, NaN, NaN], [NaN, NaN, NaN, NaN, NaN, NaN, NaN, NaN, NaN, NaN, NaN, NaN, NaN, NaN, NaN], [NaN, NaN, NaN, NaN, NaN, NaN, NaN, NaN, NaN, NaN, NaN, NaN, NaN, NaN, NaN, NaN, NaN], [NaN, NaN, NaN, NaN, NaN, NaN, NaN, NaN, NaN, NaN, NaN, NaN, NaN, NaN, NaN, NaN], [NaN, NaN, NaN, NaN, NaN, NaN, NaN, NaN, NaN, NaN, NaN, NaN, NaN, NaN]], "min_fits": [[NaN, 187.0, 187.0, 187.0, 187.0, 187.0, 187.0, 187.0, 187.0, 187.0, 187.0, 187.0, 187.0], [NaN, 197.0, 192.0, 188.0, 188.0, 187.0, 187.0, 187.0, 187.0, 187.0, 187.0, 187.0, 187.0, 187.0, 187.0, 187.0], [NaN, 192.0, 187.0, 187.0, 187.0, 187.0, 187.0, 187.0, 187.0, 187.0, 187.0, 187.0, 187.0], [209.0, 188.0, 188.0, 188.0, 187.0, 187.0, 187.0, 187.0, 187.0, 187.0, 187.0, 187.0, 187.0, 187.0, 187.0], [NaN, 192.0, 192.0, 192.0, 192.0, 187.0, 187.0, 187.0, 187.0, 187.0, 187.0, 187.0, 187.0, 187.0, 187.0, 187.0], [NaN, 194.0, 193.0, 188.0, 187.0, 187.0, 187.0, 187.0, 187.0, 187.0, 187.0, 187.0, 187.0, 187.0, 187.0], [203.0, 198.0, 193.0, 193.0, 187.0, 187.0, 187.0, 187.0, 187.0, 187.0, 187.0, 187.0, 187.0, 187.0, 187.0], [NaN, 193.0, 193.0, 192.0, 189.0, 189.0, 187.0, 187.0, 187.0, 187.0, 187.0, 187.0, 187.0, 187.0, 187.0, 187.0, 187.0], [NaN, 193.0, 192.0, 188.0, 188.0, 187.0, 187.0, 187.0, 187.0, 187.0, 187.0, 187.0, 187.0, 187.0, 187.0, 187.0], [NaN, 189.0, 189.0, 187.0, 187.0, 187.0, 187.0, 187.0, 187.0, 187.0, 187.0, 187.0, 187.0, 187.0]], "max_fits": [[NaN, 278.0, 239.0, 239.0, 239.0, 288.0, 233.0, 234.0, 218.0, 238.0, 238.0, 244.0, 244.0], [NaN, 289.0, 293.0, 289.0, 239.0, 234.0, 243.0, 239.0, 249.0, 204.0, 234.0, 239.0, 209.0, 243.0, 198.0, 198.0], [NaN, 284.0, 284.0, 248.0, 243.0, 233.0, 238.0, 284.0, 243.0, 234.0, 239.0, 237.0, 197.0], [294.0, 248.0, 259.0, 239.0, 234.0, 234.0, 239.0, 238.0, 234.0, 233.0, 229.0, 233.0, 237.0, 209.0, 233.0], [NaN, 273.0, 244.0, 234.0, 243.0, 243.0, 238.0, 243.0, 209.0, 244.0, 242.0, 233.0, 233.0, 234.0, 243.0, 218.0], [NaN, 243.0, 298.0, 233.0, 238.0, 204.0, 237.0, 248.0, 239.0, 238.0, 239.0, 238.0, 238.0, 238.0, 243.0], [289.0, 278.0, 293.0, 208.0, 204.0, 239.0, 238.0, 239.0, 238.0, 239.0, 228.0, 202.0, 203.0, 233.0, 234.0], [NaN, 263.0, 243.0, 294.0, 239.0, 243.0, 284.0, 289.0, 284.0, 234.0, 228.0, 238.0, 237.0, 239.0, 209.0, 249.0, 204.0], [NaN, 252.0, 279.0, 239.0, 268.0, 248.0, 242.0, 237.0, 233.0, 234.0, 233.0, 198.0, 243.0, 213.0, 239.0, 237.0], [NaN, 243.0, 269.0, 284.0, 238.0, 239.0, 239.0, 283.0, 238.0, 233.0, 242.0, 284.0, 243.0, 243.0]], "items_0": [[187.0, 187.0, 187.0, 187.0, 187.0, 187.0, 187.0, 183.0, 182.0, 172.0]], "items_1": [[187.0, 187.0, 187.0, 187.0, 187.0, 187.0, 187.0, 183.0, 179.0, 167.0]], "items_2": [[187.0, 187.0, 187.0, 187.0, 187.0, 187.0, 187.0, 187.0, 187.0, 173.0]], "items_3": [[189.0, 188.0, 187.0, 187.0, 187.0, 187.0, 187.0, 178.0, 178.0, 174.0]], "items_4": [[187.0, 187.0, 187.0, 187.0, 187.0, 187.0, 183.0, 183.0, 174.0, 167.0]], "items_5": [[188.0, 187.0, 187.0, 187.0, 187.0, 187.0, 187.0, 178.0, 177.0, 167.0]], "items_6": [[188.0, 188.0, 187.0, 187.0, 187.0, 187.0, 178.0, 178.0, 177.0, 168.0]], "items_7": [[187.0, 187.0, 187.0, 187.0, 187.0, 187.0, 187.0, 183.0, 173.0, 169.0]], "items_8": [[192.0, 188.0, 187.0, 187.0, 187.0, 187.0, 187.0, 187.0, 187.0, 177.0]], "items_9": [[188.0, 188.0, 187.0, 187.0, 187.0, 187.0, 187.0, 187.0, 183.0, 168.0]]}