{"solver": ["elitist", "elitist", "elitist", "elitist", "elitist", "elitist", "elitist", "elitist", "elitist", "elitist"], "size": [1658880, 1658880, 1658880, 1658880, 1658880, 1658880, 1658880, 1658880, 1658880, 1658880], "times": [5.170994997024536, 4.306211471557617, 5.491811752319336, 6.431371688842773, 5.5756189823150635, 4.581827640533447, 7.082146644592285, 5.070735216140747, 5.564829349517822, 6.150943040847778], "bests": [187.0, 187.0, 187.0, 187.0, 187.0, 187.0, 187.0, 187.0, 187.0, 187.0], "avg_fits": [[NaN, NaN, NaN, NaN, NaN, NaN, NaN, NaN, NaN, NaN, NaN, NaN, NaN, NaN, NaN], [NaN, NaN, NaN, NaN, NaN, NaN, NaN, NaN, NaN, NaN, NaN, NaN, NaN], [NaN, NaN, NaN, NaN, NaN, NaN, NaN, NaN, NaN, NaN, NaN, NaN, NaN, NaN, NaN, NaN], [NaN, NaN, NaN, NaN, NaN, NaN, NaN, NaN, NaN, NaN, NaN, NaN, NaN, NaN, NaN, NaN, NaN, NaN, NaN, NaN], [NaN, NaN, NaN, NaN, NaN, NaN, NaN, NaN, NaN, NaN, NaN, NaN, NaN, NaN, NaN, NaN, NaN, NaN, NaN], [NaN, NaN, NaN, NaN, NaN, NaN, NaN, NaN, NaN, NaN, NaN, NaN, NaN, NaN, NaN, NaN], [NaN, NaN, NaN, NaN, NaN, NaN, NaN, NaN, NaN, NaN, NaN, NaN, NaN, NaN, NaN, NaN, NaN, NaN, NaN, NaN, NaN, NaN, NaN, NaN, NaN], [NaN, NaN, NaN, NaN, NaN, NaN, NaN, NaN, NaN, NaN, NaN, NaN, NaN, NaN, NaN, NaN, NaN, NaN], [NaN, NaN, NaN, NaN, NaN, NaN, NaN, NaN, NaN, NaN, NaN, NaN, NaN, NaN, NaN, NaN, NaN, NaN, NaN], [NaN, NaN, NaN, NaN, NaN, NaN, NaN, NaN, NaN, NaN, NaN, NaN, NaN, NaN, NaN, NaN, NaN, NaN, NaN, NaN, NaN]], "min_fits": [[NaN, 192.0, 192.0, 192.0, 187.0, 187.0, 187.0, 187.0, 187.0, 187.0, 187.0, 187.0, 187.0, 187.0, 187.0], [NaN, 197.0, 187.0, 187.0, 187.0, 187.0, 187.0, 187.0, 187.0, 187.0, 187.0, 187.0, 187.0], [NaN, 214.0, 209.0, 209.0, 197.0, 187.0, 187.0, 187.0, 187.0, 187.0, 187.0, 187.0, 187.0, 187.0, 187.0, 187.0], [204.0, 199.0, 198.0, 193.0, 188.0, 188.0, 188.0, 188.0, 188.0, 187.0, 187.0, 187.0, 187.0, 187.0, 187.0, 187.0, 187.0, 187.0, 187.0, 187.0], [NaN, 193.0, 188.0, 188.0, 188.0, 188.0, 188.0, 188.0, 187.0, 187.0, 187.0, 187.0, 187.0, 187.0, 187.0, 187.0, 187.0, 187.0, 187.0], [NaN, 234.0, 194.0, 192.0, 189.0, 187.0, 187.0, 187.0, 187.0, 187.0, 187.0, 187.0, 187.0, 187.0, 187.0, 187.0], [218.0, 218.0, 209.0, 198.0, 193.0, 192.0, 192.0, 192.0, 192.0, 192.0, 192.0, 192.0, 192.0, 192.0, 187.0, 187.0, 187.0, 187.0, 187.0, 187.0, 187.0, 187.0, 187.0, 187.0, 187.0], [NaN, 223.0, 214.0, 214.0, 188.0, 188.0, 188.0, 187.0, 187.0, 187.0, 187.0, 187.0, 187.0, 187.0, 187.0, 187.0, 187.0, 187.0], [NaN, 192.0, 192.0, 192.0, 192.0, 192.0, 192.0, 192.0, 187.0, 187.0, 187.0, 187.0, 187.0, 187.0, 187.0, 187.0, 187.0, 187.0, 187.0], [NaN, 203.0, 193.0, 188.0, 188.0, 188.0, 188.0, 188.0, 188.0, 188.0, 187.0, 187.0, 187.0, 187.0, 187.0, 187.0, 187.0, 187.0, 187.0, 187.0, 187.0]], "max_fits": [[NaN, 284.0, 289.0, 244.0, 273.0, 289.0, 238.0, 204.0, 233.0, 239.0, 233.0, 234.0, 234.0, 208.0, 233.0], [NaN, 289.0, 288.0, 249.0, 243.0, 244.0, 237.0, 238.0, 233.0, 239.0, 263.0, 239.0, 233.0], [NaN, 264.0, 243.0, 239.0, 244.0, 238.0, 243.0, 214.0, 213.0, 208.0, 238.0, 202.0, 233.0, 203.0, 233.0, 202.0], [234.0, 269.0, 239.0, 244.0, 244.0, 244.0, 238.0, 234.0, 234.0, 234.0, 238.0, 194.0, 234.0, 208.0, 238.0, 238.0, 228.0, 237.0, 233.0, 242.0], [NaN, 284.0, 253.0, 258.0, 249.0, 238.0, 238.0, 234.0, 238.0, 243.0, 238.0, 238.0, 204.0, 243.0, 233.0, 238.0, 233.0, 253.0, 243.0], [NaN, 283.0, 249.0, 289.0, 264.0, 239.0, 243.0, 238.0, 247.0, 243.0, 234.0, 234.0, 249.0, 254.0, 243.0, 238.0], [248.0, 253.0, 253.0, 254.0, 278.0, 243.0, 208.0, 203.0, 244.0, 203.0, 239.0, 243.0, 238.0, 238.0, 233.0, 242.0, 213.0, 237.0, 242.0, 238.0, 203.0, 198.0, 243.0, 238.0, 238.0], [NaN, 293.0, 293.0, 289.0, 294.0, 244.0, 264.0, 247.0, 243.0, 233.0, 247.0, 249.0, 239.0, 203.0, 233.0, 234.0, 238.0, 243.0], [NaN, 289.0, 288.0, 238.0, 218.0, 238.0, 204.0, 209.0, 239.0, 238.0, 238.0, 239.0, 247.0, 234.0, 233.0, 238.0, 247.0, 284.0, 233.0], [NaN, 249.0, 244.0, 243.0, 243.0, 243.0, 233.0, 238.0, 238.0, 248.0, 238.0, 238.0, 238.0, 198.0, 248.0, 238.0, 243.0, 248.0, 237.0, 234.0, 238.0]], "items_0": [[187.0, 187.0, 187.0, 187.0, 187.0, 187.0, 187.0, 187.0, 187.0, 187.0]], "best_final": [187.0, 187.0, 187.0, 187.0, 187.0, 187.0, 187.0, 187.0, 187.0, 187.0], "items_1": [[192.0, 192.0, 188.0, 188.0, 188.0, 187.0, 187.0, 187.0, 187.0, 187.0]], "items_2": [[187.0, 187.0, 187.0, 187.0, 187.0, 187.0, 187.0, 187.0, 187.0, 187.0]], "items_3": [[187.0, 187.0, 187.0, 187.0, 187.0, 187.0, 187.0, 187.0, 187.0, 187.0]], "items_4": [[192.0, 188.0, 188.0, 188.0, 187.0, 187.0, 187.0, 187.0, 187.0, 187.0]], "items_5": [[187.0, 187.0, 187.0, 187.0, 187.0, 187.0, 187.0, 187.0, 187.0, 187.0]], "items_6": [[192.0, 188.0, 188.0, 188.0, 188.0, 187.0, 187.0, 187.0, 187.0, 187.0]], "items_7": [[188.0, 188.0, 188.0, 188.0, 187.0, 187.0, 187.0, 187.0, 187.0, 187.0]], "items_8": [[192.0, 192.0, 188.0, 187.0, 187.0, 187.0, 187.0, 187.0, 187.0, 187.0]], "items_9": [[192.0, 188.0, 188.0, 187.0, 187.0, 187.0, 187.0, 187.0, 187.0, 187.0]]}