{"solver": ["elitist", "elitist", "elitist", "elitist", "elitist", "elitist", "elitist", "elitist", "elitist", "elitist"], "size": [1658880, 1658880, 1658880, 1658880, 1658880, 1658880, 1658880, 1658880, 1658880, 1658880], "times": [5.738786697387695, 4.309634685516357, 5.0123984813690186, 7.199882507324219, 4.606639623641968, 4.567955017089844, 3.636976718902588, 4.010685682296753, 4.679931879043579, 4.526021242141724], "bests": [187.0, 187.0, 187.0, 187.0, 187.0, 187.0, 187.0, 187.0, 187.0, 187.0], "avg_fits": [[NaN, NaN, NaN, NaN, NaN, NaN, NaN, NaN, NaN, NaN, NaN, NaN, NaN, NaN, NaN, NaN, NaN, NaN, NaN], [NaN, NaN, NaN, NaN, NaN, NaN, NaN, NaN, NaN, NaN, NaN, NaN, NaN, NaN], [NaN, NaN, NaN, NaN, NaN, NaN, NaN, NaN, NaN, NaN, NaN, NaN, NaN, NaN, NaN, NaN, NaN, NaN], [NaN, NaN, NaN, NaN, NaN, NaN, NaN, NaN, NaN, NaN, NaN, NaN, NaN, NaN, NaN, NaN, NaN, NaN, NaN, NaN, NaN, NaN, NaN, NaN], [NaN, NaN, NaN, NaN, NaN, NaN, NaN, NaN, NaN, NaN, NaN, NaN, NaN, NaN, NaN], [NaN, NaN, NaN, NaN, NaN, NaN, NaN, NaN, NaN, NaN, NaN, NaN, NaN, NaN, NaN], [NaN, NaN, NaN, NaN, NaN, NaN, NaN, NaN, NaN, NaN, NaN, NaN, NaN], [NaN, NaN, NaN, NaN, NaN, NaN, NaN, NaN, NaN, NaN, NaN, NaN, NaN, NaN], [NaN, NaN, NaN, NaN, NaN, NaN, NaN, NaN, NaN, NaN, NaN, NaN, NaN, NaN, NaN, NaN], [NaN, NaN, NaN, NaN, NaN, NaN, NaN, NaN, NaN, NaN, NaN, NaN, NaN, NaN, NaN, NaN]], "min_fits": [[NaN, 193.0, 193.0, 189.0, 188.0, 188.0, 188.0, 188.0, 187.0, 187.0, 187.0, 187.0, 187.0, 187.0, 187.0, 187.0, 187.0, 187.0, 187.0], [NaN, 198.0, 197.0, 187.0, 187.0, 187.0, 187.0, 187.0, 187.0, 187.0, 187.0, 187.0, 187.0, 187.0], [238.0, 208.0, 208.0, 194.0, 194.0, 189.0, 189.0, 187.0, 187.0, 187.0, 187.0, 187.0, 187.0, 187.0, 187.0, 187.0, 187.0, 187.0], [NaN, 204.0, 204.0, 203.0, 198.0, 193.0, 193.0, 192.0, 192.0, 192.0, 192.0, 188.0, 188.0, 187.0, 187.0, 187.0, 187.0, 187.0, 187.0, 187.0, 187.0, 187.0, 187.0, 187.0], [189.0, 189.0, 189.0, 189.0, 187.0, 187.0, 187.0, 187.0, 187.0, 187.0, 187.0, 187.0, 187.0, 187.0, 187.0], [NaN, 194.0, 192.0, 192.0, 187.0, 187.0, 187.0, 187.0, 187.0, 187.0, 187.0, 187.0, 187.0, 187.0, 187.0], [NaN, 193.0, 187.0, 187.0, 187.0, 187.0, 187.0, 187.0, 187.0, 187.0, 187.0, 187.0, 187.0], [193.0, 188.0, 188.0, 187.0, 187.0, 187.0, 187.0, 187.0, 187.0, 187.0, 187.0, 187.0, 187.0, 187.0], [NaN, 194.0, 194.0, 188.0, 188.0, 187.0, 187.0, 187.0, 187.0, 187.0, 187.0, 187.0, 187.0, 187.0, 187.0, 187.0], [NaN, 203.0, 199.0, 197.0, 197.0, 187.0, 187.0, 187.0, 187.0, 187.0, 187.0, 187.0, 187.0, 187.0, 187.0, 187.0]], "max_fits": [[NaN, 239.0, 248.0, 239.0, 249.0, 239.0, 239.0, 243.0, 239.0, 238.0, 239.0, 244.0, 233.0, 197.0, 247.0, 248.0, 233.0, 239.0, 238.0], [NaN, 289.0, 249.0, 239.0, 249.0, 248.0, 238.0, 242.0, 238.0, 238.0, 208.0, 233.0, 234.0, 233.0], [242.0, 242.0, 268.0, 243.0, 259.0, 253.0, 248.0, 244.0, 248.0, 204.0, 242.0, 239.0, 238.0, 209.0, 233.0, 238.0, 244.0, 233.0], [NaN, 249.0, 244.0, 249.0, 254.0, 223.0, 258.0, 248.0, 243.0, 238.0, 204.0, 243.0, 243.0, 243.0, 234.0, 234.0, 238.0, 234.0, 238.0, 233.0, 233.0, 238.0, 238.0, 197.0], [244.0, 269.0, 242.0, 284.0, 239.0, 234.0, 239.0, 238.0, 243.0, 242.0, 248.0, 209.0, 198.0, 233.0, 248.0], [NaN, 274.0, 274.0, 264.0, 243.0, 239.0, 232.0, 238.0, 248.0, 243.0, 234.0, 248.0, 208.0, 238.0, 239.0], [NaN, 239.0, 273.0, 254.0, 234.0, 243.0, 248.0, 227.0, 242.0, 237.0, 243.0, 247.0, 247.0], [259.0, 263.0, 258.0, 254.0, 238.0, 227.0, 238.0, 234.0, 244.0, 239.0, 208.0, 237.0, 248.0, 238.0], [NaN, 243.0, 242.0, 249.0, 239.0, 239.0, 234.0, 233.0, 234.0, 223.0, 237.0, 238.0, 232.0, 198.0, 233.0, 247.0], [NaN, 278.0, 259.0, 244.0, 254.0, 248.0, 248.0, 238.0, 237.0, 238.0, 238.0, 238.0, 243.0, 244.0, 204.0, 239.0]], "items_0": [[187.0, 187.0, 187.0, 187.0, 187.0, 187.0, 187.0, 187.0, 187.0, 187.0]], "best_final": [187.0, 187.0, 187.0, 187.0, 187.0, 187.0, 187.0, 187.0, 187.0, 187.0], "items_1": [[192.0, 192.0, 192.0, 189.0, 187.0, 187.0, 187.0, 187.0, 187.0, 187.0]], "items_2": [[187.0, 187.0, 187.0, 187.0, 187.0, 187.0, 187.0, 187.0, 187.0, 187.0]], "items_3": [[193.0, 193.0, 193.0, 192.0, 192.0, 189.0, 187.0, 187.0, 187.0, 187.0]], "items_4": [[197.0, 192.0, 187.0, 187.0, 187.0, 187.0, 187.0, 187.0, 187.0, 187.0]], "items_5": [[193.0, 193.0, 192.0, 192.0, 188.0, 187.0, 187.0, 187.0, 187.0, 187.0]], "items_6": [[192.0, 189.0, 188.0, 188.0, 188.0, 188.0, 187.0, 187.0, 187.0, 187.0]], "items_7": [[188.0, 187.0, 187.0, 187.0, 187.0, 187.0, 187.0, 187.0, 187.0, 187.0]], "items_8": [[188.0, 188.0, 187.0, 187.0, 187.0, 187.0, 187.0, 187.0, 187.0, 187.0]], "items_9": [[187.0, 187.0, 187.0, 187.0, 187.0, 187.0, 187.0, 187.0, 187.0, 187.0]]}